2026-06-17 17:56:00 | INFO     | fetcher                   | Logger initialised → logs\fetcher.log
2026-06-17 17:56:00 | INFO     | fetcher                   | Building full US stock universe from NASDAQ FTP...
2026-06-17 17:56:00 | INFO     | fetcher                   | Fetching NASDAQ listed tickers from NASDAQ FTP...
2026-06-17 17:56:10 | INFO     | fetcher                   | NASDAQ listed: 3897 tickers fetched
2026-06-17 17:56:10 | INFO     | fetcher                   | Fetching NYSE/other listed tickers from NASDAQ FTP...
2026-06-17 17:56:13 | INFO     | fetcher                   | NYSE/other listed: 2684 tickers fetched
2026-06-17 17:56:13 | INFO     | fetcher                   | Full universe built | NASDAQ: 3897 | NYSE/Other: 2684 | Indices: 3 | Sectors: 11 | Total unique: 6595
2026-06-17 17:56:35 | INFO     | fetcher                   | smart_fetch | Full fetch needed: 6595 tickers | Incremental: 0 tickers
2026-06-17 17:56:35 | INFO     | fetcher                   | Full fetch: 2026-04-19 to 2026-06-17
2026-06-17 17:56:35 | INFO     | fetcher                   | Fetching 6595 tickers | 132 batches of 50 | Period: 2026-04-19 to 2026-06-17
2026-06-17 17:56:35 | INFO     | fetcher                   | Batch 1/132 | 50 tickers
2026-06-17 17:56:43 | WARNING  | fetcher                   | AACOU | yfinance returned empty DataFrame
2026-06-17 17:56:43 | WARNING  | fetcher                   | AA | yfinance returned empty DataFrame
2026-06-17 17:56:43 | WARNING  | fetcher                   | AACBR | yfinance returned empty DataFrame
2026-06-17 17:56:43 | WARNING  | fetcher                   | AACIU | yfinance returned empty DataFrame
2026-06-17 17:56:43 | WARNING  | fetcher                   | A | yfinance returned empty DataFrame
2026-06-17 17:56:43 | WARNING  | fetcher                   | AACIW | yfinance returned empty DataFrame
2026-06-17 17:56:43 | WARNING  | fetcher                   | AACG | yfinance returned empty DataFrame
2026-06-17 17:56:43 | WARNING  | fetcher                   | AACO | yfinance returned empty DataFrame
2026-06-17 17:56:43 | WARNING  | fetcher                   | AACP | yfinance returned empty DataFrame
2026-06-17 17:56:43 | WARNING  | fetcher                   | AACOW | yfinance returned empty DataFrame
2026-06-17 17:56:43 | WARNING  | fetcher                   | AACPW | yfinance returned empty DataFrame
2026-06-17 17:56:43 | WARNING  | fetcher                   | AAL | yfinance returned empty DataFrame
2026-06-17 17:56:43 | WARNING  | fetcher                   | AACPU | yfinance returned empty DataFrame
2026-06-17 17:56:43 | WARNING  | fetcher                   | AACPR | yfinance returned empty DataFrame
2026-06-17 17:56:43 | WARNING  | fetcher                   | AADX | yfinance returned empty DataFrame
2026-06-17 17:56:43 | WARNING  | fetcher                   | AAMI | yfinance returned empty DataFrame
2026-06-17 17:56:43 | WARNING  | fetcher                   | AAPG | yfinance returned empty DataFrame
2026-06-17 17:56:43 | WARNING  | fetcher                   | AAON | yfinance returned empty DataFrame
2026-06-17 17:56:44 | WARNING  | fetcher                   | AAOI | yfinance returned empty DataFrame
2026-06-17 17:56:44 | WARNING  | fetcher                   | AAP | yfinance returned empty DataFrame
2026-06-17 17:56:44 | WARNING  | fetcher                   | AARD | yfinance returned empty DataFrame
2026-06-17 17:56:44 | WARNING  | fetcher                   | ABBV | yfinance returned empty DataFrame
2026-06-17 17:56:44 | WARNING  | fetcher                   | AAPL | yfinance returned empty DataFrame
2026-06-17 17:56:44 | WARNING  | fetcher                   | AB | yfinance returned empty DataFrame
2026-06-17 17:56:44 | WARNING  | fetcher                   | AAT | yfinance returned empty DataFrame
2026-06-17 17:56:44 | WARNING  | fetcher                   | AAUC | yfinance returned empty DataFrame
2026-06-17 17:56:44 | WARNING  | fetcher                   | ABAT | yfinance returned empty DataFrame
2026-06-17 17:56:44 | WARNING  | fetcher                   | ABCB | yfinance returned empty DataFrame
2026-06-17 17:56:44 | WARNING  | fetcher                   | ABCL | yfinance returned empty DataFrame
2026-06-17 17:56:44 | WARNING  | fetcher                   | ABEO | yfinance returned empty DataFrame
2026-06-17 17:56:44 | WARNING  | fetcher                   | ABEV | yfinance returned empty DataFrame
2026-06-17 17:56:44 | WARNING  | fetcher                   | ABG | yfinance returned empty DataFrame
2026-06-17 17:56:44 | WARNING  | fetcher                   | ABLVW | yfinance returned empty DataFrame
2026-06-17 17:56:44 | WARNING  | fetcher                   | ABM | yfinance returned empty DataFrame
2026-06-17 17:56:44 | WARNING  | fetcher                   | ABNB | yfinance returned empty DataFrame
2026-06-17 17:56:44 | WARNING  | fetcher                   | ABOS | yfinance returned empty DataFrame
2026-06-17 17:56:44 | WARNING  | fetcher                   | ABR | yfinance returned empty DataFrame
2026-06-17 17:56:44 | WARNING  | fetcher                   | ABSI | yfinance returned empty DataFrame
2026-06-17 17:56:44 | WARNING  | fetcher                   | ABT | yfinance returned empty DataFrame
2026-06-17 17:56:44 | WARNING  | fetcher                   | ABTC | yfinance returned empty DataFrame
2026-06-17 17:56:44 | WARNING  | fetcher                   | ABTS | yfinance returned empty DataFrame
2026-06-17 17:56:44 | WARNING  | fetcher                   | ABUS | yfinance returned empty DataFrame
2026-06-17 17:56:44 | WARNING  | fetcher                   | ABVC | yfinance returned empty DataFrame
2026-06-17 17:56:44 | WARNING  | fetcher                   | ABVX | yfinance returned empty DataFrame
2026-06-17 17:56:44 | WARNING  | fetcher                   | ABX | yfinance returned empty DataFrame
2026-06-17 17:56:44 | WARNING  | fetcher                   | ABXL | yfinance returned empty DataFrame
2026-06-17 17:56:44 | WARNING  | fetcher                   | ACAA | yfinance returned empty DataFrame
2026-06-17 17:56:44 | WARNING  | fetcher                   | ACA | yfinance returned empty DataFrame
2026-06-17 17:56:52 | WARNING  | fetcher                   | AACBU | yfinance returned empty DataFrame
2026-06-17 17:56:52 | WARNING  | fetcher                   | AACI | yfinance returned empty DataFrame
2026-06-17 17:56:52 | WARNING  | fetcher                   | Batch: 50 tickers failed: ['AACOU', 'AA', 'AACBR', 'AACIU', 'A', 'AACIW', 'AACG', 'AACO', 'AACP', 'AACOW']...
2026-06-17 17:56:52 | WARNING  | fetcher                   | Batch returned no data
2026-06-17 17:56:52 | INFO     | fetcher                   | Batch 2/132 | 50 tickers
2026-06-17 17:57:04 | WARNING  | fetcher                   | ACAAU | yfinance returned empty DataFrame
2026-06-17 17:57:04 | WARNING  | fetcher                   | ACAAW | yfinance returned empty DataFrame
2026-06-17 17:57:04 | WARNING  | fetcher                   | ACAD | yfinance returned empty DataFrame
2026-06-17 17:57:05 | WARNING  | fetcher                   | ACB | yfinance returned empty DataFrame
2026-06-17 17:57:05 | WARNING  | fetcher                   | ACCL | yfinance returned empty DataFrame
2026-06-17 17:57:05 | WARNING  | fetcher                   | ACCS | yfinance returned empty DataFrame
2026-06-17 17:57:05 | WARNING  | fetcher                   | ACGC | yfinance returned empty DataFrame
2026-06-17 17:57:05 | WARNING  | fetcher                   | ACFN | yfinance returned empty DataFrame
2026-06-17 17:57:05 | WARNING  | fetcher                   | ACGCU | yfinance returned empty DataFrame
2026-06-17 17:57:05 | WARNING  | fetcher                   | ACCO | yfinance returned empty DataFrame
2026-06-17 17:57:05 | WARNING  | fetcher                   | ACDC | yfinance returned empty DataFrame
2026-06-17 17:57:05 | WARNING  | fetcher                   | ACEL | yfinance returned empty DataFrame
2026-06-17 17:57:05 | WARNING  | fetcher                   | ACET | yfinance returned empty DataFrame
2026-06-17 17:57:05 | WARNING  | fetcher                   | ACGCW | yfinance returned empty DataFrame
2026-06-17 17:57:05 | WARNING  | fetcher                   | ACGL | yfinance returned empty DataFrame
2026-06-17 17:57:05 | WARNING  | fetcher                   | ACGLO | yfinance returned empty DataFrame
2026-06-17 17:57:05 | WARNING  | fetcher                   | ACGLN | yfinance returned empty DataFrame
2026-06-17 17:57:05 | WARNING  | fetcher                   | ACH | yfinance returned empty DataFrame
2026-06-17 17:57:05 | WARNING  | fetcher                   | ACHC | yfinance returned empty DataFrame
2026-06-17 17:57:05 | WARNING  | fetcher                   | ACHV | yfinance returned empty DataFrame
2026-06-17 17:57:05 | WARNING  | fetcher                   | ACIU | yfinance returned empty DataFrame
2026-06-17 17:57:05 | WARNING  | fetcher                   | ACHR | yfinance returned empty DataFrame
2026-06-17 17:57:05 | WARNING  | fetcher                   | ACI | yfinance returned empty DataFrame
2026-06-17 17:57:05 | WARNING  | fetcher                   | ACIC | yfinance returned empty DataFrame
2026-06-17 17:57:05 | WARNING  | fetcher                   | ACIW | yfinance returned empty DataFrame
2026-06-17 17:57:05 | WARNING  | fetcher                   | ACMR | yfinance returned empty DataFrame
2026-06-17 17:57:05 | WARNING  | fetcher                   | ACLS | yfinance returned empty DataFrame
2026-06-17 17:57:05 | WARNING  | fetcher                   | ACM | yfinance returned empty DataFrame
2026-06-17 17:57:05 | WARNING  | fetcher                   | ACN | yfinance returned empty DataFrame
2026-06-17 17:57:05 | WARNING  | fetcher                   | ACNT | yfinance returned empty DataFrame
2026-06-17 17:57:05 | WARNING  | fetcher                   | ACOG | yfinance returned empty DataFrame
2026-06-17 17:57:05 | WARNING  | fetcher                   | ACNB | yfinance returned empty DataFrame
2026-06-17 17:57:05 | WARNING  | fetcher                   | ACON | yfinance returned empty DataFrame
2026-06-17 17:57:05 | WARNING  | fetcher                   | ACONW | yfinance returned empty DataFrame
2026-06-17 17:57:05 | WARNING  | fetcher                   | ACP | yfinance returned empty DataFrame
2026-06-17 17:57:05 | WARNING  | fetcher                   | ACR | yfinance returned empty DataFrame
2026-06-17 17:57:05 | WARNING  | fetcher                   | ACRE | yfinance returned empty DataFrame
2026-06-17 17:57:05 | WARNING  | fetcher                   | ACRS | yfinance returned empty DataFrame
2026-06-17 17:57:05 | WARNING  | fetcher                   | ACT | yfinance returned empty DataFrame
2026-06-17 17:57:05 | WARNING  | fetcher                   | ACRV | yfinance returned empty DataFrame
2026-06-17 17:57:05 | WARNING  | fetcher                   | ACV | yfinance returned empty DataFrame
2026-06-17 17:57:05 | WARNING  | fetcher                   | ACTU | yfinance returned empty DataFrame
2026-06-17 17:57:05 | WARNING  | fetcher                   | ACVA | yfinance returned empty DataFrame
2026-06-17 17:57:05 | WARNING  | fetcher                   | ACU | yfinance returned empty DataFrame
2026-06-17 17:57:05 | WARNING  | fetcher                   | ACTG | yfinance returned empty DataFrame
2026-06-17 17:57:05 | WARNING  | fetcher                   | AD | yfinance returned empty DataFrame
2026-06-17 17:57:05 | WARNING  | fetcher                   | ADAC | yfinance returned empty DataFrame
2026-06-17 17:57:05 | WARNING  | fetcher                   | ACXP | yfinance returned empty DataFrame
2026-06-17 17:57:05 | WARNING  | fetcher                   | ADACU | yfinance returned empty DataFrame
2026-06-17 17:57:05 | WARNING  | fetcher                   | ADACW | yfinance returned empty DataFrame
2026-06-17 17:57:05 | WARNING  | fetcher                   | Batch: 50 tickers failed: ['ACAAU', 'ACAAW', 'ACAD', 'ACB', 'ACCL', 'ACCS', 'ACGC', 'ACFN', 'ACGCU', 'ACCO']...
2026-06-17 17:57:05 | WARNING  | fetcher                   | Batch returned no data
2026-06-17 17:57:05 | INFO     | fetcher                   | Batch 3/132 | 50 tickers
2026-06-17 17:57:05 | WARNING  | fetcher                   | ADAG | yfinance returned empty DataFrame
2026-06-17 17:57:05 | WARNING  | fetcher                   | ADAM | yfinance returned empty DataFrame
2026-06-17 17:57:05 | WARNING  | fetcher                   | ADAMG | yfinance returned empty DataFrame
2026-06-17 17:57:05 | WARNING  | fetcher                   | ADAMH | yfinance returned empty DataFrame
2026-06-17 17:57:05 | WARNING  | fetcher                   | ADBE | yfinance returned empty DataFrame
2026-06-17 17:57:05 | WARNING  | fetcher                   | ADAMN | yfinance returned empty DataFrame
2026-06-17 17:57:05 | WARNING  | fetcher                   | ADC | yfinance returned empty DataFrame
2026-06-17 17:57:05 | WARNING  | fetcher                   | ADCT | yfinance returned empty DataFrame
2026-06-17 17:57:05 | WARNING  | fetcher                   | ADAMI | yfinance returned empty DataFrame
2026-06-17 17:57:05 | WARNING  | fetcher                   | ADAML | yfinance returned empty DataFrame
2026-06-17 17:57:05 | WARNING  | fetcher                   | ADAMM | yfinance returned empty DataFrame
2026-06-17 17:57:05 | WARNING  | fetcher                   | ADAMO | yfinance returned empty DataFrame
2026-06-17 17:57:05 | WARNING  | fetcher                   | ADAMZ | yfinance returned empty DataFrame
2026-06-17 17:57:05 | WARNING  | fetcher                   | ADEA | yfinance returned empty DataFrame
2026-06-17 17:57:05 | WARNING  | fetcher                   | ADGM | yfinance returned empty DataFrame
2026-06-17 17:57:05 | WARNING  | fetcher                   | ADIL | yfinance returned empty DataFrame
2026-06-17 17:57:05 | WARNING  | fetcher                   | ADI | yfinance returned empty DataFrame
2026-06-17 17:57:05 | WARNING  | fetcher                   | ADM | yfinance returned empty DataFrame
2026-06-17 17:57:05 | WARNING  | fetcher                   | ADMA | yfinance returned empty DataFrame
2026-06-17 17:57:05 | WARNING  | fetcher                   | ADNT | yfinance returned empty DataFrame
2026-06-17 17:57:05 | WARNING  | fetcher                   | ADP | yfinance returned empty DataFrame
2026-06-17 17:57:05 | WARNING  | fetcher                   | ADPT | yfinance returned empty DataFrame
2026-06-17 17:57:05 | WARNING  | fetcher                   | ADSE | yfinance returned empty DataFrame
2026-06-17 17:57:05 | WARNING  | fetcher                   | ADSEW | yfinance returned empty DataFrame
2026-06-17 17:57:05 | WARNING  | fetcher                   | ADSK | yfinance returned empty DataFrame
2026-06-17 17:57:05 | WARNING  | fetcher                   | ADT | yfinance returned empty DataFrame
2026-06-17 17:57:05 | WARNING  | fetcher                   | ADTN | yfinance returned empty DataFrame
2026-06-17 17:57:05 | WARNING  | fetcher                   | ADUS | yfinance returned empty DataFrame
2026-06-17 17:57:05 | WARNING  | fetcher                   | ADUR | yfinance returned empty DataFrame
2026-06-17 17:57:05 | WARNING  | fetcher                   | ADVB | yfinance returned empty DataFrame
2026-06-17 17:57:05 | WARNING  | fetcher                   | ADV | yfinance returned empty DataFrame
2026-06-17 17:57:05 | WARNING  | fetcher                   | ADX | yfinance returned empty DataFrame
2026-06-17 17:57:05 | WARNING  | fetcher                   | AEAQ | yfinance returned empty DataFrame
2026-06-17 17:57:05 | WARNING  | fetcher                   | ADXN | yfinance returned empty DataFrame
2026-06-17 17:57:05 | WARNING  | fetcher                   | AEAQU | yfinance returned empty DataFrame
2026-06-17 17:57:05 | WARNING  | fetcher                   | AEBI | yfinance returned empty DataFrame
2026-06-17 17:57:05 | WARNING  | fetcher                   | AEAQW | yfinance returned empty DataFrame
2026-06-17 17:57:05 | WARNING  | fetcher                   | AEC | yfinance returned empty DataFrame
2026-06-17 17:57:05 | WARNING  | fetcher                   | AEF | yfinance returned empty DataFrame
2026-06-17 17:57:05 | WARNING  | fetcher                   | AEE | yfinance returned empty DataFrame
2026-06-17 17:57:05 | WARNING  | fetcher                   | AEFC | yfinance returned empty DataFrame
2026-06-17 17:57:05 | WARNING  | fetcher                   | AEG | yfinance returned empty DataFrame
2026-06-17 17:57:05 | WARNING  | fetcher                   | AEHL | yfinance returned empty DataFrame
2026-06-17 17:57:05 | WARNING  | fetcher                   | AEI | yfinance returned empty DataFrame
2026-06-17 17:57:05 | WARNING  | fetcher                   | AEHR | yfinance returned empty DataFrame
2026-06-17 17:57:05 | WARNING  | fetcher                   | AEM | yfinance returned empty DataFrame
2026-06-17 17:57:05 | WARNING  | fetcher                   | AENT | yfinance returned empty DataFrame
2026-06-17 17:57:05 | WARNING  | fetcher                   | AEIS | yfinance returned empty DataFrame
2026-06-17 17:57:05 | WARNING  | fetcher                   | AEMD | yfinance returned empty DataFrame
2026-06-17 17:57:05 | WARNING  | fetcher                   | AENTW | yfinance returned empty DataFrame
2026-06-17 17:57:05 | WARNING  | fetcher                   | Batch: 50 tickers failed: ['ADAG', 'ADAM', 'ADAMG', 'ADAMH', 'ADBE', 'ADAMN', 'ADC', 'ADCT', 'ADAMI', 'ADAML']...
2026-06-17 17:57:05 | WARNING  | fetcher                   | Batch returned no data
2026-06-17 17:57:05 | INFO     | fetcher                   | Batch 4/132 | 50 tickers
2026-06-17 17:57:05 | WARNING  | fetcher                   | AEO | yfinance returned empty DataFrame
2026-06-17 17:57:05 | WARNING  | fetcher                   | AEON | yfinance returned empty DataFrame
2026-06-17 17:57:05 | WARNING  | fetcher                   | AEP | yfinance returned empty DataFrame
2026-06-17 17:57:05 | WARNING  | fetcher                   | AER | yfinance returned empty DataFrame
2026-06-17 17:57:05 | WARNING  | fetcher                   | AERO | yfinance returned empty DataFrame
2026-06-17 17:57:05 | WARNING  | fetcher                   | AERTW | yfinance returned empty DataFrame
2026-06-17 17:57:05 | WARNING  | fetcher                   | AES | yfinance returned empty DataFrame
2026-06-17 17:57:05 | WARNING  | fetcher                   | AEXA | yfinance returned empty DataFrame
2026-06-17 17:57:05 | WARNING  | fetcher                   | AEYE | yfinance returned empty DataFrame
2026-06-17 17:57:05 | WARNING  | fetcher                   | AFB | yfinance returned empty DataFrame
2026-06-17 17:57:05 | WARNING  | fetcher                   | AESI | yfinance returned empty DataFrame
2026-06-17 17:57:05 | WARNING  | fetcher                   | AESPU | yfinance returned empty DataFrame
2026-06-17 17:57:05 | WARNING  | fetcher                   | AEVA | yfinance returned empty DataFrame
2026-06-17 17:57:06 | WARNING  | fetcher                   | AFCG | yfinance returned empty DataFrame
2026-06-17 17:57:06 | WARNING  | fetcher                   | AFBI | yfinance returned empty DataFrame
2026-06-17 17:57:06 | WARNING  | fetcher                   | AFG | yfinance returned empty DataFrame
2026-06-17 17:57:06 | WARNING  | fetcher                   | AFGB | yfinance returned empty DataFrame
2026-06-17 17:57:06 | WARNING  | fetcher                   | AFGC | yfinance returned empty DataFrame
2026-06-17 17:57:06 | WARNING  | fetcher                   | AFL | yfinance returned empty DataFrame
2026-06-17 17:57:06 | WARNING  | fetcher                   | AFGE | yfinance returned empty DataFrame
2026-06-17 17:57:06 | WARNING  | fetcher                   | AFGD | yfinance returned empty DataFrame
2026-06-17 17:57:06 | WARNING  | fetcher                   | AFRI | yfinance returned empty DataFrame
2026-06-17 17:57:06 | WARNING  | fetcher                   | AFRIW | yfinance returned empty DataFrame
2026-06-17 17:57:06 | WARNING  | fetcher                   | AFRM | yfinance returned empty DataFrame
2026-06-17 17:57:06 | WARNING  | fetcher                   | AFYA | yfinance returned empty DataFrame
2026-06-17 17:57:06 | WARNING  | fetcher                   | AGBK | yfinance returned empty DataFrame
2026-06-17 17:57:06 | WARNING  | fetcher                   | AG | yfinance returned empty DataFrame
2026-06-17 17:57:06 | WARNING  | fetcher                   | AGCC | yfinance returned empty DataFrame
2026-06-17 17:57:06 | WARNING  | fetcher                   | AGCO | yfinance returned empty DataFrame
2026-06-17 17:57:06 | WARNING  | fetcher                   | AGD | yfinance returned empty DataFrame
2026-06-17 17:57:06 | WARNING  | fetcher                   | AGEN | yfinance returned empty DataFrame
2026-06-17 17:57:06 | WARNING  | fetcher                   | AGI | yfinance returned empty DataFrame
2026-06-17 17:57:06 | WARNING  | fetcher                   | AGIG | yfinance returned empty DataFrame
2026-06-17 17:57:06 | WARNING  | fetcher                   | AGIO | yfinance returned empty DataFrame
2026-06-17 17:57:06 | WARNING  | fetcher                   | AGL | yfinance returned empty DataFrame
2026-06-17 17:57:06 | WARNING  | fetcher                   | AGM.A | yfinance returned empty DataFrame
2026-06-17 17:57:06 | WARNING  | fetcher                   | AGM | yfinance returned empty DataFrame
2026-06-17 17:57:06 | WARNING  | fetcher                   | AGMB | yfinance returned empty DataFrame
2026-06-17 17:57:06 | WARNING  | fetcher                   | AGNC | yfinance returned empty DataFrame
2026-06-17 17:57:06 | WARNING  | fetcher                   | AGNCM | yfinance returned empty DataFrame
2026-06-17 17:57:06 | WARNING  | fetcher                   | AGNCO | yfinance returned empty DataFrame
2026-06-17 17:57:06 | WARNING  | fetcher                   | AGNCN | yfinance returned empty DataFrame
2026-06-17 17:57:06 | WARNING  | fetcher                   | AGNCP | yfinance returned empty DataFrame
2026-06-17 17:57:06 | WARNING  | fetcher                   | AGNCL | yfinance returned empty DataFrame
2026-06-17 17:57:06 | WARNING  | fetcher                   | AGNCZ | yfinance returned empty DataFrame
2026-06-17 17:57:06 | WARNING  | fetcher                   | AGO | yfinance returned empty DataFrame
2026-06-17 17:57:06 | WARNING  | fetcher                   | AGNT | yfinance returned empty DataFrame
2026-06-17 17:57:06 | WARNING  | fetcher                   | AGRO | yfinance returned empty DataFrame
2026-06-17 17:57:06 | WARNING  | fetcher                   | AGX | yfinance returned empty DataFrame
2026-06-17 17:57:06 | WARNING  | fetcher                   | AGPU | yfinance returned empty DataFrame
2026-06-17 17:57:06 | WARNING  | fetcher                   | Batch: 50 tickers failed: ['AEO', 'AEON', 'AEP', 'AER', 'AERO', 'AERTW', 'AES', 'AEXA', 'AEYE', 'AFB']...
2026-06-17 17:57:06 | WARNING  | fetcher                   | Batch returned no data
2026-06-17 17:57:06 | INFO     | fetcher                   | Batch 5/132 | 50 tickers
2026-06-17 17:57:06 | WARNING  | fetcher                   | AGYS | yfinance returned empty DataFrame
2026-06-17 17:57:06 | WARNING  | fetcher                   | AHCO | yfinance returned empty DataFrame
2026-06-17 17:57:06 | WARNING  | fetcher                   | AHG | yfinance returned empty DataFrame
2026-06-17 17:57:06 | WARNING  | fetcher                   | AHMA | yfinance returned empty DataFrame
2026-06-17 17:57:06 | WARNING  | fetcher                   | AHR | yfinance returned empty DataFrame
2026-06-17 17:57:06 | WARNING  | fetcher                   | AHRT | yfinance returned empty DataFrame
2026-06-17 17:57:06 | WARNING  | fetcher                   | AIBZ | yfinance returned empty DataFrame
2026-06-17 17:57:06 | WARNING  | fetcher                   | AIDX | yfinance returned empty DataFrame
2026-06-17 17:57:06 | WARNING  | fetcher                   | AIFF | yfinance returned empty DataFrame
2026-06-17 17:57:06 | WARNING  | fetcher                   | AIFC | yfinance returned empty DataFrame
2026-06-17 17:57:06 | WARNING  | fetcher                   | AHT | yfinance returned empty DataFrame
2026-06-17 17:57:06 | WARNING  | fetcher                   | AIAI | yfinance returned empty DataFrame
2026-06-17 17:57:06 | WARNING  | fetcher                   | AI | yfinance returned empty DataFrame
2026-06-17 17:57:06 | WARNING  | fetcher                   | AIB | yfinance returned empty DataFrame
2026-06-17 17:57:06 | WARNING  | fetcher                   | AIFU | yfinance returned empty DataFrame
2026-06-17 17:57:06 | WARNING  | fetcher                   | AIIR | yfinance returned empty DataFrame
2026-06-17 17:57:06 | WARNING  | fetcher                   | AIG | yfinance returned empty DataFrame
2026-06-17 17:57:06 | WARNING  | fetcher                   | AIIA | yfinance returned empty DataFrame
2026-06-17 17:57:06 | WARNING  | fetcher                   | AII | yfinance returned empty DataFrame
2026-06-17 17:57:06 | WARNING  | fetcher                   | AIIO | yfinance returned empty DataFrame
2026-06-17 17:57:06 | WARNING  | fetcher                   | AIIOW | yfinance returned empty DataFrame
2026-06-17 17:57:06 | WARNING  | fetcher                   | AIHS | yfinance returned empty DataFrame
2026-06-17 17:57:06 | WARNING  | fetcher                   | AIM | yfinance returned empty DataFrame
2026-06-17 17:57:06 | WARNING  | fetcher                   | AIMD | yfinance returned empty DataFrame
2026-06-17 17:57:06 | WARNING  | fetcher                   | AIMDW | yfinance returned empty DataFrame
2026-06-17 17:57:06 | WARNING  | fetcher                   | AIN | yfinance returned empty DataFrame
2026-06-17 17:57:06 | WARNING  | fetcher                   | AIO | yfinance returned empty DataFrame
2026-06-17 17:57:06 | WARNING  | fetcher                   | AIOS | yfinance returned empty DataFrame
2026-06-17 17:57:06 | WARNING  | fetcher                   | AIOT | yfinance returned empty DataFrame
2026-06-17 17:57:06 | WARNING  | fetcher                   | AIR | yfinance returned empty DataFrame
2026-06-17 17:57:06 | WARNING  | fetcher                   | AIP | yfinance returned empty DataFrame
2026-06-17 17:57:06 | WARNING  | fetcher                   | AIRE | yfinance returned empty DataFrame
2026-06-17 17:57:06 | WARNING  | fetcher                   | AIRG | yfinance returned empty DataFrame
2026-06-17 17:57:06 | WARNING  | fetcher                   | AIRI | yfinance returned empty DataFrame
2026-06-17 17:57:06 | WARNING  | fetcher                   | AIRT | yfinance returned empty DataFrame
2026-06-17 17:57:06 | WARNING  | fetcher                   | AIRO | yfinance returned empty DataFrame
2026-06-17 17:57:06 | WARNING  | fetcher                   | AIRJ | yfinance returned empty DataFrame
2026-06-17 17:57:06 | WARNING  | fetcher                   | AIRS | yfinance returned empty DataFrame
2026-06-17 17:57:06 | WARNING  | fetcher                   | AIRJW | yfinance returned empty DataFrame
2026-06-17 17:57:06 | WARNING  | fetcher                   | AISP | yfinance returned empty DataFrame
2026-06-17 17:57:06 | WARNING  | fetcher                   | AIRTP | yfinance returned empty DataFrame
2026-06-17 17:57:06 | WARNING  | fetcher                   | AISPW | yfinance returned empty DataFrame
2026-06-17 17:57:06 | WARNING  | fetcher                   | AIT | yfinance returned empty DataFrame
2026-06-17 17:57:06 | WARNING  | fetcher                   | AIV | yfinance returned empty DataFrame
2026-06-17 17:57:06 | WARNING  | fetcher                   | AIXI | yfinance returned empty DataFrame
2026-06-17 17:57:06 | WARNING  | fetcher                   | AIXC | yfinance returned empty DataFrame
2026-06-17 17:57:06 | WARNING  | fetcher                   | AIZN | yfinance returned empty DataFrame
2026-06-17 17:57:06 | WARNING  | fetcher                   | AJG | yfinance returned empty DataFrame
2026-06-17 17:57:06 | WARNING  | fetcher                   | AKA | yfinance returned empty DataFrame
2026-06-17 17:57:06 | WARNING  | fetcher                   | AIZ | yfinance returned empty DataFrame
2026-06-17 17:57:06 | WARNING  | fetcher                   | Batch: 50 tickers failed: ['AGYS', 'AHCO', 'AHG', 'AHMA', 'AHR', 'AHRT', 'AIBZ', 'AIDX', 'AIFF', 'AIFC']...
2026-06-17 17:57:06 | WARNING  | fetcher                   | Batch returned no data
2026-06-17 17:57:06 | INFO     | fetcher                   | Batch 6/132 | 50 tickers
2026-06-17 17:57:06 | WARNING  | fetcher                   | AKAM | yfinance returned empty DataFrame
2026-06-17 17:57:06 | WARNING  | fetcher                   | AKAN | yfinance returned empty DataFrame
2026-06-17 17:57:06 | WARNING  | fetcher                   | AKBA | yfinance returned empty DataFrame
2026-06-17 17:57:06 | WARNING  | fetcher                   | AKO.A | yfinance returned empty DataFrame
2026-06-17 17:57:06 | WARNING  | fetcher                   | AKO.B | yfinance returned empty DataFrame
2026-06-17 17:57:06 | WARNING  | fetcher                   | ALB | yfinance returned empty DataFrame
2026-06-17 17:57:06 | WARNING  | fetcher                   | ALCO | yfinance returned empty DataFrame
2026-06-17 17:57:06 | WARNING  | fetcher                   | AKR | yfinance returned empty DataFrame
2026-06-17 17:57:06 | WARNING  | fetcher                   | ALC | yfinance returned empty DataFrame
2026-06-17 17:57:06 | WARNING  | fetcher                   | AKTS | yfinance returned empty DataFrame
2026-06-17 17:57:06 | WARNING  | fetcher                   | AKTX | yfinance returned empty DataFrame
2026-06-17 17:57:06 | WARNING  | fetcher                   | ALAB | yfinance returned empty DataFrame
2026-06-17 17:57:06 | WARNING  | fetcher                   | ALAR | yfinance returned empty DataFrame
2026-06-17 17:57:06 | WARNING  | fetcher                   | ALDFU | yfinance returned empty DataFrame
2026-06-17 17:57:07 | WARNING  | fetcher                   | ALDF | yfinance returned empty DataFrame
2026-06-17 17:57:07 | WARNING  | fetcher                   | ALDFW | yfinance returned empty DataFrame
2026-06-17 17:57:07 | WARNING  | fetcher                   | ALF | yfinance returned empty DataFrame
2026-06-17 17:57:07 | WARNING  | fetcher                   | ALEC | yfinance returned empty DataFrame
2026-06-17 17:57:07 | WARNING  | fetcher                   | ALDX | yfinance returned empty DataFrame
2026-06-17 17:57:07 | WARNING  | fetcher                   | ALFUW | yfinance returned empty DataFrame
2026-06-17 17:57:07 | WARNING  | fetcher                   | ALFUU | yfinance returned empty DataFrame
2026-06-17 17:57:07 | WARNING  | fetcher                   | ALGM | yfinance returned empty DataFrame
2026-06-17 17:57:07 | WARNING  | fetcher                   | ALGN | yfinance returned empty DataFrame
2026-06-17 17:57:07 | WARNING  | fetcher                   | ALG | yfinance returned empty DataFrame
2026-06-17 17:57:07 | WARNING  | fetcher                   | ALK | yfinance returned empty DataFrame
2026-06-17 17:57:07 | WARNING  | fetcher                   | ALGT | yfinance returned empty DataFrame
2026-06-17 17:57:07 | WARNING  | fetcher                   | ALH | yfinance returned empty DataFrame
2026-06-17 17:57:07 | WARNING  | fetcher                   | ALGS | yfinance returned empty DataFrame
2026-06-17 17:57:07 | WARNING  | fetcher                   | ALIT | yfinance returned empty DataFrame
2026-06-17 17:57:07 | WARNING  | fetcher                   | ALISU | yfinance returned empty DataFrame
2026-06-17 17:57:07 | WARNING  | fetcher                   | ALISR | yfinance returned empty DataFrame
2026-06-17 17:57:07 | WARNING  | fetcher                   | ALKS | yfinance returned empty DataFrame
2026-06-17 17:57:07 | WARNING  | fetcher                   | ALHC | yfinance returned empty DataFrame
2026-06-17 17:57:07 | WARNING  | fetcher                   | ALLO | yfinance returned empty DataFrame
2026-06-17 17:57:07 | WARNING  | fetcher                   | ALLR | yfinance returned empty DataFrame
2026-06-17 17:57:07 | WARNING  | fetcher                   | ALL | yfinance returned empty DataFrame
2026-06-17 17:57:07 | WARNING  | fetcher                   | ALKT | yfinance returned empty DataFrame
2026-06-17 17:57:07 | WARNING  | fetcher                   | ALLY | yfinance returned empty DataFrame
2026-06-17 17:57:07 | WARNING  | fetcher                   | ALLT | yfinance returned empty DataFrame
2026-06-17 17:57:07 | WARNING  | fetcher                   | ALM | yfinance returned empty DataFrame
2026-06-17 17:57:07 | WARNING  | fetcher                   | ALLE | yfinance returned empty DataFrame
2026-06-17 17:57:07 | WARNING  | fetcher                   | ALMR | yfinance returned empty DataFrame
2026-06-17 17:57:07 | WARNING  | fetcher                   | ALMS | yfinance returned empty DataFrame
2026-06-17 17:57:07 | WARNING  | fetcher                   | ALNT | yfinance returned empty DataFrame
2026-06-17 17:57:07 | WARNING  | fetcher                   | ALMU | yfinance returned empty DataFrame
2026-06-17 17:57:07 | WARNING  | fetcher                   | ALNY | yfinance returned empty DataFrame
2026-06-17 17:57:07 | WARNING  | fetcher                   | ALOT | yfinance returned empty DataFrame
2026-06-17 17:57:07 | WARNING  | fetcher                   | ALOVW | yfinance returned empty DataFrame
2026-06-17 17:57:07 | WARNING  | fetcher                   | ALOV | yfinance returned empty DataFrame
2026-06-17 17:57:07 | WARNING  | fetcher                   | ALOVU | yfinance returned empty DataFrame
2026-06-17 17:57:07 | WARNING  | fetcher                   | Batch: 50 tickers failed: ['AKAM', 'AKAN', 'AKBA', 'AKO.A', 'AKO.B', 'ALB', 'ALCO', 'AKR', 'ALC', 'AKTS']...
2026-06-17 17:57:07 | WARNING  | fetcher                   | Batch returned no data
2026-06-17 17:57:07 | INFO     | fetcher                   | Batch 7/132 | 50 tickers
2026-06-17 17:57:07 | WARNING  | fetcher                   | ALOY | yfinance returned empty DataFrame
2026-06-17 17:57:07 | WARNING  | fetcher                   | ALRM | yfinance returned empty DataFrame
2026-06-17 17:57:07 | WARNING  | fetcher                   | ALRS | yfinance returned empty DataFrame
2026-06-17 17:57:07 | WARNING  | fetcher                   | ALVOW | yfinance returned empty DataFrame
2026-06-17 17:57:07 | WARNING  | fetcher                   | ALVO | yfinance returned empty DataFrame
2026-06-17 17:57:07 | WARNING  | fetcher                   | ALSN | yfinance returned empty DataFrame
2026-06-17 17:57:07 | WARNING  | fetcher                   | ALTG | yfinance returned empty DataFrame
2026-06-17 17:57:07 | WARNING  | fetcher                   | ALTI | yfinance returned empty DataFrame
2026-06-17 17:57:07 | WARNING  | fetcher                   | ALT | yfinance returned empty DataFrame
2026-06-17 17:57:07 | WARNING  | fetcher                   | ALTO | yfinance returned empty DataFrame
2026-06-17 17:57:07 | WARNING  | fetcher                   | ALUB | yfinance returned empty DataFrame
2026-06-17 17:57:07 | WARNING  | fetcher                   | ALV | yfinance returned empty DataFrame
2026-06-17 17:57:07 | WARNING  | fetcher                   | ALX | yfinance returned empty DataFrame
2026-06-17 17:57:07 | WARNING  | fetcher                   | ALXO | yfinance returned empty DataFrame
2026-06-17 17:57:07 | WARNING  | fetcher                   | AMAL | yfinance returned empty DataFrame
2026-06-17 17:57:07 | WARNING  | fetcher                   | AM | yfinance returned empty DataFrame
2026-06-17 17:57:07 | WARNING  | fetcher                   | AMBP | yfinance returned empty DataFrame
2026-06-17 17:57:07 | WARNING  | fetcher                   | AMBO | yfinance returned empty DataFrame
2026-06-17 17:57:07 | WARNING  | fetcher                   | AMBA | yfinance returned empty DataFrame
2026-06-17 17:57:07 | WARNING  | fetcher                   | AMAT | yfinance returned empty DataFrame
2026-06-17 17:57:07 | WARNING  | fetcher                   | AMAN | yfinance returned empty DataFrame
2026-06-17 17:57:07 | WARNING  | fetcher                   | AMCR | yfinance returned empty DataFrame
2026-06-17 17:57:07 | WARNING  | fetcher                   | AMC | yfinance returned empty DataFrame
2026-06-17 17:57:07 | WARNING  | fetcher                   | AMBQ | yfinance returned empty DataFrame
2026-06-17 17:57:07 | WARNING  | fetcher                   | AMCI | yfinance returned empty DataFrame
2026-06-17 17:57:07 | WARNING  | fetcher                   | AMBR | yfinance returned empty DataFrame
2026-06-17 17:57:07 | WARNING  | fetcher                   | AMCX | yfinance returned empty DataFrame
2026-06-17 17:57:07 | WARNING  | fetcher                   | AMD | yfinance returned empty DataFrame
2026-06-17 17:57:07 | WARNING  | fetcher                   | AME | yfinance returned empty DataFrame
2026-06-17 17:57:07 | WARNING  | fetcher                   | AMG | yfinance returned empty DataFrame
2026-06-17 17:57:07 | WARNING  | fetcher                   | AMN | yfinance returned empty DataFrame
2026-06-17 17:57:07 | WARNING  | fetcher                   | AMGN | yfinance returned empty DataFrame
2026-06-17 17:57:07 | WARNING  | fetcher                   | AMKR | yfinance returned empty DataFrame
2026-06-17 17:57:07 | WARNING  | fetcher                   | AMPGR | yfinance returned empty DataFrame
2026-06-17 17:57:07 | WARNING  | fetcher                   | AMPX | yfinance returned empty DataFrame
2026-06-17 17:57:07 | WARNING  | fetcher                   | AMLX | yfinance returned empty DataFrame
2026-06-17 17:57:07 | WARNING  | fetcher                   | AMP | yfinance returned empty DataFrame
2026-06-17 17:57:07 | WARNING  | fetcher                   | AMH | yfinance returned empty DataFrame
2026-06-17 17:57:07 | WARNING  | fetcher                   | AMPGZ | yfinance returned empty DataFrame
2026-06-17 17:57:07 | WARNING  | fetcher                   | AMPL | yfinance returned empty DataFrame
2026-06-17 17:57:07 | WARNING  | fetcher                   | AMPH | yfinance returned empty DataFrame
2026-06-17 17:57:07 | WARNING  | fetcher                   | AMPG | yfinance returned empty DataFrame
2026-06-17 17:57:07 | WARNING  | fetcher                   | AMPY | yfinance returned empty DataFrame
2026-06-17 17:57:07 | WARNING  | fetcher                   | AMR | yfinance returned empty DataFrame
2026-06-17 17:57:07 | WARNING  | fetcher                   | AMRC | yfinance returned empty DataFrame
2026-06-17 17:57:07 | WARNING  | fetcher                   | AMRN | yfinance returned empty DataFrame
2026-06-17 17:57:07 | WARNING  | fetcher                   | AMRX | yfinance returned empty DataFrame
2026-06-17 17:57:07 | WARNING  | fetcher                   | AMRZ | yfinance returned empty DataFrame
2026-06-17 17:57:07 | WARNING  | fetcher                   | AMSC | yfinance returned empty DataFrame
2026-06-17 17:57:07 | WARNING  | fetcher                   | AMS | yfinance returned empty DataFrame
2026-06-17 17:57:07 | WARNING  | fetcher                   | Batch: 50 tickers failed: ['ALOY', 'ALRM', 'ALRS', 'ALVOW', 'ALVO', 'ALSN', 'ALTG', 'ALTI', 'ALT', 'ALTO']...
2026-06-17 17:57:07 | WARNING  | fetcher                   | Batch returned no data
2026-06-17 17:57:07 | INFO     | fetcher                   | Batch 8/132 | 50 tickers
2026-06-17 17:57:07 | WARNING  | fetcher                   | AMSF | yfinance returned empty DataFrame
2026-06-17 17:57:07 | WARNING  | fetcher                   | AMSS | yfinance returned empty DataFrame
2026-06-17 17:57:07 | WARNING  | fetcher                   | AMST | yfinance returned empty DataFrame
2026-06-17 17:57:07 | WARNING  | fetcher                   | AMT | yfinance returned empty DataFrame
2026-06-17 17:57:07 | WARNING  | fetcher                   | AMTB | yfinance returned empty DataFrame
2026-06-17 17:57:07 | WARNING  | fetcher                   | AMTD | yfinance returned empty DataFrame
2026-06-17 17:57:07 | WARNING  | fetcher                   | AMX | yfinance returned empty DataFrame
2026-06-17 17:57:07 | WARNING  | fetcher                   | AMTM | yfinance returned empty DataFrame
2026-06-17 17:57:07 | WARNING  | fetcher                   | AMZN | yfinance returned empty DataFrame
2026-06-17 17:57:07 | WARNING  | fetcher                   | AMZE | yfinance returned empty DataFrame
2026-06-17 17:57:07 | WARNING  | fetcher                   | AMTX | yfinance returned empty DataFrame
2026-06-17 17:57:07 | WARNING  | fetcher                   | AMUB | yfinance returned empty DataFrame
2026-06-17 17:57:07 | WARNING  | fetcher                   | AMWL | yfinance returned empty DataFrame
2026-06-17 17:57:07 | WARNING  | fetcher                   | AN | yfinance returned empty DataFrame
2026-06-17 17:57:07 | WARNING  | fetcher                   | ANDG | yfinance returned empty DataFrame
2026-06-17 17:57:07 | WARNING  | fetcher                   | ANAB | yfinance returned empty DataFrame
2026-06-17 17:57:07 | WARNING  | fetcher                   | ANGI | yfinance returned empty DataFrame
2026-06-17 17:57:07 | WARNING  | fetcher                   | ANGX | yfinance returned empty DataFrame
2026-06-17 17:57:07 | WARNING  | fetcher                   | ANGH | yfinance returned empty DataFrame
2026-06-17 17:57:07 | WARNING  | fetcher                   | ANDE | yfinance returned empty DataFrame
2026-06-17 17:57:07 | WARNING  | fetcher                   | ANGHW | yfinance returned empty DataFrame
2026-06-17 17:57:07 | WARNING  | fetcher                   | ANET | yfinance returned empty DataFrame
2026-06-17 17:57:07 | WARNING  | fetcher                   | ANGO | yfinance returned empty DataFrame
2026-06-17 17:57:07 | WARNING  | fetcher                   | ANF | yfinance returned empty DataFrame
2026-06-17 17:57:07 | WARNING  | fetcher                   | ANIK | yfinance returned empty DataFrame
2026-06-17 17:57:07 | WARNING  | fetcher                   | ANIP | yfinance returned empty DataFrame
2026-06-17 17:57:07 | WARNING  | fetcher                   | ANIX | yfinance returned empty DataFrame
2026-06-17 17:57:07 | WARNING  | fetcher                   | ANNA | yfinance returned empty DataFrame
2026-06-17 17:57:07 | WARNING  | fetcher                   | ANNAW | yfinance returned empty DataFrame
2026-06-17 17:57:07 | WARNING  | fetcher                   | ANNX | yfinance returned empty DataFrame
2026-06-17 17:57:07 | WARNING  | fetcher                   | ANL | yfinance returned empty DataFrame
2026-06-17 17:57:08 | WARNING  | fetcher                   | ANPA | yfinance returned empty DataFrame
2026-06-17 17:57:08 | WARNING  | fetcher                   | ANRO | yfinance returned empty DataFrame
2026-06-17 17:57:08 | WARNING  | fetcher                   | ANSCU | yfinance returned empty DataFrame
2026-06-17 17:57:08 | WARNING  | fetcher                   | ANSC | yfinance returned empty DataFrame
2026-06-17 17:57:08 | WARNING  | fetcher                   | AOMD | yfinance returned empty DataFrame
2026-06-17 17:57:08 | WARNING  | fetcher                   | ANSCW | yfinance returned empty DataFrame
2026-06-17 17:57:08 | WARNING  | fetcher                   | ANTX | yfinance returned empty DataFrame
2026-06-17 17:57:08 | WARNING  | fetcher                   | AOD | yfinance returned empty DataFrame
2026-06-17 17:57:08 | WARNING  | fetcher                   | ANTA | yfinance returned empty DataFrame
2026-06-17 17:57:08 | WARNING  | fetcher                   | ANY | yfinance returned empty DataFrame
2026-06-17 17:57:08 | WARNING  | fetcher                   | ANVS | yfinance returned empty DataFrame
2026-06-17 17:57:08 | WARNING  | fetcher                   | AOMN | yfinance returned empty DataFrame
2026-06-17 17:57:08 | WARNING  | fetcher                   | AON | yfinance returned empty DataFrame
2026-06-17 17:57:08 | WARNING  | fetcher                   | AOMR | yfinance returned empty DataFrame
2026-06-17 17:57:08 | WARNING  | fetcher                   | AOSL | yfinance returned empty DataFrame
2026-06-17 17:57:08 | WARNING  | fetcher                   | AORT | yfinance returned empty DataFrame
2026-06-17 17:57:08 | WARNING  | fetcher                   | AP | yfinance returned empty DataFrame
2026-06-17 17:57:08 | WARNING  | fetcher                   | AOS | yfinance returned empty DataFrame
2026-06-17 17:57:08 | WARNING  | fetcher                   | AOUT | yfinance returned empty DataFrame
2026-06-17 17:57:08 | WARNING  | fetcher                   | Batch: 50 tickers failed: ['AMSF', 'AMSS', 'AMST', 'AMT', 'AMTB', 'AMTD', 'AMX', 'AMTM', 'AMZN', 'AMZE']...
2026-06-17 17:57:08 | WARNING  | fetcher                   | Batch returned no data
2026-06-17 17:57:08 | INFO     | fetcher                   | Batch 9/132 | 50 tickers
2026-06-17 17:57:08 | WARNING  | fetcher                   | APA | yfinance returned empty DataFrame
2026-06-17 17:57:08 | WARNING  | fetcher                   | APAC | yfinance returned empty DataFrame
2026-06-17 17:57:08 | WARNING  | fetcher                   | APACR | yfinance returned empty DataFrame
2026-06-17 17:57:08 | WARNING  | fetcher                   | APACU | yfinance returned empty DataFrame
2026-06-17 17:57:08 | WARNING  | fetcher                   | APAM | yfinance returned empty DataFrame
2026-06-17 17:57:08 | WARNING  | fetcher                   | APC | yfinance returned empty DataFrame
2026-06-17 17:57:08 | WARNING  | fetcher                   | API | yfinance returned empty DataFrame
2026-06-17 17:57:08 | WARNING  | fetcher                   | APLE | yfinance returned empty DataFrame
2026-06-17 17:57:08 | WARNING  | fetcher                   | APH | yfinance returned empty DataFrame
2026-06-17 17:57:08 | WARNING  | fetcher                   | APLD | yfinance returned empty DataFrame
2026-06-17 17:57:08 | WARNING  | fetcher                   | APD | yfinance returned empty DataFrame
2026-06-17 17:57:08 | WARNING  | fetcher                   | APEI | yfinance returned empty DataFrame
2026-06-17 17:57:08 | WARNING  | fetcher                   | APG | yfinance returned empty DataFrame
2026-06-17 17:57:08 | WARNING  | fetcher                   | APGE | yfinance returned empty DataFrame
2026-06-17 17:57:08 | WARNING  | fetcher                   | APLMW | yfinance returned empty DataFrame
2026-06-17 17:57:08 | WARNING  | fetcher                   | APOG | yfinance returned empty DataFrame
2026-06-17 17:57:08 | WARNING  | fetcher                   | APOS | yfinance returned empty DataFrame
2026-06-17 17:57:08 | WARNING  | fetcher                   | APLM | yfinance returned empty DataFrame
2026-06-17 17:57:08 | WARNING  | fetcher                   | APP | yfinance returned empty DataFrame
2026-06-17 17:57:08 | WARNING  | fetcher                   | APPF | yfinance returned empty DataFrame
2026-06-17 17:57:08 | WARNING  | fetcher                   | APPS | yfinance returned empty DataFrame
2026-06-17 17:57:08 | WARNING  | fetcher                   | APPN | yfinance returned empty DataFrame
2026-06-17 17:57:08 | WARNING  | fetcher                   | APO | yfinance returned empty DataFrame
2026-06-17 17:57:08 | WARNING  | fetcher                   | APMCU | yfinance returned empty DataFrame
2026-06-17 17:57:08 | WARNING  | fetcher                   | APT | yfinance returned empty DataFrame
2026-06-17 17:57:08 | WARNING  | fetcher                   | APXT | yfinance returned empty DataFrame
2026-06-17 17:57:08 | WARNING  | fetcher                   | APUS | yfinance returned empty DataFrame
2026-06-17 17:57:08 | WARNING  | fetcher                   | APWC | yfinance returned empty DataFrame
2026-06-17 17:57:08 | WARNING  | fetcher                   | APVO | yfinance returned empty DataFrame
2026-06-17 17:57:08 | WARNING  | fetcher                   | APUR | yfinance returned empty DataFrame
2026-06-17 17:57:08 | WARNING  | fetcher                   | APTV | yfinance returned empty DataFrame
2026-06-17 17:57:08 | WARNING  | fetcher                   | APXTU | yfinance returned empty DataFrame
2026-06-17 17:57:08 | WARNING  | fetcher                   | APURR | yfinance returned empty DataFrame
2026-06-17 17:57:08 | WARNING  | fetcher                   | APXTW | yfinance returned empty DataFrame
2026-06-17 17:57:08 | WARNING  | fetcher                   | APYX | yfinance returned empty DataFrame
2026-06-17 17:57:08 | WARNING  | fetcher                   | AQB | yfinance returned empty DataFrame
2026-06-17 17:57:08 | WARNING  | fetcher                   | AQMS | yfinance returned empty DataFrame
2026-06-17 17:57:08 | WARNING  | fetcher                   | AQNB | yfinance returned empty DataFrame
2026-06-17 17:57:08 | WARNING  | fetcher                   | AQN | yfinance returned empty DataFrame
2026-06-17 17:57:08 | WARNING  | fetcher                   | AQST | yfinance returned empty DataFrame
2026-06-17 17:57:08 | WARNING  | fetcher                   | AR | yfinance returned empty DataFrame
2026-06-17 17:57:08 | WARNING  | fetcher                   | ARBB | yfinance returned empty DataFrame
2026-06-17 17:57:08 | WARNING  | fetcher                   | ARBEW | yfinance returned empty DataFrame
2026-06-17 17:57:08 | WARNING  | fetcher                   | ARBK | yfinance returned empty DataFrame
2026-06-17 17:57:08 | WARNING  | fetcher                   | ARCB | yfinance returned empty DataFrame
2026-06-17 17:57:08 | WARNING  | fetcher                   | ARCC | yfinance returned empty DataFrame
2026-06-17 17:57:08 | WARNING  | fetcher                   | ARCI | yfinance returned empty DataFrame
2026-06-17 17:57:08 | WARNING  | fetcher                   | ARCIU | yfinance returned empty DataFrame
2026-06-17 17:57:08 | WARNING  | fetcher                   | ARCIW | yfinance returned empty DataFrame
2026-06-17 17:57:08 | WARNING  | fetcher                   | ARCL | yfinance returned empty DataFrame
2026-06-17 17:57:08 | WARNING  | fetcher                   | Batch: 50 tickers failed: ['APA', 'APAC', 'APACR', 'APACU', 'APAM', 'APC', 'API', 'APLE', 'APH', 'APLD']...
2026-06-17 17:57:08 | WARNING  | fetcher                   | Batch returned no data
2026-06-17 17:57:08 | INFO     | fetcher                   | Batch 10/132 | 50 tickers
2026-06-17 17:57:08 | WARNING  | fetcher                   | ARCLR | yfinance returned empty DataFrame
2026-06-17 17:57:08 | WARNING  | fetcher                   | ARCLU | yfinance returned empty DataFrame
2026-06-17 17:57:08 | WARNING  | fetcher                   | ARCO | yfinance returned empty DataFrame
2026-06-17 17:57:08 | WARNING  | fetcher                   | ARCLW | yfinance returned empty DataFrame
2026-06-17 17:57:08 | WARNING  | fetcher                   | ARES | yfinance returned empty DataFrame
2026-06-17 17:57:08 | WARNING  | fetcher                   | ARHS | yfinance returned empty DataFrame
2026-06-17 17:57:08 | WARNING  | fetcher                   | ARGX | yfinance returned empty DataFrame
2026-06-17 17:57:08 | WARNING  | fetcher                   | ARCT | yfinance returned empty DataFrame
2026-06-17 17:57:08 | WARNING  | fetcher                   | ARDC | yfinance returned empty DataFrame
2026-06-17 17:57:08 | WARNING  | fetcher                   | ARDT | yfinance returned empty DataFrame
2026-06-17 17:57:08 | WARNING  | fetcher                   | ARDX | yfinance returned empty DataFrame
2026-06-17 17:57:08 | WARNING  | fetcher                   | ARI | yfinance returned empty DataFrame
2026-06-17 17:57:08 | WARNING  | fetcher                   | ARE | yfinance returned empty DataFrame
2026-06-17 17:57:08 | WARNING  | fetcher                   | AREN | yfinance returned empty DataFrame
2026-06-17 17:57:08 | WARNING  | fetcher                   | ARKO | yfinance returned empty DataFrame
2026-06-17 17:57:08 | WARNING  | fetcher                   | ARIS | yfinance returned empty DataFrame
2026-06-17 17:57:08 | WARNING  | fetcher                   | ARKR | yfinance returned empty DataFrame
2026-06-17 17:57:08 | WARNING  | fetcher                   | ARLO | yfinance returned empty DataFrame
2026-06-17 17:57:08 | WARNING  | fetcher                   | ARLP | yfinance returned empty DataFrame
2026-06-17 17:57:08 | WARNING  | fetcher                   | ARM | yfinance returned empty DataFrame
2026-06-17 17:57:08 | WARNING  | fetcher                   | ARMK | yfinance returned empty DataFrame
2026-06-17 17:57:08 | WARNING  | fetcher                   | ARL | yfinance returned empty DataFrame
2026-06-17 17:57:08 | WARNING  | fetcher                   | ARMP | yfinance returned empty DataFrame
2026-06-17 17:57:08 | WARNING  | fetcher                   | AROC | yfinance returned empty DataFrame
2026-06-17 17:57:08 | WARNING  | fetcher                   | AROW | yfinance returned empty DataFrame
2026-06-17 17:57:08 | WARNING  | fetcher                   | ARQ | yfinance returned empty DataFrame
2026-06-17 17:57:08 | WARNING  | fetcher                   | ARQQW | yfinance returned empty DataFrame
2026-06-17 17:57:08 | WARNING  | fetcher                   | ARQQ | yfinance returned empty DataFrame
2026-06-17 17:57:08 | WARNING  | fetcher                   | ARR | yfinance returned empty DataFrame
2026-06-17 17:57:08 | WARNING  | fetcher                   | ARQT | yfinance returned empty DataFrame
2026-06-17 17:57:08 | WARNING  | fetcher                   | ARTCU | yfinance returned empty DataFrame
2026-06-17 17:57:08 | WARNING  | fetcher                   | ARTC | yfinance returned empty DataFrame
2026-06-17 17:57:08 | WARNING  | fetcher                   | ARRY | yfinance returned empty DataFrame
2026-06-17 17:57:08 | WARNING  | fetcher                   | ARTL | yfinance returned empty DataFrame
2026-06-17 17:57:08 | WARNING  | fetcher                   | ARTCW | yfinance returned empty DataFrame
2026-06-17 17:57:08 | WARNING  | fetcher                   | ARTW | yfinance returned empty DataFrame
2026-06-17 17:57:08 | WARNING  | fetcher                   | ARVN | yfinance returned empty DataFrame
2026-06-17 17:57:08 | WARNING  | fetcher                   | ARTV | yfinance returned empty DataFrame
2026-06-17 17:57:08 | WARNING  | fetcher                   | ARTNA | yfinance returned empty DataFrame
2026-06-17 17:57:08 | WARNING  | fetcher                   | ARW | yfinance returned empty DataFrame
2026-06-17 17:57:08 | WARNING  | fetcher                   | ARWR | yfinance returned empty DataFrame
2026-06-17 17:57:08 | WARNING  | fetcher                   | ARX | yfinance returned empty DataFrame
2026-06-17 17:57:08 | WARNING  | fetcher                   | ARXS | yfinance returned empty DataFrame
2026-06-17 17:57:08 | WARNING  | fetcher                   | AS | yfinance returned empty DataFrame
2026-06-17 17:57:08 | WARNING  | fetcher                   | ASA | yfinance returned empty DataFrame
2026-06-17 17:57:08 | WARNING  | fetcher                   | ASBA | yfinance returned empty DataFrame
2026-06-17 17:57:08 | WARNING  | fetcher                   | ASB | yfinance returned empty DataFrame
2026-06-17 17:57:09 | WARNING  | fetcher                   | ASAN | yfinance returned empty DataFrame
2026-06-17 17:57:09 | WARNING  | fetcher                   | ASBPW | yfinance returned empty DataFrame
2026-06-17 17:57:09 | WARNING  | fetcher                   | ASBP | yfinance returned empty DataFrame
2026-06-17 17:57:09 | WARNING  | fetcher                   | Batch: 50 tickers failed: ['ARCLR', 'ARCLU', 'ARCO', 'ARCLW', 'ARES', 'ARHS', 'ARGX', 'ARCT', 'ARDC', 'ARDT']...
2026-06-17 17:57:09 | WARNING  | fetcher                   | Batch returned no data
2026-06-17 17:57:09 | INFO     | fetcher                   | Batch 11/132 | 50 tickers
2026-06-17 17:57:09 | WARNING  | fetcher                   | ASC | yfinance returned empty DataFrame
2026-06-17 17:57:09 | WARNING  | fetcher                   | ASG | yfinance returned empty DataFrame
2026-06-17 17:57:09 | WARNING  | fetcher                   | ASGI | yfinance returned empty DataFrame
2026-06-17 17:57:09 | WARNING  | fetcher                   | ASIX | yfinance returned empty DataFrame
2026-06-17 17:57:09 | WARNING  | fetcher                   | ASND | yfinance returned empty DataFrame
2026-06-17 17:57:09 | WARNING  | fetcher                   | ASO | yfinance returned empty DataFrame
2026-06-17 17:57:09 | WARNING  | fetcher                   | ASH | yfinance returned empty DataFrame
2026-06-17 17:57:09 | WARNING  | fetcher                   | ASIC | yfinance returned empty DataFrame
2026-06-17 17:57:09 | WARNING  | fetcher                   | ASLE | yfinance returned empty DataFrame
2026-06-17 17:57:09 | WARNING  | fetcher                   | ASMB | yfinance returned empty DataFrame
2026-06-17 17:57:09 | WARNING  | fetcher                   | ASML | yfinance returned empty DataFrame
2026-06-17 17:57:09 | WARNING  | fetcher                   | ASM | yfinance returned empty DataFrame
2026-06-17 17:57:09 | WARNING  | fetcher                   | ASPI | yfinance returned empty DataFrame
2026-06-17 17:57:09 | WARNING  | fetcher                   | ASPS | yfinance returned empty DataFrame
2026-06-17 17:57:09 | WARNING  | fetcher                   | ASPSW | yfinance returned empty DataFrame
2026-06-17 17:57:09 | WARNING  | fetcher                   | ASPN | yfinance returned empty DataFrame
2026-06-17 17:57:09 | WARNING  | fetcher                   | ASPSZ | yfinance returned empty DataFrame
2026-06-17 17:57:09 | WARNING  | fetcher                   | ASR | yfinance returned empty DataFrame
2026-06-17 17:57:09 | WARNING  | fetcher                   | ASRV | yfinance returned empty DataFrame
2026-06-17 17:57:09 | WARNING  | fetcher                   | ASTC | yfinance returned empty DataFrame
2026-06-17 17:57:09 | WARNING  | fetcher                   | ASTE | yfinance returned empty DataFrame
2026-06-17 17:57:09 | WARNING  | fetcher                   | ASTH | yfinance returned empty DataFrame
2026-06-17 17:57:09 | WARNING  | fetcher                   | ASTS | yfinance returned empty DataFrame
2026-06-17 17:57:09 | WARNING  | fetcher                   | ASTL | yfinance returned empty DataFrame
2026-06-17 17:57:09 | WARNING  | fetcher                   | ASTLW | yfinance returned empty DataFrame
2026-06-17 17:57:09 | WARNING  | fetcher                   | ASX | yfinance returned empty DataFrame
2026-06-17 17:57:09 | WARNING  | fetcher                   | ASUR | yfinance returned empty DataFrame
2026-06-17 17:57:09 | WARNING  | fetcher                   | ASTI | yfinance returned empty DataFrame
2026-06-17 17:57:09 | WARNING  | fetcher                   | ASYS | yfinance returned empty DataFrame
2026-06-17 17:57:09 | WARNING  | fetcher                   | ATAT | yfinance returned empty DataFrame
2026-06-17 17:57:09 | WARNING  | fetcher                   | ATAI | yfinance returned empty DataFrame
2026-06-17 17:57:09 | WARNING  | fetcher                   | ATCH | yfinance returned empty DataFrame
2026-06-17 17:57:09 | WARNING  | fetcher                   | ATEC | yfinance returned empty DataFrame
2026-06-17 17:57:09 | WARNING  | fetcher                   | ATEN | yfinance returned empty DataFrame
2026-06-17 17:57:09 | WARNING  | fetcher                   | ATER | yfinance returned empty DataFrame
2026-06-17 17:57:09 | WARNING  | fetcher                   | ATEX | yfinance returned empty DataFrame
2026-06-17 17:57:09 | WARNING  | fetcher                   | ATCX | yfinance returned empty DataFrame
2026-06-17 17:57:09 | WARNING  | fetcher                   | ASST | yfinance returned empty DataFrame
2026-06-17 17:57:09 | WARNING  | fetcher                   | ATGL | yfinance returned empty DataFrame
2026-06-17 17:57:09 | WARNING  | fetcher                   | ATHE | yfinance returned empty DataFrame
2026-06-17 17:57:09 | WARNING  | fetcher                   | ATHM | yfinance returned empty DataFrame
2026-06-17 17:57:09 | WARNING  | fetcher                   | ATHR | yfinance returned empty DataFrame
2026-06-17 17:57:09 | WARNING  | fetcher                   | ATHS | yfinance returned empty DataFrame
2026-06-17 17:57:09 | WARNING  | fetcher                   | ATI | yfinance returned empty DataFrame
2026-06-17 17:57:09 | WARNING  | fetcher                   | ATII | yfinance returned empty DataFrame
2026-06-17 17:57:09 | WARNING  | fetcher                   | ATIIU | yfinance returned empty DataFrame
2026-06-17 17:57:09 | WARNING  | fetcher                   | ATIIW | yfinance returned empty DataFrame
2026-06-17 17:57:09 | WARNING  | fetcher                   | ATKR | yfinance returned empty DataFrame
2026-06-17 17:57:09 | WARNING  | fetcher                   | ATLC | yfinance returned empty DataFrame
2026-06-17 17:57:09 | WARNING  | fetcher                   | ATLCL | yfinance returned empty DataFrame
2026-06-17 17:57:09 | WARNING  | fetcher                   | Batch: 50 tickers failed: ['ASC', 'ASG', 'ASGI', 'ASIX', 'ASND', 'ASO', 'ASH', 'ASIC', 'ASLE', 'ASMB']...
2026-06-17 17:57:09 | WARNING  | fetcher                   | Batch returned no data
2026-06-17 17:57:09 | INFO     | fetcher                   | Batch 12/132 | 50 tickers
2026-06-17 17:57:09 | WARNING  | fetcher                   | ATLCP | yfinance returned empty DataFrame
2026-06-17 17:57:09 | WARNING  | fetcher                   | ATLCZ | yfinance returned empty DataFrame
2026-06-17 17:57:09 | WARNING  | fetcher                   | ATLO | yfinance returned empty DataFrame
2026-06-17 17:57:09 | WARNING  | fetcher                   | ATLX | yfinance returned empty DataFrame
2026-06-17 17:57:09 | WARNING  | fetcher                   | ATMP | yfinance returned empty DataFrame
2026-06-17 17:57:09 | WARNING  | fetcher                   | ATNI | yfinance returned empty DataFrame
2026-06-17 17:57:09 | WARNING  | fetcher                   | ATR | yfinance returned empty DataFrame
2026-06-17 17:57:09 | WARNING  | fetcher                   | ATMU | yfinance returned empty DataFrame
2026-06-17 17:57:09 | WARNING  | fetcher                   | ATPC | yfinance returned empty DataFrame
2026-06-17 17:57:09 | WARNING  | fetcher                   | ATOS | yfinance returned empty DataFrame
2026-06-17 17:57:09 | WARNING  | fetcher                   | ATRA | yfinance returned empty DataFrame
2026-06-17 17:57:09 | WARNING  | fetcher                   | ATRC | yfinance returned empty DataFrame
2026-06-17 17:57:09 | WARNING  | fetcher                   | ATNM | yfinance returned empty DataFrame
2026-06-17 17:57:09 | WARNING  | fetcher                   | ATOM | yfinance returned empty DataFrame
2026-06-17 17:57:09 | WARNING  | fetcher                   | ATO | yfinance returned empty DataFrame
2026-06-17 17:57:09 | WARNING  | fetcher                   | ATRO | yfinance returned empty DataFrame
2026-06-17 17:57:09 | WARNING  | fetcher                   | ATXG | yfinance returned empty DataFrame
2026-06-17 17:57:09 | WARNING  | fetcher                   | AU | yfinance returned empty DataFrame
2026-06-17 17:57:09 | WARNING  | fetcher                   | ATS | yfinance returned empty DataFrame
2026-06-17 17:57:09 | WARNING  | fetcher                   | AUC | yfinance returned empty DataFrame
2026-06-17 17:57:09 | WARNING  | fetcher                   | AUB | yfinance returned empty DataFrame
2026-06-17 17:57:09 | WARNING  | fetcher                   | AUBN | yfinance returned empty DataFrame
2026-06-17 17:57:09 | WARNING  | fetcher                   | AUGO | yfinance returned empty DataFrame
2026-06-17 17:57:09 | WARNING  | fetcher                   | AUDC | yfinance returned empty DataFrame
2026-06-17 17:57:09 | WARNING  | fetcher                   | AUID | yfinance returned empty DataFrame
2026-06-17 17:57:09 | WARNING  | fetcher                   | AUNA | yfinance returned empty DataFrame
2026-06-17 17:57:09 | WARNING  | fetcher                   | AUPH | yfinance returned empty DataFrame
2026-06-17 17:57:09 | WARNING  | fetcher                   | AUR | yfinance returned empty DataFrame
2026-06-17 17:57:09 | WARNING  | fetcher                   | AURE | yfinance returned empty DataFrame
2026-06-17 17:57:09 | WARNING  | fetcher                   | AURA | yfinance returned empty DataFrame
2026-06-17 17:57:09 | WARNING  | fetcher                   | AUROW | yfinance returned empty DataFrame
2026-06-17 17:57:09 | WARNING  | fetcher                   | AUST | yfinance returned empty DataFrame
2026-06-17 17:57:09 | WARNING  | fetcher                   | AUUD | yfinance returned empty DataFrame
2026-06-17 17:57:09 | WARNING  | fetcher                   | AUTL | yfinance returned empty DataFrame
2026-06-17 17:57:09 | WARNING  | fetcher                   | AVA | yfinance returned empty DataFrame
2026-06-17 17:57:09 | WARNING  | fetcher                   | AVAL | yfinance returned empty DataFrame
2026-06-17 17:57:09 | WARNING  | fetcher                   | AVAH | yfinance returned empty DataFrame
2026-06-17 17:57:09 | WARNING  | fetcher                   | AVAT | yfinance returned empty DataFrame
2026-06-17 17:57:09 | WARNING  | fetcher                   | AVB | yfinance returned empty DataFrame
2026-06-17 17:57:09 | WARNING  | fetcher                   | AVBC | yfinance returned empty DataFrame
2026-06-17 17:57:09 | WARNING  | fetcher                   | AVBH | yfinance returned empty DataFrame
2026-06-17 17:57:09 | WARNING  | fetcher                   | AVBP | yfinance returned empty DataFrame
2026-06-17 17:57:09 | WARNING  | fetcher                   | AVAV | yfinance returned empty DataFrame
2026-06-17 17:57:09 | WARNING  | fetcher                   | AVD | yfinance returned empty DataFrame
2026-06-17 17:57:09 | WARNING  | fetcher                   | AVEX | yfinance returned empty DataFrame
2026-06-17 17:57:09 | WARNING  | fetcher                   | AVIR | yfinance returned empty DataFrame
2026-06-17 17:57:09 | WARNING  | fetcher                   | AVGO | yfinance returned empty DataFrame
2026-06-17 17:57:09 | WARNING  | fetcher                   | AVK | yfinance returned empty DataFrame
2026-06-17 17:57:09 | WARNING  | fetcher                   | AVNS | yfinance returned empty DataFrame
2026-06-17 17:57:09 | WARNING  | fetcher                   | AVLN | yfinance returned empty DataFrame
2026-06-17 17:57:09 | WARNING  | fetcher                   | Batch: 50 tickers failed: ['ATLCP', 'ATLCZ', 'ATLO', 'ATLX', 'ATMP', 'ATNI', 'ATR', 'ATMU', 'ATPC', 'ATOS']...
2026-06-17 17:57:09 | WARNING  | fetcher                   | Batch returned no data
2026-06-17 17:57:09 | INFO     | fetcher                   | Batch 13/132 | 50 tickers
2026-06-17 17:57:09 | WARNING  | fetcher                   | AVNT | yfinance returned empty DataFrame
2026-06-17 17:57:09 | WARNING  | fetcher                   | AVNW | yfinance returned empty DataFrame
2026-06-17 17:57:09 | WARNING  | fetcher                   | AVO | yfinance returned empty DataFrame
2026-06-17 17:57:09 | WARNING  | fetcher                   | AVPT | yfinance returned empty DataFrame
2026-06-17 17:57:09 | WARNING  | fetcher                   | AWK | yfinance returned empty DataFrame
2026-06-17 17:57:10 | WARNING  | fetcher                   | AVR | yfinance returned empty DataFrame
2026-06-17 17:57:10 | WARNING  | fetcher                   | AWI | yfinance returned empty DataFrame
2026-06-17 17:57:10 | WARNING  | fetcher                   | AWP | yfinance returned empty DataFrame
2026-06-17 17:57:10 | WARNING  | fetcher                   | AVT | yfinance returned empty DataFrame
2026-06-17 17:57:10 | WARNING  | fetcher                   | AVTR | yfinance returned empty DataFrame
2026-06-17 17:57:10 | WARNING  | fetcher                   | AWF | yfinance returned empty DataFrame
2026-06-17 17:57:10 | WARNING  | fetcher                   | AVY | yfinance returned empty DataFrame
2026-06-17 17:57:10 | WARNING  | fetcher                   | AVTX | yfinance returned empty DataFrame
2026-06-17 17:57:10 | WARNING  | fetcher                   | AWR | yfinance returned empty DataFrame
2026-06-17 17:57:10 | WARNING  | fetcher                   | AWRE | yfinance returned empty DataFrame
2026-06-17 17:57:10 | WARNING  | fetcher                   | AWX | yfinance returned empty DataFrame
2026-06-17 17:57:10 | WARNING  | fetcher                   | AXG | yfinance returned empty DataFrame
2026-06-17 17:57:10 | WARNING  | fetcher                   | AX | yfinance returned empty DataFrame
2026-06-17 17:57:10 | WARNING  | fetcher                   | AXGN | yfinance returned empty DataFrame
2026-06-17 17:57:10 | WARNING  | fetcher                   | AXIA | yfinance returned empty DataFrame
2026-06-17 17:57:10 | WARNING  | fetcher                   | AXIL | yfinance returned empty DataFrame
2026-06-17 17:57:10 | WARNING  | fetcher                   | AXIN | yfinance returned empty DataFrame
2026-06-17 17:57:10 | WARNING  | fetcher                   | AXINR | yfinance returned empty DataFrame
2026-06-17 17:57:10 | WARNING  | fetcher                   | AXON | yfinance returned empty DataFrame
2026-06-17 17:57:10 | WARNING  | fetcher                   | AXR | yfinance returned empty DataFrame
2026-06-17 17:57:10 | WARNING  | fetcher                   | AXS | yfinance returned empty DataFrame
2026-06-17 17:57:10 | WARNING  | fetcher                   | AXSM | yfinance returned empty DataFrame
2026-06-17 17:57:10 | WARNING  | fetcher                   | AXP | yfinance returned empty DataFrame
2026-06-17 17:57:10 | WARNING  | fetcher                   | AXINU | yfinance returned empty DataFrame
2026-06-17 17:57:10 | WARNING  | fetcher                   | AXTA | yfinance returned empty DataFrame
2026-06-17 17:57:10 | WARNING  | fetcher                   | AXTI | yfinance returned empty DataFrame
2026-06-17 17:57:10 | WARNING  | fetcher                   | AYA | yfinance returned empty DataFrame
2026-06-17 17:57:10 | WARNING  | fetcher                   | AYI | yfinance returned empty DataFrame
2026-06-17 17:57:10 | WARNING  | fetcher                   | AYTU | yfinance returned empty DataFrame
2026-06-17 17:57:10 | WARNING  | fetcher                   | AZ | yfinance returned empty DataFrame
2026-06-17 17:57:10 | WARNING  | fetcher                   | AZI | yfinance returned empty DataFrame
2026-06-17 17:57:10 | WARNING  | fetcher                   | AZN | yfinance returned empty DataFrame
2026-06-17 17:57:10 | WARNING  | fetcher                   | AZO | yfinance returned empty DataFrame
2026-06-17 17:57:10 | WARNING  | fetcher                   | AZTA | yfinance returned empty DataFrame
2026-06-17 17:57:10 | WARNING  | fetcher                   | AZUL | yfinance returned empty DataFrame
2026-06-17 17:57:10 | WARNING  | fetcher                   | B | yfinance returned empty DataFrame
2026-06-17 17:57:10 | WARNING  | fetcher                   | AZZ | yfinance returned empty DataFrame
2026-06-17 17:57:10 | WARNING  | fetcher                   | BABA | yfinance returned empty DataFrame
2026-06-17 17:57:10 | WARNING  | fetcher                   | BA | yfinance returned empty DataFrame
2026-06-17 17:57:10 | WARNING  | fetcher                   | BAC | yfinance returned empty DataFrame
2026-06-17 17:57:10 | WARNING  | fetcher                   | AZTR | yfinance returned empty DataFrame
2026-06-17 17:57:10 | WARNING  | fetcher                   | BACC | yfinance returned empty DataFrame
2026-06-17 17:57:10 | WARNING  | fetcher                   | BACCR | yfinance returned empty DataFrame
2026-06-17 17:57:10 | WARNING  | fetcher                   | BACCU | yfinance returned empty DataFrame
2026-06-17 17:57:10 | WARNING  | fetcher                   | BAER | yfinance returned empty DataFrame
2026-06-17 17:57:10 | WARNING  | fetcher                   | Batch: 50 tickers failed: ['AVNT', 'AVNW', 'AVO', 'AVPT', 'AWK', 'AVR', 'AWI', 'AWP', 'AVT', 'AVTR']...
2026-06-17 17:57:10 | WARNING  | fetcher                   | Batch returned no data
2026-06-17 17:57:10 | INFO     | fetcher                   | Batch 14/132 | 50 tickers
2026-06-17 17:57:10 | WARNING  | fetcher                   | BAERW | yfinance returned empty DataFrame
2026-06-17 17:57:10 | WARNING  | fetcher                   | BAFN | yfinance returned empty DataFrame
2026-06-17 17:57:10 | WARNING  | fetcher                   | BAH | yfinance returned empty DataFrame
2026-06-17 17:57:10 | WARNING  | fetcher                   | BAK | yfinance returned empty DataFrame
2026-06-17 17:57:10 | WARNING  | fetcher                   | BALL | yfinance returned empty DataFrame
2026-06-17 17:57:10 | WARNING  | fetcher                   | BAOS | yfinance returned empty DataFrame
2026-06-17 17:57:10 | WARNING  | fetcher                   | BANR | yfinance returned empty DataFrame
2026-06-17 17:57:10 | WARNING  | fetcher                   | BANX | yfinance returned empty DataFrame
2026-06-17 17:57:10 | WARNING  | fetcher                   | BANFP | yfinance returned empty DataFrame
2026-06-17 17:57:10 | WARNING  | fetcher                   | BALY | yfinance returned empty DataFrame
2026-06-17 17:57:10 | WARNING  | fetcher                   | BANC | yfinance returned empty DataFrame
2026-06-17 17:57:10 | WARNING  | fetcher                   | BAND | yfinance returned empty DataFrame
2026-06-17 17:57:10 | WARNING  | fetcher                   | BAP | yfinance returned empty DataFrame
2026-06-17 17:57:10 | WARNING  | fetcher                   | BAM | yfinance returned empty DataFrame
2026-06-17 17:57:10 | WARNING  | fetcher                   | BANF | yfinance returned empty DataFrame
2026-06-17 17:57:10 | WARNING  | fetcher                   | BAR | yfinance returned empty DataFrame
2026-06-17 17:57:10 | WARNING  | fetcher                   | BARK | yfinance returned empty DataFrame
2026-06-17 17:57:10 | WARNING  | fetcher                   | BATRA | yfinance returned empty DataFrame
2026-06-17 17:57:10 | WARNING  | fetcher                   | BATRK | yfinance returned empty DataFrame
2026-06-17 17:57:10 | WARNING  | fetcher                   | BAX | yfinance returned empty DataFrame
2026-06-17 17:57:10 | WARNING  | fetcher                   | BATL | yfinance returned empty DataFrame
2026-06-17 17:57:10 | WARNING  | fetcher                   | BB | yfinance returned empty DataFrame
2026-06-17 17:57:10 | WARNING  | fetcher                   | BBAI | yfinance returned empty DataFrame
2026-06-17 17:57:10 | WARNING  | fetcher                   | BBAR | yfinance returned empty DataFrame
2026-06-17 17:57:10 | WARNING  | fetcher                   | BBD | yfinance returned empty DataFrame
2026-06-17 17:57:10 | WARNING  | fetcher                   | BBBY | yfinance returned empty DataFrame
2026-06-17 17:57:10 | WARNING  | fetcher                   | BBCP | yfinance returned empty DataFrame
2026-06-17 17:57:10 | WARNING  | fetcher                   | BBCQ | yfinance returned empty DataFrame
2026-06-17 17:57:10 | WARNING  | fetcher                   | BBCQU | yfinance returned empty DataFrame
2026-06-17 17:57:10 | WARNING  | fetcher                   | BBCQW | yfinance returned empty DataFrame
2026-06-17 17:57:10 | WARNING  | fetcher                   | BBDO | yfinance returned empty DataFrame
2026-06-17 17:57:10 | WARNING  | fetcher                   | BBIO | yfinance returned empty DataFrame
2026-06-17 17:57:10 | WARNING  | fetcher                   | BBDC | yfinance returned empty DataFrame
2026-06-17 17:57:10 | WARNING  | fetcher                   | BBLGW | yfinance returned empty DataFrame
2026-06-17 17:57:10 | WARNING  | fetcher                   | BBN | yfinance returned empty DataFrame
2026-06-17 17:57:10 | WARNING  | fetcher                   | BBNX | yfinance returned empty DataFrame
2026-06-17 17:57:10 | WARNING  | fetcher                   | BBOT | yfinance returned empty DataFrame
2026-06-17 17:57:10 | WARNING  | fetcher                   | BBSI | yfinance returned empty DataFrame
2026-06-17 17:57:10 | WARNING  | fetcher                   | BBLG | yfinance returned empty DataFrame
2026-06-17 17:57:10 | WARNING  | fetcher                   | BBT | yfinance returned empty DataFrame
2026-06-17 17:57:10 | WARNING  | fetcher                   | BBVA | yfinance returned empty DataFrame
2026-06-17 17:57:10 | WARNING  | fetcher                   | BBUC | yfinance returned empty DataFrame
2026-06-17 17:57:10 | WARNING  | fetcher                   | BBW | yfinance returned empty DataFrame
2026-06-17 17:57:10 | WARNING  | fetcher                   | BBWI | yfinance returned empty DataFrame
2026-06-17 17:57:10 | WARNING  | fetcher                   | BBY | yfinance returned empty DataFrame
2026-06-17 17:57:10 | WARNING  | fetcher                   | BC | yfinance returned empty DataFrame
2026-06-17 17:57:10 | WARNING  | fetcher                   | BCAL | yfinance returned empty DataFrame
2026-06-17 17:57:10 | WARNING  | fetcher                   | BCAR | yfinance returned empty DataFrame
2026-06-17 17:57:10 | WARNING  | fetcher                   | BCARU | yfinance returned empty DataFrame
2026-06-17 17:57:10 | WARNING  | fetcher                   | BCARW | yfinance returned empty DataFrame
2026-06-17 17:57:10 | WARNING  | fetcher                   | Batch: 50 tickers failed: ['BAERW', 'BAFN', 'BAH', 'BAK', 'BALL', 'BAOS', 'BANR', 'BANX', 'BANFP', 'BALY']...
2026-06-17 17:57:10 | WARNING  | fetcher                   | Batch returned no data
2026-06-17 17:57:10 | INFO     | fetcher                   | Batch 15/132 | 50 tickers
2026-06-17 17:57:10 | WARNING  | fetcher                   | BCAT | yfinance returned empty DataFrame
2026-06-17 17:57:10 | WARNING  | fetcher                   | BCAX | yfinance returned empty DataFrame
2026-06-17 17:57:10 | WARNING  | fetcher                   | BCBP | yfinance returned empty DataFrame
2026-06-17 17:57:10 | WARNING  | fetcher                   | BCC | yfinance returned empty DataFrame
2026-06-17 17:57:10 | WARNING  | fetcher                   | BCE | yfinance returned empty DataFrame
2026-06-17 17:57:10 | WARNING  | fetcher                   | BCG | yfinance returned empty DataFrame
2026-06-17 17:57:10 | WARNING  | fetcher                   | BCGWW | yfinance returned empty DataFrame
2026-06-17 17:57:10 | WARNING  | fetcher                   | BCH | yfinance returned empty DataFrame
2026-06-17 17:57:10 | WARNING  | fetcher                   | BCHT | yfinance returned empty DataFrame
2026-06-17 17:57:10 | WARNING  | fetcher                   | BCIC | yfinance returned empty DataFrame
2026-06-17 17:57:10 | WARNING  | fetcher                   | BCML | yfinance returned empty DataFrame
2026-06-17 17:57:10 | WARNING  | fetcher                   | BCO | yfinance returned empty DataFrame
2026-06-17 17:57:10 | WARNING  | fetcher                   | BCS | yfinance returned empty DataFrame
2026-06-17 17:57:10 | WARNING  | fetcher                   | BCPC | yfinance returned empty DataFrame
2026-06-17 17:57:10 | WARNING  | fetcher                   | BCRX | yfinance returned empty DataFrame
2026-06-17 17:57:10 | WARNING  | fetcher                   | BCSS | yfinance returned empty DataFrame
2026-06-17 17:57:10 | WARNING  | fetcher                   | BCSF | yfinance returned empty DataFrame
2026-06-17 17:57:10 | WARNING  | fetcher                   | BCTX | yfinance returned empty DataFrame
2026-06-17 17:57:10 | WARNING  | fetcher                   | BCTXZ | yfinance returned empty DataFrame
2026-06-17 17:57:10 | WARNING  | fetcher                   | BCTXL | yfinance returned empty DataFrame
2026-06-17 17:57:10 | WARNING  | fetcher                   | BCV | yfinance returned empty DataFrame
2026-06-17 17:57:10 | WARNING  | fetcher                   | BCX | yfinance returned empty DataFrame
2026-06-17 17:57:10 | WARNING  | fetcher                   | BDC | yfinance returned empty DataFrame
2026-06-17 17:57:10 | WARNING  | fetcher                   | BDCIW | yfinance returned empty DataFrame
2026-06-17 17:57:10 | WARNING  | fetcher                   | BDCZ | yfinance returned empty DataFrame
2026-06-17 17:57:10 | WARNING  | fetcher                   | BDCIU | yfinance returned empty DataFrame
2026-06-17 17:57:11 | WARNING  | fetcher                   | BCYC | yfinance returned empty DataFrame
2026-06-17 17:57:11 | WARNING  | fetcher                   | BDCI | yfinance returned empty DataFrame
2026-06-17 17:57:11 | WARNING  | fetcher                   | BDJ | yfinance returned empty DataFrame
2026-06-17 17:57:11 | WARNING  | fetcher                   | BDL | yfinance returned empty DataFrame
2026-06-17 17:57:11 | WARNING  | fetcher                   | BDMD | yfinance returned empty DataFrame
2026-06-17 17:57:11 | WARNING  | fetcher                   | BDRX | yfinance returned empty DataFrame
2026-06-17 17:57:11 | WARNING  | fetcher                   | BDMDW | yfinance returned empty DataFrame
2026-06-17 17:57:11 | WARNING  | fetcher                   | BDSX | yfinance returned empty DataFrame
2026-06-17 17:57:11 | WARNING  | fetcher                   | BDTX | yfinance returned empty DataFrame
2026-06-17 17:57:11 | WARNING  | fetcher                   | BDN | yfinance returned empty DataFrame
2026-06-17 17:57:11 | WARNING  | fetcher                   | BDX | yfinance returned empty DataFrame
2026-06-17 17:57:11 | WARNING  | fetcher                   | BEAG | yfinance returned empty DataFrame
2026-06-17 17:57:11 | WARNING  | fetcher                   | BE | yfinance returned empty DataFrame
2026-06-17 17:57:11 | WARNING  | fetcher                   | BEAGR | yfinance returned empty DataFrame
2026-06-17 17:57:11 | WARNING  | fetcher                   | BEAT | yfinance returned empty DataFrame
2026-06-17 17:57:11 | WARNING  | fetcher                   | BEAM | yfinance returned empty DataFrame
2026-06-17 17:57:11 | WARNING  | fetcher                   | BEAGU | yfinance returned empty DataFrame
2026-06-17 17:57:11 | WARNING  | fetcher                   | BEATW | yfinance returned empty DataFrame
2026-06-17 17:57:11 | WARNING  | fetcher                   | BEKE | yfinance returned empty DataFrame
2026-06-17 17:57:11 | WARNING  | fetcher                   | BEEM | yfinance returned empty DataFrame
2026-06-17 17:57:11 | WARNING  | fetcher                   | BEBE | yfinance returned empty DataFrame
2026-06-17 17:57:11 | WARNING  | fetcher                   | BEEP | yfinance returned empty DataFrame
2026-06-17 17:57:11 | WARNING  | fetcher                   | BELFB | yfinance returned empty DataFrame
2026-06-17 17:57:11 | WARNING  | fetcher                   | BELFA | yfinance returned empty DataFrame
2026-06-17 17:57:11 | WARNING  | fetcher                   | Batch: 50 tickers failed: ['BCAT', 'BCAX', 'BCBP', 'BCC', 'BCE', 'BCG', 'BCGWW', 'BCH', 'BCHT', 'BCIC']...
2026-06-17 17:57:11 | WARNING  | fetcher                   | Batch returned no data
2026-06-17 17:57:11 | INFO     | fetcher                   | Batch 16/132 | 50 tickers
2026-06-17 17:57:11 | WARNING  | fetcher                   | BEN | yfinance returned empty DataFrame
2026-06-17 17:57:11 | WARNING  | fetcher                   | BENF | yfinance returned empty DataFrame
2026-06-17 17:57:11 | WARNING  | fetcher                   | BENFW | yfinance returned empty DataFrame
2026-06-17 17:57:11 | WARNING  | fetcher                   | BF.A | yfinance returned empty DataFrame
2026-06-17 17:57:11 | WARNING  | fetcher                   | BEP | yfinance returned empty DataFrame
2026-06-17 17:57:11 | WARNING  | fetcher                   | BEPC | yfinance returned empty DataFrame
2026-06-17 17:57:11 | WARNING  | fetcher                   | BETRW | yfinance returned empty DataFrame
2026-06-17 17:57:11 | WARNING  | fetcher                   | BETR | yfinance returned empty DataFrame
2026-06-17 17:57:11 | WARNING  | fetcher                   | BESS | yfinance returned empty DataFrame
2026-06-17 17:57:11 | WARNING  | fetcher                   | BEPH | yfinance returned empty DataFrame
2026-06-17 17:57:11 | WARNING  | fetcher                   | BETA | yfinance returned empty DataFrame
2026-06-17 17:57:11 | WARNING  | fetcher                   | BEPJ | yfinance returned empty DataFrame
2026-06-17 17:57:11 | WARNING  | fetcher                   | BEPI | yfinance returned empty DataFrame
2026-06-17 17:57:11 | WARNING  | fetcher                   | BF.B | yfinance returned empty DataFrame
2026-06-17 17:57:11 | WARNING  | fetcher                   | BFAM | yfinance returned empty DataFrame
2026-06-17 17:57:11 | WARNING  | fetcher                   | BFH | yfinance returned empty DataFrame
2026-06-17 17:57:11 | WARNING  | fetcher                   | BFC | yfinance returned empty DataFrame
2026-06-17 17:57:11 | WARNING  | fetcher                   | BFRGW | yfinance returned empty DataFrame
2026-06-17 17:57:11 | WARNING  | fetcher                   | BFLY | yfinance returned empty DataFrame
2026-06-17 17:57:11 | WARNING  | fetcher                   | BFST | yfinance returned empty DataFrame
2026-06-17 17:57:11 | WARNING  | fetcher                   | BFS | yfinance returned empty DataFrame
2026-06-17 17:57:11 | WARNING  | fetcher                   | BFRIW | yfinance returned empty DataFrame
2026-06-17 17:57:11 | WARNING  | fetcher                   | BGB | yfinance returned empty DataFrame
2026-06-17 17:57:11 | WARNING  | fetcher                   | BFRI | yfinance returned empty DataFrame
2026-06-17 17:57:11 | WARNING  | fetcher                   | BGI | yfinance returned empty DataFrame
2026-06-17 17:57:11 | WARNING  | fetcher                   | BG | yfinance returned empty DataFrame
2026-06-17 17:57:11 | WARNING  | fetcher                   | BGH | yfinance returned empty DataFrame
2026-06-17 17:57:11 | WARNING  | fetcher                   | BGC | yfinance returned empty DataFrame
2026-06-17 17:57:11 | WARNING  | fetcher                   | BGLC | yfinance returned empty DataFrame
2026-06-17 17:57:11 | WARNING  | fetcher                   | BGL | yfinance returned empty DataFrame
2026-06-17 17:57:11 | WARNING  | fetcher                   | BGIN | yfinance returned empty DataFrame
2026-06-17 17:57:11 | WARNING  | fetcher                   | BGLWW | yfinance returned empty DataFrame
2026-06-17 17:57:11 | WARNING  | fetcher                   | BGMS | yfinance returned empty DataFrame
2026-06-17 17:57:11 | WARNING  | fetcher                   | BGR | yfinance returned empty DataFrame
2026-06-17 17:57:11 | WARNING  | fetcher                   | BGS | yfinance returned empty DataFrame
2026-06-17 17:57:11 | WARNING  | fetcher                   | BGSF | yfinance returned empty DataFrame
2026-06-17 17:57:11 | WARNING  | fetcher                   | BGSI | yfinance returned empty DataFrame
2026-06-17 17:57:11 | WARNING  | fetcher                   | BGY | yfinance returned empty DataFrame
2026-06-17 17:57:11 | WARNING  | fetcher                   | BGT | yfinance returned empty DataFrame
2026-06-17 17:57:11 | WARNING  | fetcher                   | BH.A | yfinance returned empty DataFrame
2026-06-17 17:57:11 | WARNING  | fetcher                   | BH | yfinance returned empty DataFrame
2026-06-17 17:57:11 | WARNING  | fetcher                   | BHAV | yfinance returned empty DataFrame
2026-06-17 17:57:11 | WARNING  | fetcher                   | BGX | yfinance returned empty DataFrame
2026-06-17 17:57:11 | WARNING  | fetcher                   | BHAVR | yfinance returned empty DataFrame
2026-06-17 17:57:11 | WARNING  | fetcher                   | BHB | yfinance returned empty DataFrame
2026-06-17 17:57:11 | WARNING  | fetcher                   | BHAVU | yfinance returned empty DataFrame
2026-06-17 17:57:11 | WARNING  | fetcher                   | BHE | yfinance returned empty DataFrame
2026-06-17 17:57:11 | WARNING  | fetcher                   | BHC | yfinance returned empty DataFrame
2026-06-17 17:57:11 | WARNING  | fetcher                   | BHFAL | yfinance returned empty DataFrame
2026-06-17 17:57:11 | WARNING  | fetcher                   | BHF | yfinance returned empty DataFrame
2026-06-17 17:57:11 | WARNING  | fetcher                   | Batch: 50 tickers failed: ['BEN', 'BENF', 'BENFW', 'BF.A', 'BEP', 'BEPC', 'BETRW', 'BETR', 'BESS', 'BEPH']...
2026-06-17 17:57:11 | WARNING  | fetcher                   | Batch returned no data
2026-06-17 17:57:11 | INFO     | fetcher                   | Batch 17/132 | 50 tickers
2026-06-17 17:57:11 | WARNING  | fetcher                   | BHFAM | yfinance returned empty DataFrame
2026-06-17 17:57:11 | WARNING  | fetcher                   | BHFAN | yfinance returned empty DataFrame
2026-06-17 17:57:11 | WARNING  | fetcher                   | BHFAO | yfinance returned empty DataFrame
2026-06-17 17:57:11 | WARNING  | fetcher                   | BHFAP | yfinance returned empty DataFrame
2026-06-17 17:57:11 | WARNING  | fetcher                   | BHK | yfinance returned empty DataFrame
2026-06-17 17:57:11 | WARNING  | fetcher                   | BHV | yfinance returned empty DataFrame
2026-06-17 17:57:11 | WARNING  | fetcher                   | BHVN | yfinance returned empty DataFrame
2026-06-17 17:57:11 | WARNING  | fetcher                   | BHM | yfinance returned empty DataFrame
2026-06-17 17:57:11 | WARNING  | fetcher                   | BHP | yfinance returned empty DataFrame
2026-06-17 17:57:11 | WARNING  | fetcher                   | BHRB | yfinance returned empty DataFrame
2026-06-17 17:57:11 | WARNING  | fetcher                   | BHR | yfinance returned empty DataFrame
2026-06-17 17:57:11 | WARNING  | fetcher                   | BHST | yfinance returned empty DataFrame
2026-06-17 17:57:11 | WARNING  | fetcher                   | BIAF | yfinance returned empty DataFrame
2026-06-17 17:57:11 | WARNING  | fetcher                   | BIAFW | yfinance returned empty DataFrame
2026-06-17 17:57:11 | WARNING  | fetcher                   | BIDU | yfinance returned empty DataFrame
2026-06-17 17:57:11 | WARNING  | fetcher                   | BIII | yfinance returned empty DataFrame
2026-06-17 17:57:11 | WARNING  | fetcher                   | BIIB | yfinance returned empty DataFrame
2026-06-17 17:57:11 | WARNING  | fetcher                   | BIDWU | yfinance returned empty DataFrame
2026-06-17 17:57:11 | WARNING  | fetcher                   | BILI | yfinance returned empty DataFrame
2026-06-17 17:57:11 | WARNING  | fetcher                   | BIO | yfinance returned empty DataFrame
2026-06-17 17:57:11 | WARNING  | fetcher                   | BILL | yfinance returned empty DataFrame
2026-06-17 17:57:11 | WARNING  | fetcher                   | BIO.B | yfinance returned empty DataFrame
2026-06-17 17:57:11 | WARNING  | fetcher                   | BIOA | yfinance returned empty DataFrame
2026-06-17 17:57:11 | WARNING  | fetcher                   | BIP | yfinance returned empty DataFrame
2026-06-17 17:57:11 | WARNING  | fetcher                   | BIRK | yfinance returned empty DataFrame
2026-06-17 17:57:11 | WARNING  | fetcher                   | BIPH | yfinance returned empty DataFrame
2026-06-17 17:57:11 | WARNING  | fetcher                   | BIPI | yfinance returned empty DataFrame
2026-06-17 17:57:11 | WARNING  | fetcher                   | BIPJ | yfinance returned empty DataFrame
2026-06-17 17:57:11 | WARNING  | fetcher                   | BIPC | yfinance returned empty DataFrame
2026-06-17 17:57:11 | WARNING  | fetcher                   | BIRD | yfinance returned empty DataFrame
2026-06-17 17:57:11 | WARNING  | fetcher                   | BIVIW | yfinance returned empty DataFrame
2026-06-17 17:57:11 | WARNING  | fetcher                   | BIT | yfinance returned empty DataFrame
2026-06-17 17:57:11 | WARNING  | fetcher                   | BIVI | yfinance returned empty DataFrame
2026-06-17 17:57:11 | WARNING  | fetcher                   | BIXIU | yfinance returned empty DataFrame
2026-06-17 17:57:11 | WARNING  | fetcher                   | BKE | yfinance returned empty DataFrame
2026-06-17 17:57:11 | WARNING  | fetcher                   | BIXIW | yfinance returned empty DataFrame
2026-06-17 17:57:11 | WARNING  | fetcher                   | BKD | yfinance returned empty DataFrame
2026-06-17 17:57:11 | WARNING  | fetcher                   | BIYA | yfinance returned empty DataFrame
2026-06-17 17:57:11 | WARNING  | fetcher                   | BJRI | yfinance returned empty DataFrame
2026-06-17 17:57:11 | WARNING  | fetcher                   | BJ | yfinance returned empty DataFrame
2026-06-17 17:57:12 | WARNING  | fetcher                   | BJDX | yfinance returned empty DataFrame
2026-06-17 17:57:12 | WARNING  | fetcher                   | BIXI | yfinance returned empty DataFrame
2026-06-17 17:57:12 | WARNING  | fetcher                   | BKH | yfinance returned empty DataFrame
2026-06-17 17:57:12 | WARNING  | fetcher                   | BKR | yfinance returned empty DataFrame
2026-06-17 17:57:12 | WARNING  | fetcher                   | BKKT | yfinance returned empty DataFrame
2026-06-17 17:57:12 | WARNING  | fetcher                   | BKSY | yfinance returned empty DataFrame
2026-06-17 17:57:12 | WARNING  | fetcher                   | BKT | yfinance returned empty DataFrame
2026-06-17 17:57:12 | WARNING  | fetcher                   | BKTI | yfinance returned empty DataFrame
2026-06-17 17:57:12 | WARNING  | fetcher                   | BKNG | yfinance returned empty DataFrame
2026-06-17 17:57:12 | WARNING  | fetcher                   | BKU | yfinance returned empty DataFrame
2026-06-17 17:57:12 | WARNING  | fetcher                   | Batch: 50 tickers failed: ['BHFAM', 'BHFAN', 'BHFAO', 'BHFAP', 'BHK', 'BHV', 'BHVN', 'BHM', 'BHP', 'BHRB']...
2026-06-17 17:57:12 | WARNING  | fetcher                   | Batch returned no data
2026-06-17 17:57:12 | INFO     | fetcher                   | Batch 18/132 | 50 tickers
2026-06-17 17:57:12 | WARNING  | fetcher                   | BKV | yfinance returned empty DataFrame
2026-06-17 17:57:12 | WARNING  | fetcher                   | BL | yfinance returned empty DataFrame
2026-06-17 17:57:12 | WARNING  | fetcher                   | BLBD | yfinance returned empty DataFrame
2026-06-17 17:57:12 | WARNING  | fetcher                   | BLCO | yfinance returned empty DataFrame
2026-06-17 17:57:12 | WARNING  | fetcher                   | BLDP | yfinance returned empty DataFrame
2026-06-17 17:57:12 | WARNING  | fetcher                   | BLD | yfinance returned empty DataFrame
2026-06-17 17:57:12 | WARNING  | fetcher                   | BLDR | yfinance returned empty DataFrame
2026-06-17 17:57:12 | WARNING  | fetcher                   | BLIN | yfinance returned empty DataFrame
2026-06-17 17:57:12 | WARNING  | fetcher                   | BLIV | yfinance returned empty DataFrame
2026-06-17 17:57:12 | WARNING  | fetcher                   | BLK | yfinance returned empty DataFrame
2026-06-17 17:57:12 | WARNING  | fetcher                   | BLLN | yfinance returned empty DataFrame
2026-06-17 17:57:12 | WARNING  | fetcher                   | BLMN | yfinance returned empty DataFrame
2026-06-17 17:57:12 | WARNING  | fetcher                   | BLKB | yfinance returned empty DataFrame
2026-06-17 17:57:12 | WARNING  | fetcher                   | BLFS | yfinance returned empty DataFrame
2026-06-17 17:57:12 | WARNING  | fetcher                   | BLND | yfinance returned empty DataFrame
2026-06-17 17:57:12 | WARNING  | fetcher                   | BLNE | yfinance returned empty DataFrame
2026-06-17 17:57:12 | WARNING  | fetcher                   | BLSH | yfinance returned empty DataFrame
2026-06-17 17:57:12 | WARNING  | fetcher                   | BLRK | yfinance returned empty DataFrame
2026-06-17 17:57:12 | WARNING  | fetcher                   | BLRKW | yfinance returned empty DataFrame
2026-06-17 17:57:12 | WARNING  | fetcher                   | BLRKU | yfinance returned empty DataFrame
2026-06-17 17:57:12 | WARNING  | fetcher                   | BLUWU | yfinance returned empty DataFrame
2026-06-17 17:57:12 | WARNING  | fetcher                   | BLUWW | yfinance returned empty DataFrame
2026-06-17 17:57:12 | WARNING  | fetcher                   | BLRX | yfinance returned empty DataFrame
2026-06-17 17:57:12 | WARNING  | fetcher                   | BLTE | yfinance returned empty DataFrame
2026-06-17 17:57:12 | WARNING  | fetcher                   | BLX | yfinance returned empty DataFrame
2026-06-17 17:57:12 | WARNING  | fetcher                   | BLW | yfinance returned empty DataFrame
2026-06-17 17:57:12 | WARNING  | fetcher                   | BLUW | yfinance returned empty DataFrame
2026-06-17 17:57:12 | WARNING  | fetcher                   | BLZE | yfinance returned empty DataFrame
2026-06-17 17:57:12 | WARNING  | fetcher                   | BLZRU | yfinance returned empty DataFrame
2026-06-17 17:57:12 | WARNING  | fetcher                   | BLZRW | yfinance returned empty DataFrame
2026-06-17 17:57:12 | WARNING  | fetcher                   | BLZR | yfinance returned empty DataFrame
2026-06-17 17:57:12 | WARNING  | fetcher                   | BMA | yfinance returned empty DataFrame
2026-06-17 17:57:12 | WARNING  | fetcher                   | BMBL | yfinance returned empty DataFrame
2026-06-17 17:57:12 | WARNING  | fetcher                   | BMN | yfinance returned empty DataFrame
2026-06-17 17:57:12 | WARNING  | fetcher                   | BME | yfinance returned empty DataFrame
2026-06-17 17:57:12 | WARNING  | fetcher                   | BMEZ | yfinance returned empty DataFrame
2026-06-17 17:57:12 | WARNING  | fetcher                   | BMI | yfinance returned empty DataFrame
2026-06-17 17:57:12 | WARNING  | fetcher                   | BMHL | yfinance returned empty DataFrame
2026-06-17 17:57:12 | WARNING  | fetcher                   | BMEA | yfinance returned empty DataFrame
2026-06-17 17:57:12 | WARNING  | fetcher                   | BMM | yfinance returned empty DataFrame
2026-06-17 17:57:12 | WARNING  | fetcher                   | BMNR | yfinance returned empty DataFrame
2026-06-17 17:57:12 | WARNING  | fetcher                   | BMNP | yfinance returned empty DataFrame
2026-06-17 17:57:12 | WARNING  | fetcher                   | BMO | yfinance returned empty DataFrame
2026-06-17 17:57:12 | WARNING  | fetcher                   | BMR | yfinance returned empty DataFrame
2026-06-17 17:57:12 | WARNING  | fetcher                   | BMRA | yfinance returned empty DataFrame
2026-06-17 17:57:12 | WARNING  | fetcher                   | BMRC | yfinance returned empty DataFrame
2026-06-17 17:57:12 | WARNING  | fetcher                   | BMRN | yfinance returned empty DataFrame
2026-06-17 17:57:12 | WARNING  | fetcher                   | BN | yfinance returned empty DataFrame
2026-06-17 17:57:12 | WARNING  | fetcher                   | BMY | yfinance returned empty DataFrame
2026-06-17 17:57:12 | WARNING  | fetcher                   | BNAI | yfinance returned empty DataFrame
2026-06-17 17:57:12 | WARNING  | fetcher                   | Batch: 50 tickers failed: ['BKV', 'BL', 'BLBD', 'BLCO', 'BLDP', 'BLD', 'BLDR', 'BLIN', 'BLIV', 'BLK']...
2026-06-17 17:57:12 | WARNING  | fetcher                   | Batch returned no data
2026-06-17 17:57:12 | INFO     | fetcher                   | Batch 19/132 | 50 tickers
2026-06-17 17:57:12 | WARNING  | fetcher                   | BNAIW | yfinance returned empty DataFrame
2026-06-17 17:57:12 | WARNING  | fetcher                   | BNED | yfinance returned empty DataFrame
2026-06-17 17:57:12 | WARNING  | fetcher                   | BNGO | yfinance returned empty DataFrame
2026-06-17 17:57:12 | WARNING  | fetcher                   | BNH | yfinance returned empty DataFrame
2026-06-17 17:57:12 | WARNING  | fetcher                   | BNJ | yfinance returned empty DataFrame
2026-06-17 17:57:12 | WARNING  | fetcher                   | BNKK | yfinance returned empty DataFrame
2026-06-17 17:57:12 | WARNING  | fetcher                   | BNT | yfinance returned empty DataFrame
2026-06-17 17:57:12 | WARNING  | fetcher                   | BNY | yfinance returned empty DataFrame
2026-06-17 17:57:12 | WARNING  | fetcher                   | BNTX | yfinance returned empty DataFrame
2026-06-17 17:57:12 | WARNING  | fetcher                   | BNTC | yfinance returned empty DataFrame
2026-06-17 17:57:12 | WARNING  | fetcher                   | BNL | yfinance returned empty DataFrame
2026-06-17 17:57:12 | WARNING  | fetcher                   | BNR | yfinance returned empty DataFrame
2026-06-17 17:57:12 | WARNING  | fetcher                   | BNZI | yfinance returned empty DataFrame
2026-06-17 17:57:12 | WARNING  | fetcher                   | BNRG | yfinance returned empty DataFrame
2026-06-17 17:57:12 | WARNING  | fetcher                   | BNS | yfinance returned empty DataFrame
2026-06-17 17:57:12 | WARNING  | fetcher                   | BNZIW | yfinance returned empty DataFrame
2026-06-17 17:57:12 | WARNING  | fetcher                   | BOE | yfinance returned empty DataFrame
2026-06-17 17:57:12 | WARNING  | fetcher                   | BOBS | yfinance returned empty DataFrame
2026-06-17 17:57:12 | WARNING  | fetcher                   | BOC | yfinance returned empty DataFrame
2026-06-17 17:57:12 | WARNING  | fetcher                   | BOF | yfinance returned empty DataFrame
2026-06-17 17:57:12 | WARNING  | fetcher                   | BODI | yfinance returned empty DataFrame
2026-06-17 17:57:12 | WARNING  | fetcher                   | BOH | yfinance returned empty DataFrame
2026-06-17 17:57:12 | WARNING  | fetcher                   | BOKF | yfinance returned empty DataFrame
2026-06-17 17:57:12 | WARNING  | fetcher                   | BOLD | yfinance returned empty DataFrame
2026-06-17 17:57:12 | WARNING  | fetcher                   | BOLT | yfinance returned empty DataFrame
2026-06-17 17:57:12 | WARNING  | fetcher                   | BON | yfinance returned empty DataFrame
2026-06-17 17:57:12 | WARNING  | fetcher                   | BOOM | yfinance returned empty DataFrame
2026-06-17 17:57:12 | WARNING  | fetcher                   | BORR | yfinance returned empty DataFrame
2026-06-17 17:57:12 | WARNING  | fetcher                   | BOT | yfinance returned empty DataFrame
2026-06-17 17:57:12 | WARNING  | fetcher                   | BOSC | yfinance returned empty DataFrame
2026-06-17 17:57:12 | WARNING  | fetcher                   | BOTJ | yfinance returned empty DataFrame
2026-06-17 17:57:12 | WARNING  | fetcher                   | BOOT | yfinance returned empty DataFrame
2026-06-17 17:57:12 | WARNING  | fetcher                   | BOW | yfinance returned empty DataFrame
2026-06-17 17:57:12 | WARNING  | fetcher                   | BOX | yfinance returned empty DataFrame
2026-06-17 17:57:12 | WARNING  | fetcher                   | BP | yfinance returned empty DataFrame
2026-06-17 17:57:12 | WARNING  | fetcher                   | BPAC | yfinance returned empty DataFrame
2026-06-17 17:57:12 | WARNING  | fetcher                   | BPACU | yfinance returned empty DataFrame
2026-06-17 17:57:12 | WARNING  | fetcher                   | BPACR | yfinance returned empty DataFrame
2026-06-17 17:57:12 | WARNING  | fetcher                   | BPOP | yfinance returned empty DataFrame
2026-06-17 17:57:12 | WARNING  | fetcher                   | BPRE | yfinance returned empty DataFrame
2026-06-17 17:57:12 | WARNING  | fetcher                   | BPOPM | yfinance returned empty DataFrame
2026-06-17 17:57:12 | WARNING  | fetcher                   | BPRN | yfinance returned empty DataFrame
2026-06-17 17:57:12 | WARNING  | fetcher                   | BPYPM | yfinance returned empty DataFrame
2026-06-17 17:57:12 | WARNING  | fetcher                   | BQ | yfinance returned empty DataFrame
2026-06-17 17:57:12 | WARNING  | fetcher                   | BPYPN | yfinance returned empty DataFrame
2026-06-17 17:57:12 | WARNING  | fetcher                   | BPYPP | yfinance returned empty DataFrame
2026-06-17 17:57:13 | WARNING  | fetcher                   | BPYPO | yfinance returned empty DataFrame
2026-06-17 17:57:13 | WARNING  | fetcher                   | BRAI | yfinance returned empty DataFrame
2026-06-17 17:57:13 | WARNING  | fetcher                   | BR | yfinance returned empty DataFrame
2026-06-17 17:57:13 | WARNING  | fetcher                   | BRAG | yfinance returned empty DataFrame
2026-06-17 17:57:13 | WARNING  | fetcher                   | Batch: 50 tickers failed: ['BNAIW', 'BNED', 'BNGO', 'BNH', 'BNJ', 'BNKK', 'BNT', 'BNY', 'BNTX', 'BNTC']...
2026-06-17 17:57:13 | WARNING  | fetcher                   | Batch returned no data
2026-06-17 17:57:13 | INFO     | fetcher                   | Batch 20/132 | 50 tickers
2026-06-17 17:57:13 | WARNING  | fetcher                   | BRBI | yfinance returned empty DataFrame
2026-06-17 17:57:13 | WARNING  | fetcher                   | BRBR | yfinance returned empty DataFrame
2026-06-17 17:57:13 | WARNING  | fetcher                   | BRBS | yfinance returned empty DataFrame
2026-06-17 17:57:13 | WARNING  | fetcher                   | BRC | yfinance returned empty DataFrame
2026-06-17 17:57:13 | WARNING  | fetcher                   | BRCB | yfinance returned empty DataFrame
2026-06-17 17:57:13 | WARNING  | fetcher                   | BRCC | yfinance returned empty DataFrame
2026-06-17 17:57:13 | WARNING  | fetcher                   | BRID | yfinance returned empty DataFrame
2026-06-17 17:57:13 | WARNING  | fetcher                   | BREZ | yfinance returned empty DataFrame
2026-06-17 17:57:13 | WARNING  | fetcher                   | BREZR | yfinance returned empty DataFrame
2026-06-17 17:57:13 | WARNING  | fetcher                   | BRK.A | yfinance returned empty DataFrame
2026-06-17 17:57:13 | WARNING  | fetcher                   | BRFH | yfinance returned empty DataFrame
2026-06-17 17:57:13 | WARNING  | fetcher                   | BRIA | yfinance returned empty DataFrame
2026-06-17 17:57:13 | WARNING  | fetcher                   | BRK.B | yfinance returned empty DataFrame
2026-06-17 17:57:13 | WARNING  | fetcher                   | BRKHU | yfinance returned empty DataFrame
2026-06-17 17:57:13 | WARNING  | fetcher                   | BRKR | yfinance returned empty DataFrame
2026-06-17 17:57:13 | WARNING  | fetcher                   | BRN | yfinance returned empty DataFrame
2026-06-17 17:57:13 | WARNING  | fetcher                   | BRLT | yfinance returned empty DataFrame
2026-06-17 17:57:13 | WARNING  | fetcher                   | BRO | yfinance returned empty DataFrame
2026-06-17 17:57:13 | WARNING  | fetcher                   | BRSL | yfinance returned empty DataFrame
2026-06-17 17:57:13 | WARNING  | fetcher                   | BRKRP | yfinance returned empty DataFrame
2026-06-17 17:57:13 | WARNING  | fetcher                   | BRSP | yfinance returned empty DataFrame
2026-06-17 17:57:13 | WARNING  | fetcher                   | BROS | yfinance returned empty DataFrame
2026-06-17 17:57:13 | WARNING  | fetcher                   | BRUN | yfinance returned empty DataFrame
2026-06-17 17:57:13 | WARNING  | fetcher                   | BRT | yfinance returned empty DataFrame
2026-06-17 17:57:13 | WARNING  | fetcher                   | BRUNW | yfinance returned empty DataFrame
2026-06-17 17:57:13 | WARNING  | fetcher                   | BRW | yfinance returned empty DataFrame
2026-06-17 17:57:13 | WARNING  | fetcher                   | BRZE | yfinance returned empty DataFrame
2026-06-17 17:57:13 | WARNING  | fetcher                   | BSAAR | yfinance returned empty DataFrame
2026-06-17 17:57:13 | WARNING  | fetcher                   | BSAA | yfinance returned empty DataFrame
2026-06-17 17:57:13 | WARNING  | fetcher                   | BRX | yfinance returned empty DataFrame
2026-06-17 17:57:13 | WARNING  | fetcher                   | BSAAU | yfinance returned empty DataFrame
2026-06-17 17:57:13 | WARNING  | fetcher                   | BSAC | yfinance returned empty DataFrame
2026-06-17 17:57:13 | WARNING  | fetcher                   | BSBK | yfinance returned empty DataFrame
2026-06-17 17:57:13 | WARNING  | fetcher                   | BSET | yfinance returned empty DataFrame
2026-06-17 17:57:13 | WARNING  | fetcher                   | BSBR | yfinance returned empty DataFrame
2026-06-17 17:57:13 | WARNING  | fetcher                   | BSL | yfinance returned empty DataFrame
2026-06-17 17:57:13 | WARNING  | fetcher                   | BSIN | yfinance returned empty DataFrame
2026-06-17 17:57:13 | WARNING  | fetcher                   | BSTZ | yfinance returned empty DataFrame
2026-06-17 17:57:13 | WARNING  | fetcher                   | BST | yfinance returned empty DataFrame
2026-06-17 17:57:13 | WARNING  | fetcher                   | BSM | yfinance returned empty DataFrame
2026-06-17 17:57:13 | WARNING  | fetcher                   | BSRR | yfinance returned empty DataFrame
2026-06-17 17:57:13 | WARNING  | fetcher                   | BSVN | yfinance returned empty DataFrame
2026-06-17 17:57:13 | WARNING  | fetcher                   | BSX | yfinance returned empty DataFrame
2026-06-17 17:57:13 | WARNING  | fetcher                   | BTCS | yfinance returned empty DataFrame
2026-06-17 17:57:13 | WARNING  | fetcher                   | BTBT | yfinance returned empty DataFrame
2026-06-17 17:57:13 | WARNING  | fetcher                   | BTAI | yfinance returned empty DataFrame
2026-06-17 17:57:13 | WARNING  | fetcher                   | BSY | yfinance returned empty DataFrame
2026-06-17 17:57:13 | WARNING  | fetcher                   | BTCT | yfinance returned empty DataFrame
2026-06-17 17:57:13 | WARNING  | fetcher                   | BTE | yfinance returned empty DataFrame
2026-06-17 17:57:13 | WARNING  | fetcher                   | BTDR | yfinance returned empty DataFrame
2026-06-17 17:57:13 | WARNING  | fetcher                   | Batch: 50 tickers failed: ['BRBI', 'BRBR', 'BRBS', 'BRC', 'BRCB', 'BRCC', 'BRID', 'BREZ', 'BREZR', 'BRK.A']...
2026-06-17 17:57:13 | WARNING  | fetcher                   | Batch returned no data
2026-06-17 17:57:13 | INFO     | fetcher                   | Batch 21/132 | 50 tickers
2026-06-17 17:57:13 | WARNING  | fetcher                   | BTG | yfinance returned empty DataFrame
2026-06-17 17:57:13 | WARNING  | fetcher                   | BTGO | yfinance returned empty DataFrame
2026-06-17 17:57:13 | WARNING  | fetcher                   | BTI | yfinance returned empty DataFrame
2026-06-17 17:57:13 | WARNING  | fetcher                   | BTMD | yfinance returned empty DataFrame
2026-06-17 17:57:13 | WARNING  | fetcher                   | BTO | yfinance returned empty DataFrame
2026-06-17 17:57:13 | WARNING  | fetcher                   | BTOG | yfinance returned empty DataFrame
2026-06-17 17:57:13 | WARNING  | fetcher                   | BTQ | yfinance returned empty DataFrame
2026-06-17 17:57:13 | WARNING  | fetcher                   | BTSG | yfinance returned empty DataFrame
2026-06-17 17:57:13 | WARNING  | fetcher                   | BTX | yfinance returned empty DataFrame
2026-06-17 17:57:13 | WARNING  | fetcher                   | BTU | yfinance returned empty DataFrame
2026-06-17 17:57:13 | WARNING  | fetcher                   | BTZ | yfinance returned empty DataFrame
2026-06-17 17:57:13 | WARNING  | fetcher                   | BTSGU | yfinance returned empty DataFrame
2026-06-17 17:57:13 | WARNING  | fetcher                   | BTT | yfinance returned empty DataFrame
2026-06-17 17:57:13 | WARNING  | fetcher                   | BTTC | yfinance returned empty DataFrame
2026-06-17 17:57:13 | WARNING  | fetcher                   | BUD | yfinance returned empty DataFrame
2026-06-17 17:57:13 | WARNING  | fetcher                   | BUDA | yfinance returned empty DataFrame
2026-06-17 17:57:13 | WARNING  | fetcher                   | BULLW | yfinance returned empty DataFrame
2026-06-17 17:57:13 | WARNING  | fetcher                   | BULL | yfinance returned empty DataFrame
2026-06-17 17:57:13 | WARNING  | fetcher                   | BUI | yfinance returned empty DataFrame
2026-06-17 17:57:13 | WARNING  | fetcher                   | BUR | yfinance returned empty DataFrame
2026-06-17 17:57:13 | WARNING  | fetcher                   | BURL | yfinance returned empty DataFrame
2026-06-17 17:57:13 | WARNING  | fetcher                   | BUSE | yfinance returned empty DataFrame
2026-06-17 17:57:13 | WARNING  | fetcher                   | BURU | yfinance returned empty DataFrame
2026-06-17 17:57:13 | WARNING  | fetcher                   | BUUU | yfinance returned empty DataFrame
2026-06-17 17:57:13 | WARNING  | fetcher                   | BV | yfinance returned empty DataFrame
2026-06-17 17:57:13 | WARNING  | fetcher                   | BUSEP | yfinance returned empty DataFrame
2026-06-17 17:57:13 | WARNING  | fetcher                   | BWAY | yfinance returned empty DataFrame
2026-06-17 17:57:13 | WARNING  | fetcher                   | BVFL | yfinance returned empty DataFrame
2026-06-17 17:57:13 | WARNING  | fetcher                   | BVC | yfinance returned empty DataFrame
2026-06-17 17:57:13 | WARNING  | fetcher                   | BVS | yfinance returned empty DataFrame
2026-06-17 17:57:13 | WARNING  | fetcher                   | BW | yfinance returned empty DataFrame
2026-06-17 17:57:13 | WARNING  | fetcher                   | BWA | yfinance returned empty DataFrame
2026-06-17 17:57:13 | WARNING  | fetcher                   | BVN | yfinance returned empty DataFrame
2026-06-17 17:57:13 | WARNING  | fetcher                   | BWB | yfinance returned empty DataFrame
2026-06-17 17:57:13 | WARNING  | fetcher                   | BWBBP | yfinance returned empty DataFrame
2026-06-17 17:57:13 | WARNING  | fetcher                   | BWEN | yfinance returned empty DataFrame
2026-06-17 17:57:13 | WARNING  | fetcher                   | BWG | yfinance returned empty DataFrame
2026-06-17 17:57:13 | WARNING  | fetcher                   | BWFG | yfinance returned empty DataFrame
2026-06-17 17:57:13 | WARNING  | fetcher                   | BWIN | yfinance returned empty DataFrame
2026-06-17 17:57:13 | WARNING  | fetcher                   | BWIV | yfinance returned empty DataFrame
2026-06-17 17:57:13 | WARNING  | fetcher                   | BWMN | yfinance returned empty DataFrame
2026-06-17 17:57:13 | WARNING  | fetcher                   | BWLP | yfinance returned empty DataFrame
2026-06-17 17:57:13 | WARNING  | fetcher                   | BWMX | yfinance returned empty DataFrame
2026-06-17 17:57:13 | WARNING  | fetcher                   | BWNB | yfinance returned empty DataFrame
2026-06-17 17:57:13 | WARNING  | fetcher                   | BXDC | yfinance returned empty DataFrame
2026-06-17 17:57:13 | WARNING  | fetcher                   | BXC | yfinance returned empty DataFrame
2026-06-17 17:57:13 | WARNING  | fetcher                   | BWXT | yfinance returned empty DataFrame
2026-06-17 17:57:13 | WARNING  | fetcher                   | BXP | yfinance returned empty DataFrame
2026-06-17 17:57:13 | WARNING  | fetcher                   | BX | yfinance returned empty DataFrame
2026-06-17 17:57:13 | WARNING  | fetcher                   | BXMT | yfinance returned empty DataFrame
2026-06-17 17:57:13 | WARNING  | fetcher                   | Batch: 50 tickers failed: ['BTG', 'BTGO', 'BTI', 'BTMD', 'BTO', 'BTOG', 'BTQ', 'BTSG', 'BTX', 'BTU']...
2026-06-17 17:57:13 | WARNING  | fetcher                   | Batch returned no data
2026-06-17 17:57:13 | INFO     | fetcher                   | Batch 22/132 | 50 tickers
2026-06-17 17:57:13 | WARNING  | fetcher                   | BXSL | yfinance returned empty DataFrame
2026-06-17 17:57:13 | WARNING  | fetcher                   | BY | yfinance returned empty DataFrame
2026-06-17 17:57:13 | WARNING  | fetcher                   | BYAH | yfinance returned empty DataFrame
2026-06-17 17:57:13 | WARNING  | fetcher                   | BYD | yfinance returned empty DataFrame
2026-06-17 17:57:13 | WARNING  | fetcher                   | BYFC | yfinance returned empty DataFrame
2026-06-17 17:57:13 | WARNING  | fetcher                   | BYSI | yfinance returned empty DataFrame
2026-06-17 17:57:13 | WARNING  | fetcher                   | BZ | yfinance returned empty DataFrame
2026-06-17 17:57:13 | WARNING  | fetcher                   | BZFD | yfinance returned empty DataFrame
2026-06-17 17:57:13 | WARNING  | fetcher                   | BZFDW | yfinance returned empty DataFrame
2026-06-17 17:57:13 | WARNING  | fetcher                   | BYRN | yfinance returned empty DataFrame
2026-06-17 17:57:13 | WARNING  | fetcher                   | BZAI | yfinance returned empty DataFrame
2026-06-17 17:57:13 | WARNING  | fetcher                   | BZAIW | yfinance returned empty DataFrame
2026-06-17 17:57:13 | WARNING  | fetcher                   | BZH | yfinance returned empty DataFrame
2026-06-17 17:57:13 | WARNING  | fetcher                   | BZUN | yfinance returned empty DataFrame
2026-06-17 17:57:13 | WARNING  | fetcher                   | C | yfinance returned empty DataFrame
2026-06-17 17:57:13 | WARNING  | fetcher                   | CABO | yfinance returned empty DataFrame
2026-06-17 17:57:13 | WARNING  | fetcher                   | CAAS | yfinance returned empty DataFrame
2026-06-17 17:57:13 | WARNING  | fetcher                   | CABA | yfinance returned empty DataFrame
2026-06-17 17:57:13 | WARNING  | fetcher                   | CAAP | yfinance returned empty DataFrame
2026-06-17 17:57:13 | WARNING  | fetcher                   | CAC | yfinance returned empty DataFrame
2026-06-17 17:57:13 | WARNING  | fetcher                   | CACI | yfinance returned empty DataFrame
2026-06-17 17:57:13 | WARNING  | fetcher                   | CACC | yfinance returned empty DataFrame
2026-06-17 17:57:13 | WARNING  | fetcher                   | CADL | yfinance returned empty DataFrame
2026-06-17 17:57:14 | WARNING  | fetcher                   | CAES | yfinance returned empty DataFrame
2026-06-17 17:57:14 | WARNING  | fetcher                   | CAE | yfinance returned empty DataFrame
2026-06-17 17:57:14 | WARNING  | fetcher                   | CAG | yfinance returned empty DataFrame
2026-06-17 17:57:14 | WARNING  | fetcher                   | CAH | yfinance returned empty DataFrame
2026-06-17 17:57:14 | WARNING  | fetcher                   | CAF | yfinance returned empty DataFrame
2026-06-17 17:57:14 | WARNING  | fetcher                   | CAIIU | yfinance returned empty DataFrame
2026-06-17 17:57:14 | WARNING  | fetcher                   | CAI | yfinance returned empty DataFrame
2026-06-17 17:57:14 | WARNING  | fetcher                   | CAKE | yfinance returned empty DataFrame
2026-06-17 17:57:14 | WARNING  | fetcher                   | CAL | yfinance returned empty DataFrame
2026-06-17 17:57:14 | WARNING  | fetcher                   | CALM | yfinance returned empty DataFrame
2026-06-17 17:57:14 | WARNING  | fetcher                   | CALX | yfinance returned empty DataFrame
2026-06-17 17:57:14 | WARNING  | fetcher                   | CALY | yfinance returned empty DataFrame
2026-06-17 17:57:14 | WARNING  | fetcher                   | CAMT | yfinance returned empty DataFrame
2026-06-17 17:57:14 | WARNING  | fetcher                   | CANF | yfinance returned empty DataFrame
2026-06-17 17:57:14 | WARNING  | fetcher                   | CAPNR | yfinance returned empty DataFrame
2026-06-17 17:57:14 | WARNING  | fetcher                   | CAPL | yfinance returned empty DataFrame
2026-06-17 17:57:14 | WARNING  | fetcher                   | CANG | yfinance returned empty DataFrame
2026-06-17 17:57:14 | WARNING  | fetcher                   | CAMP | yfinance returned empty DataFrame
2026-06-17 17:57:14 | WARNING  | fetcher                   | CAPNU | yfinance returned empty DataFrame
2026-06-17 17:57:14 | WARNING  | fetcher                   | CAPR | yfinance returned empty DataFrame
2026-06-17 17:57:14 | WARNING  | fetcher                   | CAQ | yfinance returned empty DataFrame
2026-06-17 17:57:14 | WARNING  | fetcher                   | CAQUW | yfinance returned empty DataFrame
2026-06-17 17:57:14 | WARNING  | fetcher                   | CAR | yfinance returned empty DataFrame
2026-06-17 17:57:14 | WARNING  | fetcher                   | CAQUU | yfinance returned empty DataFrame
2026-06-17 17:57:14 | WARNING  | fetcher                   | CARE | yfinance returned empty DataFrame
2026-06-17 17:57:14 | WARNING  | fetcher                   | CARG | yfinance returned empty DataFrame
2026-06-17 17:57:14 | WARNING  | fetcher                   | CARL | yfinance returned empty DataFrame
2026-06-17 17:57:14 | WARNING  | fetcher                   | Batch: 50 tickers failed: ['BXSL', 'BY', 'BYAH', 'BYD', 'BYFC', 'BYSI', 'BZ', 'BZFD', 'BZFDW', 'BYRN']...
2026-06-17 17:57:14 | WARNING  | fetcher                   | Batch returned no data
2026-06-17 17:57:14 | INFO     | fetcher                   | Batch 23/132 | 50 tickers
2026-06-17 17:57:14 | WARNING  | fetcher                   | CARR | yfinance returned empty DataFrame
2026-06-17 17:57:14 | WARNING  | fetcher                   | CARS | yfinance returned empty DataFrame
2026-06-17 17:57:14 | WARNING  | fetcher                   | CART | yfinance returned empty DataFrame
2026-06-17 17:57:14 | WARNING  | fetcher                   | CASH | yfinance returned empty DataFrame
2026-06-17 17:57:14 | WARNING  | fetcher                   | CAVA | yfinance returned empty DataFrame
2026-06-17 17:57:14 | WARNING  | fetcher                   | CB | yfinance returned empty DataFrame
2026-06-17 17:57:14 | WARNING  | fetcher                   | CASS | yfinance returned empty DataFrame
2026-06-17 17:57:14 | WARNING  | fetcher                   | CATY | yfinance returned empty DataFrame
2026-06-17 17:57:14 | WARNING  | fetcher                   | CAST | yfinance returned empty DataFrame
2026-06-17 17:57:14 | WARNING  | fetcher                   | CASY | yfinance returned empty DataFrame
2026-06-17 17:57:14 | WARNING  | fetcher                   | CAT | yfinance returned empty DataFrame
2026-06-17 17:57:14 | WARNING  | fetcher                   | CATO | yfinance returned empty DataFrame
2026-06-17 17:57:14 | WARNING  | fetcher                   | CATX | yfinance returned empty DataFrame
2026-06-17 17:57:14 | WARNING  | fetcher                   | CBAN | yfinance returned empty DataFrame
2026-06-17 17:57:14 | WARNING  | fetcher                   | CBC | yfinance returned empty DataFrame
2026-06-17 17:57:14 | WARNING  | fetcher                   | CBIO | yfinance returned empty DataFrame
2026-06-17 17:57:14 | WARNING  | fetcher                   | CBFV | yfinance returned empty DataFrame
2026-06-17 17:57:14 | WARNING  | fetcher                   | CBK | yfinance returned empty DataFrame
2026-06-17 17:57:14 | WARNING  | fetcher                   | CBLL | yfinance returned empty DataFrame
2026-06-17 17:57:14 | WARNING  | fetcher                   | CBL | yfinance returned empty DataFrame
2026-06-17 17:57:14 | WARNING  | fetcher                   | CBNA | yfinance returned empty DataFrame
2026-06-17 17:57:14 | WARNING  | fetcher                   | CBNK | yfinance returned empty DataFrame
2026-06-17 17:57:14 | WARNING  | fetcher                   | CBOE | yfinance returned empty DataFrame
2026-06-17 17:57:14 | WARNING  | fetcher                   | CBUS | yfinance returned empty DataFrame
2026-06-17 17:57:14 | WARNING  | fetcher                   | CBRE | yfinance returned empty DataFrame
2026-06-17 17:57:14 | WARNING  | fetcher                   | CBRS | yfinance returned empty DataFrame
2026-06-17 17:57:14 | WARNING  | fetcher                   | CBT | yfinance returned empty DataFrame
2026-06-17 17:57:14 | WARNING  | fetcher                   | CBU | yfinance returned empty DataFrame
2026-06-17 17:57:14 | WARNING  | fetcher                   | CBSH | yfinance returned empty DataFrame
2026-06-17 17:57:14 | WARNING  | fetcher                   | CBZ | yfinance returned empty DataFrame
2026-06-17 17:57:14 | WARNING  | fetcher                   | CBRL | yfinance returned empty DataFrame
2026-06-17 17:57:14 | WARNING  | fetcher                   | CC | yfinance returned empty DataFrame
2026-06-17 17:57:14 | WARNING  | fetcher                   | CCAP | yfinance returned empty DataFrame
2026-06-17 17:57:14 | WARNING  | fetcher                   | CCAQ | yfinance returned empty DataFrame
2026-06-17 17:57:14 | WARNING  | fetcher                   | CCAQW | yfinance returned empty DataFrame
2026-06-17 17:57:14 | WARNING  | fetcher                   | CCB | yfinance returned empty DataFrame
2026-06-17 17:57:14 | WARNING  | fetcher                   | CCC | yfinance returned empty DataFrame
2026-06-17 17:57:14 | WARNING  | fetcher                   | CCBG | yfinance returned empty DataFrame
2026-06-17 17:57:14 | WARNING  | fetcher                   | CCAQU | yfinance returned empty DataFrame
2026-06-17 17:57:14 | WARNING  | fetcher                   | CCCC | yfinance returned empty DataFrame
2026-06-17 17:57:14 | WARNING  | fetcher                   | CCD | yfinance returned empty DataFrame
2026-06-17 17:57:14 | WARNING  | fetcher                   | CCEC | yfinance returned empty DataFrame
2026-06-17 17:57:14 | WARNING  | fetcher                   | CCEP | yfinance returned empty DataFrame
2026-06-17 17:57:14 | WARNING  | fetcher                   | CCGWW | yfinance returned empty DataFrame
2026-06-17 17:57:14 | WARNING  | fetcher                   | CCEL | yfinance returned empty DataFrame
2026-06-17 17:57:14 | WARNING  | fetcher                   | CCI | yfinance returned empty DataFrame
2026-06-17 17:57:14 | WARNING  | fetcher                   | CCIF | yfinance returned empty DataFrame
2026-06-17 17:57:14 | WARNING  | fetcher                   | CCII | yfinance returned empty DataFrame
2026-06-17 17:57:14 | WARNING  | fetcher                   | CCID | yfinance returned empty DataFrame
2026-06-17 17:57:14 | WARNING  | fetcher                   | CCIIU | yfinance returned empty DataFrame
2026-06-17 17:57:14 | WARNING  | fetcher                   | Batch: 50 tickers failed: ['CARR', 'CARS', 'CART', 'CASH', 'CAVA', 'CB', 'CASS', 'CATY', 'CAST', 'CASY']...
2026-06-17 17:57:14 | WARNING  | fetcher                   | Batch returned no data
2026-06-17 17:57:14 | INFO     | fetcher                   | Batch 24/132 | 50 tickers
2026-06-17 17:57:14 | WARNING  | fetcher                   | CCIIW | yfinance returned empty DataFrame
2026-06-17 17:57:14 | WARNING  | fetcher                   | CCIX | yfinance returned empty DataFrame
2026-06-17 17:57:14 | WARNING  | fetcher                   | CCIXU | yfinance returned empty DataFrame
2026-06-17 17:57:14 | WARNING  | fetcher                   | CCIXW | yfinance returned empty DataFrame
2026-06-17 17:57:14 | WARNING  | fetcher                   | CCNEP | yfinance returned empty DataFrame
2026-06-17 17:57:14 | WARNING  | fetcher                   | CCJ | yfinance returned empty DataFrame
2026-06-17 17:57:14 | WARNING  | fetcher                   | CCO | yfinance returned empty DataFrame
2026-06-17 17:57:14 | WARNING  | fetcher                   | CCK | yfinance returned empty DataFrame
2026-06-17 17:57:14 | WARNING  | fetcher                   | CCOI | yfinance returned empty DataFrame
2026-06-17 17:57:14 | WARNING  | fetcher                   | CCL | yfinance returned empty DataFrame
2026-06-17 17:57:14 | WARNING  | fetcher                   | CCRN | yfinance returned empty DataFrame
2026-06-17 17:57:14 | WARNING  | fetcher                   | CCLD | yfinance returned empty DataFrame
2026-06-17 17:57:14 | WARNING  | fetcher                   | CCM | yfinance returned empty DataFrame
2026-06-17 17:57:14 | WARNING  | fetcher                   | CCNE | yfinance returned empty DataFrame
2026-06-17 17:57:14 | WARNING  | fetcher                   | CCS | yfinance returned empty DataFrame
2026-06-17 17:57:14 | WARNING  | fetcher                   | CCSI | yfinance returned empty DataFrame
2026-06-17 17:57:14 | WARNING  | fetcher                   | CCXI | yfinance returned empty DataFrame
2026-06-17 17:57:14 | WARNING  | fetcher                   | CCU | yfinance returned empty DataFrame
2026-06-17 17:57:14 | WARNING  | fetcher                   | CCXIW | yfinance returned empty DataFrame
2026-06-17 17:57:14 | WARNING  | fetcher                   | CCXIU | yfinance returned empty DataFrame
2026-06-17 17:57:14 | WARNING  | fetcher                   | CCZ | yfinance returned empty DataFrame
2026-06-17 17:57:14 | WARNING  | fetcher                   | CD | yfinance returned empty DataFrame
2026-06-17 17:57:14 | WARNING  | fetcher                   | CDE | yfinance returned empty DataFrame
2026-06-17 17:57:14 | WARNING  | fetcher                   | CDLR | yfinance returned empty DataFrame
2026-06-17 17:57:14 | WARNING  | fetcher                   | CDIO | yfinance returned empty DataFrame
2026-06-17 17:57:14 | WARNING  | fetcher                   | CDIOW | yfinance returned empty DataFrame
2026-06-17 17:57:14 | WARNING  | fetcher                   | CDNL | yfinance returned empty DataFrame
2026-06-17 17:57:14 | WARNING  | fetcher                   | CDP | yfinance returned empty DataFrame
2026-06-17 17:57:14 | WARNING  | fetcher                   | CDRE | yfinance returned empty DataFrame
2026-06-17 17:57:14 | WARNING  | fetcher                   | CDNA | yfinance returned empty DataFrame
2026-06-17 17:57:14 | WARNING  | fetcher                   | CDRO | yfinance returned empty DataFrame
2026-06-17 17:57:14 | WARNING  | fetcher                   | CDROW | yfinance returned empty DataFrame
2026-06-17 17:57:14 | WARNING  | fetcher                   | CDW | yfinance returned empty DataFrame
2026-06-17 17:57:14 | WARNING  | fetcher                   | CDXS | yfinance returned empty DataFrame
2026-06-17 17:57:14 | WARNING  | fetcher                   | CDZI | yfinance returned empty DataFrame
2026-06-17 17:57:14 | WARNING  | fetcher                   | CDZIP | yfinance returned empty DataFrame
2026-06-17 17:57:14 | WARNING  | fetcher                   | CELH | yfinance returned empty DataFrame
2026-06-17 17:57:14 | WARNING  | fetcher                   | CE | yfinance returned empty DataFrame
2026-06-17 17:57:14 | WARNING  | fetcher                   | CEG | yfinance returned empty DataFrame
2026-06-17 17:57:14 | WARNING  | fetcher                   | CEE | yfinance returned empty DataFrame
2026-06-17 17:57:15 | WARNING  | fetcher                   | CELC | yfinance returned empty DataFrame
2026-06-17 17:57:15 | WARNING  | fetcher                   | CECO | yfinance returned empty DataFrame
2026-06-17 17:57:15 | WARNING  | fetcher                   | CELZ | yfinance returned empty DataFrame
2026-06-17 17:57:15 | WARNING  | fetcher                   | CENN | yfinance returned empty DataFrame
2026-06-17 17:57:15 | WARNING  | fetcher                   | CENT | yfinance returned empty DataFrame
2026-06-17 17:57:15 | WARNING  | fetcher                   | CENTA | yfinance returned empty DataFrame
2026-06-17 17:57:15 | WARNING  | fetcher                   | CENX | yfinance returned empty DataFrame
2026-06-17 17:57:15 | WARNING  | fetcher                   | CEPO | yfinance returned empty DataFrame
2026-06-17 17:57:15 | WARNING  | fetcher                   | CEPF | yfinance returned empty DataFrame
2026-06-17 17:57:15 | WARNING  | fetcher                   | CDNS | yfinance returned empty DataFrame
2026-06-17 17:57:15 | WARNING  | fetcher                   | Batch: 50 tickers failed: ['CCIIW', 'CCIX', 'CCIXU', 'CCIXW', 'CCNEP', 'CCJ', 'CCO', 'CCK', 'CCOI', 'CCL']...
2026-06-17 17:57:15 | WARNING  | fetcher                   | Batch returned no data
2026-06-17 17:57:15 | INFO     | fetcher                   | Batch 25/132 | 50 tickers
2026-06-17 17:57:15 | WARNING  | fetcher                   | CEPS | yfinance returned empty DataFrame
2026-06-17 17:57:15 | WARNING  | fetcher                   | CEPT | yfinance returned empty DataFrame
2026-06-17 17:57:15 | WARNING  | fetcher                   | CEPU | yfinance returned empty DataFrame
2026-06-17 17:57:15 | WARNING  | fetcher                   | CEPV | yfinance returned empty DataFrame
2026-06-17 17:57:15 | WARNING  | fetcher                   | CERS | yfinance returned empty DataFrame
2026-06-17 17:57:15 | WARNING  | fetcher                   | CFFI | yfinance returned empty DataFrame
2026-06-17 17:57:15 | WARNING  | fetcher                   | CFFN | yfinance returned empty DataFrame
2026-06-17 17:57:15 | WARNING  | fetcher                   | CFBK | yfinance returned empty DataFrame
2026-06-17 17:57:15 | WARNING  | fetcher                   | CET | yfinance returned empty DataFrame
2026-06-17 17:57:15 | WARNING  | fetcher                   | CERT | yfinance returned empty DataFrame
2026-06-17 17:57:15 | WARNING  | fetcher                   | CF | yfinance returned empty DataFrame
2026-06-17 17:57:15 | WARNING  | fetcher                   | CETX | yfinance returned empty DataFrame
2026-06-17 17:57:15 | WARNING  | fetcher                   | CEV | yfinance returned empty DataFrame
2026-06-17 17:57:15 | WARNING  | fetcher                   | CEVA | yfinance returned empty DataFrame
2026-06-17 17:57:15 | WARNING  | fetcher                   | CFG | yfinance returned empty DataFrame
2026-06-17 17:57:15 | WARNING  | fetcher                   | CFR | yfinance returned empty DataFrame
2026-06-17 17:57:15 | WARNING  | fetcher                   | CG | yfinance returned empty DataFrame
2026-06-17 17:57:15 | WARNING  | fetcher                   | CFND | yfinance returned empty DataFrame
2026-06-17 17:57:15 | WARNING  | fetcher                   | CGAU | yfinance returned empty DataFrame
2026-06-17 17:57:15 | WARNING  | fetcher                   | CGABL | yfinance returned empty DataFrame
2026-06-17 17:57:15 | WARNING  | fetcher                   | CGC | yfinance returned empty DataFrame
2026-06-17 17:57:15 | WARNING  | fetcher                   | CGEM | yfinance returned empty DataFrame
2026-06-17 17:57:15 | WARNING  | fetcher                   | CGBD | yfinance returned empty DataFrame
2026-06-17 17:57:15 | WARNING  | fetcher                   | CGO | yfinance returned empty DataFrame
2026-06-17 17:57:15 | WARNING  | fetcher                   | CGEN | yfinance returned empty DataFrame
2026-06-17 17:57:15 | WARNING  | fetcher                   | CGTL | yfinance returned empty DataFrame
2026-06-17 17:57:15 | WARNING  | fetcher                   | CGNT | yfinance returned empty DataFrame
2026-06-17 17:57:15 | WARNING  | fetcher                   | CGNX | yfinance returned empty DataFrame
2026-06-17 17:57:15 | WARNING  | fetcher                   | CGON | yfinance returned empty DataFrame
2026-06-17 17:57:15 | WARNING  | fetcher                   | CGTX | yfinance returned empty DataFrame
2026-06-17 17:57:15 | WARNING  | fetcher                   | CHAI | yfinance returned empty DataFrame
2026-06-17 17:57:15 | WARNING  | fetcher                   | CHA | yfinance returned empty DataFrame
2026-06-17 17:57:15 | WARNING  | fetcher                   | CHD | yfinance returned empty DataFrame
2026-06-17 17:57:15 | WARNING  | fetcher                   | CHCO | yfinance returned empty DataFrame
2026-06-17 17:57:15 | WARNING  | fetcher                   | CHCT | yfinance returned empty DataFrame
2026-06-17 17:57:15 | WARNING  | fetcher                   | CHCI | yfinance returned empty DataFrame
2026-06-17 17:57:15 | WARNING  | fetcher                   | CHDN | yfinance returned empty DataFrame
2026-06-17 17:57:15 | WARNING  | fetcher                   | CHE | yfinance returned empty DataFrame
2026-06-17 17:57:15 | WARNING  | fetcher                   | CHEC | yfinance returned empty DataFrame
2026-06-17 17:57:15 | WARNING  | fetcher                   | CHECU | yfinance returned empty DataFrame
2026-06-17 17:57:15 | WARNING  | fetcher                   | CHECW | yfinance returned empty DataFrame
2026-06-17 17:57:15 | WARNING  | fetcher                   | CHEF | yfinance returned empty DataFrame
2026-06-17 17:57:15 | WARNING  | fetcher                   | CHH | yfinance returned empty DataFrame
2026-06-17 17:57:15 | WARNING  | fetcher                   | CHI | yfinance returned empty DataFrame
2026-06-17 17:57:15 | WARNING  | fetcher                   | CHMG | yfinance returned empty DataFrame
2026-06-17 17:57:15 | WARNING  | fetcher                   | CHMI | yfinance returned empty DataFrame
2026-06-17 17:57:15 | WARNING  | fetcher                   | CHKP | yfinance returned empty DataFrame
2026-06-17 17:57:15 | WARNING  | fetcher                   | CHGG | yfinance returned empty DataFrame
2026-06-17 17:57:15 | WARNING  | fetcher                   | CHOW | yfinance returned empty DataFrame
2026-06-17 17:57:15 | WARNING  | fetcher                   | CHNR | yfinance returned empty DataFrame
2026-06-17 17:57:15 | WARNING  | fetcher                   | Batch: 50 tickers failed: ['CEPS', 'CEPT', 'CEPU', 'CEPV', 'CERS', 'CFFI', 'CFFN', 'CFBK', 'CET', 'CERT']...
2026-06-17 17:57:15 | WARNING  | fetcher                   | Batch returned no data
2026-06-17 17:57:15 | INFO     | fetcher                   | Batch 26/132 | 50 tickers
2026-06-17 17:57:15 | WARNING  | fetcher                   | CHPG | yfinance returned empty DataFrame
2026-06-17 17:57:15 | WARNING  | fetcher                   | CHPGR | yfinance returned empty DataFrame
2026-06-17 17:57:15 | WARNING  | fetcher                   | CHPGU | yfinance returned empty DataFrame
2026-06-17 17:57:15 | WARNING  | fetcher                   | CHPT | yfinance returned empty DataFrame
2026-06-17 17:57:15 | WARNING  | fetcher                   | CHSCM | yfinance returned empty DataFrame
2026-06-17 17:57:15 | WARNING  | fetcher                   | CHSCN | yfinance returned empty DataFrame
2026-06-17 17:57:15 | WARNING  | fetcher                   | CHR | yfinance returned empty DataFrame
2026-06-17 17:57:15 | WARNING  | fetcher                   | CHSCO | yfinance returned empty DataFrame
2026-06-17 17:57:15 | WARNING  | fetcher                   | CHRD | yfinance returned empty DataFrame
2026-06-17 17:57:15 | WARNING  | fetcher                   | CHRN | yfinance returned empty DataFrame
2026-06-17 17:57:15 | WARNING  | fetcher                   | CHSCP | yfinance returned empty DataFrame
2026-06-17 17:57:15 | WARNING  | fetcher                   | CHRW | yfinance returned empty DataFrame
2026-06-17 17:57:15 | WARNING  | fetcher                   | CHRS | yfinance returned empty DataFrame
2026-06-17 17:57:15 | WARNING  | fetcher                   | CHSCL | yfinance returned empty DataFrame
2026-06-17 17:57:15 | WARNING  | fetcher                   | CHSN | yfinance returned empty DataFrame
2026-06-17 17:57:15 | WARNING  | fetcher                   | CHTR | yfinance returned empty DataFrame
2026-06-17 17:57:15 | WARNING  | fetcher                   | CHT | yfinance returned empty DataFrame
2026-06-17 17:57:15 | WARNING  | fetcher                   | CHWY | yfinance returned empty DataFrame
2026-06-17 17:57:15 | WARNING  | fetcher                   | CHW | yfinance returned empty DataFrame
2026-06-17 17:57:15 | WARNING  | fetcher                   | CHYM | yfinance returned empty DataFrame
2026-06-17 17:57:15 | WARNING  | fetcher                   | CHY | yfinance returned empty DataFrame
2026-06-17 17:57:15 | WARNING  | fetcher                   | CI | yfinance returned empty DataFrame
2026-06-17 17:57:15 | WARNING  | fetcher                   | CIA | yfinance returned empty DataFrame
2026-06-17 17:57:15 | WARNING  | fetcher                   | CIG.C | yfinance returned empty DataFrame
2026-06-17 17:57:15 | WARNING  | fetcher                   | CICB | yfinance returned empty DataFrame
2026-06-17 17:57:15 | WARNING  | fetcher                   | CIF | yfinance returned empty DataFrame
2026-06-17 17:57:15 | WARNING  | fetcher                   | CIB | yfinance returned empty DataFrame
2026-06-17 17:57:15 | WARNING  | fetcher                   | CIFR | yfinance returned empty DataFrame
2026-06-17 17:57:15 | WARNING  | fetcher                   | CIEN | yfinance returned empty DataFrame
2026-06-17 17:57:15 | WARNING  | fetcher                   | CIG | yfinance returned empty DataFrame
2026-06-17 17:57:15 | WARNING  | fetcher                   | CIGI | yfinance returned empty DataFrame
2026-06-17 17:57:15 | WARNING  | fetcher                   | CICC | yfinance returned empty DataFrame
2026-06-17 17:57:15 | WARNING  | fetcher                   | CII | yfinance returned empty DataFrame
2026-06-17 17:57:15 | WARNING  | fetcher                   | CIIT | yfinance returned empty DataFrame
2026-06-17 17:57:15 | WARNING  | fetcher                   | CIK | yfinance returned empty DataFrame
2026-06-17 17:57:15 | WARNING  | fetcher                   | CIMO | yfinance returned empty DataFrame
2026-06-17 17:57:15 | WARNING  | fetcher                   | CIMN | yfinance returned empty DataFrame
2026-06-17 17:57:15 | WARNING  | fetcher                   | CIMP | yfinance returned empty DataFrame
2026-06-17 17:57:15 | WARNING  | fetcher                   | CIM | yfinance returned empty DataFrame
2026-06-17 17:57:15 | WARNING  | fetcher                   | CING | yfinance returned empty DataFrame
2026-06-17 17:57:15 | WARNING  | fetcher                   | CINF | yfinance returned empty DataFrame
2026-06-17 17:57:15 | WARNING  | fetcher                   | CINGW | yfinance returned empty DataFrame
2026-06-17 17:57:15 | WARNING  | fetcher                   | CINT | yfinance returned empty DataFrame
2026-06-17 17:57:15 | WARNING  | fetcher                   | CION | yfinance returned empty DataFrame
2026-06-17 17:57:15 | WARNING  | fetcher                   | CISS | yfinance returned empty DataFrame
2026-06-17 17:57:15 | WARNING  | fetcher                   | CITR | yfinance returned empty DataFrame
2026-06-17 17:57:15 | WARNING  | fetcher                   | CIVB | yfinance returned empty DataFrame
2026-06-17 17:57:15 | WARNING  | fetcher                   | CKX | yfinance returned empty DataFrame
2026-06-17 17:57:15 | WARNING  | fetcher                   | CIX | yfinance returned empty DataFrame
2026-06-17 17:57:15 | WARNING  | fetcher                   | CL | yfinance returned empty DataFrame
2026-06-17 17:57:15 | WARNING  | fetcher                   | Batch: 50 tickers failed: ['CHPG', 'CHPGR', 'CHPGU', 'CHPT', 'CHSCM', 'CHSCN', 'CHR', 'CHSCO', 'CHRD', 'CHRN']...
2026-06-17 17:57:15 | WARNING  | fetcher                   | Batch returned no data
2026-06-17 17:57:15 | INFO     | fetcher                   | Batch 27/132 | 50 tickers
2026-06-17 17:57:15 | WARNING  | fetcher                   | CLAR | yfinance returned empty DataFrame
2026-06-17 17:57:15 | WARNING  | fetcher                   | CLB | yfinance returned empty DataFrame
2026-06-17 17:57:15 | WARNING  | fetcher                   | CLBK | yfinance returned empty DataFrame
2026-06-17 17:57:15 | WARNING  | fetcher                   | CLBR | yfinance returned empty DataFrame
2026-06-17 17:57:15 | WARNING  | fetcher                   | CLBT | yfinance returned empty DataFrame
2026-06-17 17:57:15 | WARNING  | fetcher                   | CLH | yfinance returned empty DataFrame
2026-06-17 17:57:15 | WARNING  | fetcher                   | CLIK | yfinance returned empty DataFrame
2026-06-17 17:57:15 | WARNING  | fetcher                   | CLIR | yfinance returned empty DataFrame
2026-06-17 17:57:15 | WARNING  | fetcher                   | CLDT | yfinance returned empty DataFrame
2026-06-17 17:57:15 | WARNING  | fetcher                   | CLDI | yfinance returned empty DataFrame
2026-06-17 17:57:15 | WARNING  | fetcher                   | CLDX | yfinance returned empty DataFrame
2026-06-17 17:57:15 | WARNING  | fetcher                   | CLLS | yfinance returned empty DataFrame
2026-06-17 17:57:15 | WARNING  | fetcher                   | CLM | yfinance returned empty DataFrame
2026-06-17 17:57:16 | WARNING  | fetcher                   | CLFD | yfinance returned empty DataFrame
2026-06-17 17:57:16 | WARNING  | fetcher                   | CLF | yfinance returned empty DataFrame
2026-06-17 17:57:16 | WARNING  | fetcher                   | CLMT | yfinance returned empty DataFrame
2026-06-17 17:57:16 | WARNING  | fetcher                   | CLMB | yfinance returned empty DataFrame
2026-06-17 17:57:16 | WARNING  | fetcher                   | CLPT | yfinance returned empty DataFrame
2026-06-17 17:57:16 | WARNING  | fetcher                   | CLNN | yfinance returned empty DataFrame
2026-06-17 17:57:16 | WARNING  | fetcher                   | CLOV | yfinance returned empty DataFrame
2026-06-17 17:57:16 | WARNING  | fetcher                   | CLPR | yfinance returned empty DataFrame
2026-06-17 17:57:16 | WARNING  | fetcher                   | CLRB | yfinance returned empty DataFrame
2026-06-17 17:57:16 | WARNING  | fetcher                   | CLSK | yfinance returned empty DataFrame
2026-06-17 17:57:16 | WARNING  | fetcher                   | CLNE | yfinance returned empty DataFrame
2026-06-17 17:57:16 | WARNING  | fetcher                   | CLS | yfinance returned empty DataFrame
2026-06-17 17:57:16 | WARNING  | fetcher                   | CLSKW | yfinance returned empty DataFrame
2026-06-17 17:57:16 | WARNING  | fetcher                   | CLW | yfinance returned empty DataFrame
2026-06-17 17:57:16 | WARNING  | fetcher                   | CLVT | yfinance returned empty DataFrame
2026-06-17 17:57:16 | WARNING  | fetcher                   | CLST | yfinance returned empty DataFrame
2026-06-17 17:57:16 | WARNING  | fetcher                   | CMC | yfinance returned empty DataFrame
2026-06-17 17:57:16 | WARNING  | fetcher                   | CLWT | yfinance returned empty DataFrame
2026-06-17 17:57:16 | WARNING  | fetcher                   | CM | yfinance returned empty DataFrame
2026-06-17 17:57:16 | WARNING  | fetcher                   | CLYM | yfinance returned empty DataFrame
2026-06-17 17:57:16 | WARNING  | fetcher                   | CMBT | yfinance returned empty DataFrame
2026-06-17 17:57:16 | WARNING  | fetcher                   | CLX | yfinance returned empty DataFrame
2026-06-17 17:57:16 | WARNING  | fetcher                   | CMCO | yfinance returned empty DataFrame
2026-06-17 17:57:16 | WARNING  | fetcher                   | CMCL | yfinance returned empty DataFrame
2026-06-17 17:57:16 | WARNING  | fetcher                   | CMCM | yfinance returned empty DataFrame
2026-06-17 17:57:16 | WARNING  | fetcher                   | CMDB | yfinance returned empty DataFrame
2026-06-17 17:57:16 | WARNING  | fetcher                   | CMCT | yfinance returned empty DataFrame
2026-06-17 17:57:16 | WARNING  | fetcher                   | CMG | yfinance returned empty DataFrame
2026-06-17 17:57:16 | WARNING  | fetcher                   | CMI | yfinance returned empty DataFrame
2026-06-17 17:57:16 | WARNING  | fetcher                   | CMII | yfinance returned empty DataFrame
2026-06-17 17:57:16 | WARNING  | fetcher                   | CME | yfinance returned empty DataFrame
2026-06-17 17:57:16 | WARNING  | fetcher                   | CMCSA | yfinance returned empty DataFrame
2026-06-17 17:57:16 | WARNING  | fetcher                   | CMIIU | yfinance returned empty DataFrame
2026-06-17 17:57:16 | WARNING  | fetcher                   | CMIIW | yfinance returned empty DataFrame
2026-06-17 17:57:16 | WARNING  | fetcher                   | CMMB | yfinance returned empty DataFrame
2026-06-17 17:57:16 | WARNING  | fetcher                   | CMP | yfinance returned empty DataFrame
2026-06-17 17:57:16 | WARNING  | fetcher                   | CMND | yfinance returned empty DataFrame
2026-06-17 17:57:16 | WARNING  | fetcher                   | Batch: 50 tickers failed: ['CLAR', 'CLB', 'CLBK', 'CLBR', 'CLBT', 'CLH', 'CLIK', 'CLIR', 'CLDT', 'CLDI']...
2026-06-17 17:57:16 | WARNING  | fetcher                   | Batch returned no data
2026-06-17 17:57:16 | INFO     | fetcher                   | Batch 28/132 | 50 tickers
2026-06-17 17:57:16 | WARNING  | fetcher                   | CMPS | yfinance returned empty DataFrame
2026-06-17 17:57:16 | WARNING  | fetcher                   | CMPX | yfinance returned empty DataFrame
2026-06-17 17:57:16 | WARNING  | fetcher                   | CMPR | yfinance returned empty DataFrame
2026-06-17 17:57:16 | WARNING  | fetcher                   | CMRC | yfinance returned empty DataFrame
2026-06-17 17:57:16 | WARNING  | fetcher                   | CMRE | yfinance returned empty DataFrame
2026-06-17 17:57:16 | WARNING  | fetcher                   | CMTG | yfinance returned empty DataFrame
2026-06-17 17:57:16 | WARNING  | fetcher                   | CMS | yfinance returned empty DataFrame
2026-06-17 17:57:16 | WARNING  | fetcher                   | CMSA | yfinance returned empty DataFrame
2026-06-17 17:57:16 | WARNING  | fetcher                   | CMSC | yfinance returned empty DataFrame
2026-06-17 17:57:16 | WARNING  | fetcher                   | CMSD | yfinance returned empty DataFrame
2026-06-17 17:57:16 | WARNING  | fetcher                   | CMT | yfinance returned empty DataFrame
2026-06-17 17:57:16 | WARNING  | fetcher                   | CMTL | yfinance returned empty DataFrame
2026-06-17 17:57:16 | WARNING  | fetcher                   | CNC | yfinance returned empty DataFrame
2026-06-17 17:57:16 | WARNING  | fetcher                   | CMTV | yfinance returned empty DataFrame
2026-06-17 17:57:16 | WARNING  | fetcher                   | CNA | yfinance returned empty DataFrame
2026-06-17 17:57:16 | WARNING  | fetcher                   | CNDT | yfinance returned empty DataFrame
2026-06-17 17:57:16 | WARNING  | fetcher                   | CNCKW | yfinance returned empty DataFrame
2026-06-17 17:57:16 | WARNING  | fetcher                   | CNCK | yfinance returned empty DataFrame
2026-06-17 17:57:16 | WARNING  | fetcher                   | CNEY | yfinance returned empty DataFrame
2026-06-17 17:57:16 | WARNING  | fetcher                   | CNF | yfinance returned empty DataFrame
2026-06-17 17:57:16 | WARNING  | fetcher                   | CNL | yfinance returned empty DataFrame
2026-06-17 17:57:16 | WARNING  | fetcher                   | CNM | yfinance returned empty DataFrame
2026-06-17 17:57:16 | WARNING  | fetcher                   | CNH | yfinance returned empty DataFrame
2026-06-17 17:57:16 | WARNING  | fetcher                   | CNI | yfinance returned empty DataFrame
2026-06-17 17:57:16 | WARNING  | fetcher                   | CNMD | yfinance returned empty DataFrame
2026-06-17 17:57:16 | WARNING  | fetcher                   | CNK | yfinance returned empty DataFrame
2026-06-17 17:57:16 | WARNING  | fetcher                   | CNO | yfinance returned empty DataFrame
2026-06-17 17:57:16 | WARNING  | fetcher                   | CNNE | yfinance returned empty DataFrame
2026-06-17 17:57:16 | WARNING  | fetcher                   | CNOB | yfinance returned empty DataFrame
2026-06-17 17:57:16 | WARNING  | fetcher                   | CNP | yfinance returned empty DataFrame
2026-06-17 17:57:16 | WARNING  | fetcher                   | CNOBP | yfinance returned empty DataFrame
2026-06-17 17:57:16 | WARNING  | fetcher                   | CNQ | yfinance returned empty DataFrame
2026-06-17 17:57:16 | WARNING  | fetcher                   | CNSP | yfinance returned empty DataFrame
2026-06-17 17:57:16 | WARNING  | fetcher                   | CNTA | yfinance returned empty DataFrame
2026-06-17 17:57:16 | WARNING  | fetcher                   | CNS | yfinance returned empty DataFrame
2026-06-17 17:57:16 | WARNING  | fetcher                   | CNTB | yfinance returned empty DataFrame
2026-06-17 17:57:16 | WARNING  | fetcher                   | CNR | yfinance returned empty DataFrame
2026-06-17 17:57:16 | WARNING  | fetcher                   | CNTN | yfinance returned empty DataFrame
2026-06-17 17:57:16 | WARNING  | fetcher                   | CNTX | yfinance returned empty DataFrame
2026-06-17 17:57:16 | WARNING  | fetcher                   | CNVS | yfinance returned empty DataFrame
2026-06-17 17:57:16 | WARNING  | fetcher                   | CNXC | yfinance returned empty DataFrame
2026-06-17 17:57:16 | WARNING  | fetcher                   | CNXN | yfinance returned empty DataFrame
2026-06-17 17:57:16 | WARNING  | fetcher                   | CNXU | yfinance returned empty DataFrame
2026-06-17 17:57:16 | WARNING  | fetcher                   | CNX | yfinance returned empty DataFrame
2026-06-17 17:57:16 | WARNING  | fetcher                   | CNTY | yfinance returned empty DataFrame
2026-06-17 17:57:16 | WARNING  | fetcher                   | COAG | yfinance returned empty DataFrame
2026-06-17 17:57:16 | WARNING  | fetcher                   | COCHW | yfinance returned empty DataFrame
2026-06-17 17:57:16 | WARNING  | fetcher                   | COCO | yfinance returned empty DataFrame
2026-06-17 17:57:16 | WARNING  | fetcher                   | CODA | yfinance returned empty DataFrame
2026-06-17 17:57:46 | WARNING  | fetcher                   | Batch: 49 tickers failed: ['CMPS', 'CMPX', 'CMPR', 'CMRC', 'CMRE', 'CMTG', 'CMS', 'CMSA', 'CMSC', 'CMSD']...
2026-06-17 17:57:46 | INFO     | fetcher                   | Batch 29/132 | 50 tickers
2026-06-17 17:57:52 | WARNING  | fetcher                   | CORZW | yfinance returned empty DataFrame
2026-06-17 17:57:57 | WARNING  | fetcher                   | COOTW | yfinance returned empty DataFrame
2026-06-17 17:57:57 | WARNING  | fetcher                   | COO | yfinance returned empty DataFrame
2026-06-17 17:57:57 | WARNING  | fetcher                   | COOK | yfinance returned empty DataFrame
2026-06-17 17:57:57 | WARNING  | fetcher                   | Batch: 9 tickers failed: ['COLAR', 'COLAU', 'CORZW', 'COPL', 'CPBI', 'CPHC', 'COOTW', 'COO', 'COOK']...
2026-06-17 17:57:57 | INFO     | fetcher                   | Batch 30/132 | 50 tickers
2026-06-17 17:58:02 | WARNING  | fetcher                   | CRD.A | yfinance returned empty DataFrame
2026-06-17 17:58:04 | WARNING  | fetcher                   | CRD.B | yfinance returned empty DataFrame
2026-06-17 17:58:05 | WARNING  | fetcher                   | CRGOW | yfinance returned empty DataFrame
2026-06-17 17:58:06 | WARNING  | fetcher                   | CRMLW | yfinance returned empty DataFrame
2026-06-17 17:58:07 | WARNING  | fetcher                   | Batch: 14 tickers failed: ['CRACW', 'CRACU', 'CRAC', 'CRACR', 'CRANU', 'CRAQR', 'CRAQU', 'CRAQ', 'CRAN', 'CRD.A']...
2026-06-17 17:58:07 | INFO     | fetcher                   | Batch 31/132 | 50 tickers
2026-06-17 17:58:12 | WARNING  | fetcher                   | CTHH | yfinance returned empty DataFrame
2026-06-17 17:58:13 | WARNING  | fetcher                   | CTGG | yfinance returned empty DataFrame
2026-06-17 17:58:16 | WARNING  | fetcher                   | Batch: 6 tickers failed: ['CSHRW', 'CTAAU', 'CTHH', 'CTAA', 'CTGG', 'CTAAR']...
2026-06-17 17:58:16 | INFO     | fetcher                   | Batch 32/132 | 50 tickers
2026-06-17 17:58:17 | WARNING  | fetcher                   | CUBWW | yfinance returned empty DataFrame
2026-06-17 17:58:27 | WARNING  | fetcher                   | CXAIW | yfinance returned empty DataFrame
2026-06-17 17:58:27 | WARNING  | fetcher                   | Batch: 6 tickers failed: ['CUBWW', 'CUBB', 'CUBWU', 'CUB', 'CVR', 'CXAIW']...
2026-06-17 17:58:27 | INFO     | fetcher                   | Batch 33/132 | 50 tickers
2026-06-17 17:58:29 | WARNING  | fetcher                   | CYCUW | yfinance returned empty DataFrame
2026-06-17 17:58:29 | WARNING  | fetcher                   | CXII | yfinance returned empty DataFrame
2026-06-17 17:58:29 | WARNING  | fetcher                   | CXIIW | yfinance returned empty DataFrame
2026-06-17 17:58:37 | WARNING  | fetcher                   | DAVEW | yfinance returned empty DataFrame
2026-06-17 17:58:38 | WARNING  | fetcher                   | DAVE | yfinance returned empty DataFrame
2026-06-17 17:58:38 | WARNING  | fetcher                   | DBCAU | yfinance returned empty DataFrame
2026-06-17 17:58:38 | WARNING  | fetcher                   | DBD | yfinance returned empty DataFrame
2026-06-17 17:58:41 | WARNING  | fetcher                   | Batch: 15 tickers failed: ['CYCUW', 'CXII', 'CXIIW', 'CXIIU', 'CZFS', 'DAAQW', 'DAAQ', 'DAAQU', 'DBCAW', 'DBCA']...
2026-06-17 17:58:41 | INFO     | fetcher                   | Batch 34/132 | 50 tickers
2026-06-17 17:58:45 | WARNING  | fetcher                   | DFLIW | yfinance returned empty DataFrame
2026-06-17 17:58:48 | WARNING  | fetcher                   | Batch: 4 tickers failed: ['DFLIW', 'DFSCW', 'DGICB', 'DGZ']...
2026-06-17 17:58:48 | INFO     | fetcher                   | Batch 35/132 | 50 tickers
2026-06-17 17:58:54 | WARNING  | fetcher                   | DIBS | yfinance returned empty DataFrame
2026-06-17 17:58:54 | WARNING  | fetcher                   | DHY | yfinance returned empty DataFrame
2026-06-17 17:58:54 | WARNING  | fetcher                   | DIOD | yfinance returned empty DataFrame
2026-06-17 17:58:54 | WARNING  | fetcher                   | DINO | yfinance returned empty DataFrame
2026-06-17 17:58:54 | WARNING  | fetcher                   | DIS | yfinance returned empty DataFrame
2026-06-17 17:58:56 | WARNING  | fetcher                   | DJP | yfinance returned empty DataFrame
2026-06-17 17:58:57 | WARNING  | fetcher                   | DJTWW | yfinance returned empty DataFrame
2026-06-17 17:59:00 | WARNING  | fetcher                   | Batch: 17 tickers failed: ['DIT', 'DIBS', 'DHY', 'DIOD', 'DINO', 'DIS', 'DJP', 'DJTWW', 'DMAA', 'DLHC']...
2026-06-17 17:59:00 | INFO     | fetcher                   | Batch 36/132 | 50 tickers
2026-06-17 17:59:06 | WARNING  | fetcher                   | DRDBW | yfinance returned empty DataFrame
2026-06-17 17:59:07 | WARNING  | fetcher                   | DRMAW | yfinance returned empty DataFrame
2026-06-17 17:59:07 | WARNING  | fetcher                   | DRTSW | yfinance returned empty DataFrame
2026-06-17 17:59:09 | WARNING  | fetcher                   | DSX.W | yfinance returned empty DataFrame
2026-06-17 17:59:10 | WARNING  | fetcher                   | DSYWW | yfinance returned empty DataFrame
2026-06-17 17:59:10 | WARNING  | fetcher                   | Batch: 10 tickers failed: ['DRDB', 'DRDBU', 'DRDBW', 'DRMAW', 'DRTSW', 'DSAC', 'DSACU', 'DSACW', 'DSX.W', 'DSYWW']...
2026-06-17 17:59:10 | INFO     | fetcher                   | Batch 37/132 | 50 tickers
2026-06-17 18:33:09 | INFO     | fetcher                   | Logger initialised → logs\fetcher.log
2026-06-17 18:33:09 | INFO     | fetcher                   | Building full US stock universe from NASDAQ FTP...
2026-06-17 18:33:09 | INFO     | fetcher                   | Fetching NASDAQ listed tickers from NASDAQ FTP...
2026-06-17 18:33:19 | INFO     | fetcher                   | NASDAQ listed: 3897 tickers fetched
2026-06-17 18:33:19 | INFO     | fetcher                   | Fetching NYSE/other listed tickers from NASDAQ FTP...
2026-06-17 18:33:20 | INFO     | fetcher                   | NYSE/other listed: 2684 tickers fetched
2026-06-17 18:33:20 | INFO     | fetcher                   | Full universe built | NASDAQ: 3897 | NYSE/Other: 2684 | Indices: 3 | Sectors: 11 | Total unique: 6595
2026-06-17 18:33:39 | INFO     | fetcher                   | smart_fetch | Full fetch needed: 6595 tickers | Incremental: 0 tickers
2026-06-17 18:33:39 | INFO     | fetcher                   | Full fetch: 2026-04-18 to 2026-06-17
2026-06-17 18:33:39 | INFO     | fetcher                   | Fetching 6595 tickers | 132 batches of 50 | Period: 2026-04-18 to 2026-06-17
2026-06-17 18:33:39 | INFO     | fetcher                   | Batch 1/132 | 50 tickers
2026-06-17 18:33:46 | WARNING  | fetcher                   | AACBU | yfinance returned empty DataFrame
2026-06-17 18:33:46 | WARNING  | fetcher                   | AA | yfinance returned empty DataFrame
2026-06-17 18:33:46 | WARNING  | fetcher                   | AACBR | yfinance returned empty DataFrame
2026-06-17 18:33:46 | WARNING  | fetcher                   | A | yfinance returned empty DataFrame
2026-06-17 18:33:46 | WARNING  | fetcher                   | AACG | yfinance returned empty DataFrame
2026-06-17 18:33:48 | WARNING  | fetcher                   | AACIW | yfinance returned empty DataFrame
2026-06-17 18:33:48 | WARNING  | fetcher                   | AACO | yfinance returned empty DataFrame
2026-06-17 18:33:48 | WARNING  | fetcher                   | AACI | yfinance returned empty DataFrame
2026-06-17 18:33:48 | WARNING  | fetcher                   | AACOU | yfinance returned empty DataFrame
2026-06-17 18:33:48 | WARNING  | fetcher                   | AACIU | yfinance returned empty DataFrame
2026-06-17 18:33:49 | WARNING  | fetcher                   | AACOW | yfinance returned empty DataFrame
2026-06-17 18:33:49 | WARNING  | fetcher                   | AACPU | yfinance returned empty DataFrame
2026-06-17 18:33:49 | WARNING  | fetcher                   | AACPW | yfinance returned empty DataFrame
2026-06-17 18:33:50 | WARNING  | fetcher                   | AAON | yfinance returned empty DataFrame
2026-06-17 18:33:50 | WARNING  | fetcher                   | AAMI | yfinance returned empty DataFrame
2026-06-17 18:33:50 | WARNING  | fetcher                   | AAL | yfinance returned empty DataFrame
2026-06-17 18:33:50 | WARNING  | fetcher                   | AAOI | yfinance returned empty DataFrame
2026-06-17 18:33:51 | WARNING  | fetcher                   | AAP | yfinance returned empty DataFrame
2026-06-17 18:33:52 | WARNING  | fetcher                   | AAPG | yfinance returned empty DataFrame
2026-06-17 18:33:52 | WARNING  | fetcher                   | AAUC | yfinance returned empty DataFrame
2026-06-17 18:33:52 | WARNING  | fetcher                   | AARD | yfinance returned empty DataFrame
2026-06-17 18:33:52 | WARNING  | fetcher                   | AAPL | yfinance returned empty DataFrame
2026-06-17 18:33:52 | WARNING  | fetcher                   | AAT | yfinance returned empty DataFrame
2026-06-17 18:33:53 | WARNING  | fetcher                   | ABCB | yfinance returned empty DataFrame
2026-06-17 18:33:53 | WARNING  | fetcher                   | AB | yfinance returned empty DataFrame
2026-06-17 18:33:53 | WARNING  | fetcher                   | ABBV | yfinance returned empty DataFrame
2026-06-17 18:33:53 | WARNING  | fetcher                   | ABAT | yfinance returned empty DataFrame
2026-06-17 18:33:54 | WARNING  | fetcher                   | ABCL | yfinance returned empty DataFrame
2026-06-17 18:33:55 | WARNING  | fetcher                   | ABEV | yfinance returned empty DataFrame
2026-06-17 18:33:55 | WARNING  | fetcher                   | ABLVW | yfinance returned empty DataFrame
2026-06-17 18:33:55 | WARNING  | fetcher                   | ABEO | yfinance returned empty DataFrame
2026-06-17 18:33:55 | WARNING  | fetcher                   | ABG | yfinance returned empty DataFrame
2026-06-17 18:33:55 | WARNING  | fetcher                   | ABM | yfinance returned empty DataFrame
2026-06-17 18:33:56 | WARNING  | fetcher                   | ABOS | yfinance returned empty DataFrame
2026-06-17 18:33:56 | WARNING  | fetcher                   | ABNB | yfinance returned empty DataFrame
2026-06-17 18:33:56 | WARNING  | fetcher                   | ABR | yfinance returned empty DataFrame
2026-06-17 18:33:56 | WARNING  | fetcher                   | ABSI | yfinance returned empty DataFrame
2026-06-17 18:33:56 | WARNING  | fetcher                   | ABT | yfinance returned empty DataFrame
2026-06-17 18:33:57 | WARNING  | fetcher                   | ABVX | yfinance returned empty DataFrame
2026-06-17 18:33:57 | WARNING  | fetcher                   | ABVC | yfinance returned empty DataFrame
2026-06-17 18:33:58 | WARNING  | fetcher                   | ABUS | yfinance returned empty DataFrame
2026-06-17 18:33:58 | WARNING  | fetcher                   | ABTS | yfinance returned empty DataFrame
2026-06-17 18:33:59 | WARNING  | fetcher                   | ABTC | yfinance returned empty DataFrame
2026-06-17 18:33:59 | WARNING  | fetcher                   | ABXL | yfinance returned empty DataFrame
2026-06-17 18:33:59 | WARNING  | fetcher                   | ABX | yfinance returned empty DataFrame
2026-06-17 18:34:00 | WARNING  | fetcher                   | ACAA | yfinance returned empty DataFrame
2026-06-17 18:34:00 | WARNING  | fetcher                   | ACA | yfinance returned empty DataFrame
2026-06-17 18:34:00 | WARNING  | fetcher                   | Batch: 49 tickers failed: ['AACBU', 'AA', 'AACBR', 'A', 'AACG', 'AACIW', 'AACO', 'AACI', 'AACOU', 'AACIU']...
2026-06-17 18:34:00 | INFO     | fetcher                   | Batch 2/132 | 50 tickers
2026-06-17 18:34:02 | WARNING  | fetcher                   | ACB | yfinance returned empty DataFrame
2026-06-17 18:34:02 | WARNING  | fetcher                   | ACAD | yfinance returned empty DataFrame
2026-06-17 18:34:02 | WARNING  | fetcher                   | ACCL | yfinance returned empty DataFrame
2026-06-17 18:34:02 | WARNING  | fetcher                   | ACAAU | yfinance returned empty DataFrame
2026-06-17 18:34:02 | WARNING  | fetcher                   | ACAAW | yfinance returned empty DataFrame
2026-06-17 18:34:04 | WARNING  | fetcher                   | ACCS | yfinance returned empty DataFrame
2026-06-17 18:34:04 | WARNING  | fetcher                   | ACEL | yfinance returned empty DataFrame
2026-06-17 18:34:04 | WARNING  | fetcher                   | ACCO | yfinance returned empty DataFrame
2026-06-17 18:34:04 | WARNING  | fetcher                   | ACDC | yfinance returned empty DataFrame
2026-06-17 18:34:04 | WARNING  | fetcher                   | ACET | yfinance returned empty DataFrame
2026-06-17 18:34:05 | WARNING  | fetcher                   | ACGCU | yfinance returned empty DataFrame
2026-06-17 18:34:05 | WARNING  | fetcher                   | ACFN | yfinance returned empty DataFrame
2026-06-17 18:34:05 | WARNING  | fetcher                   | ACGL | yfinance returned empty DataFrame
2026-06-17 18:34:07 | WARNING  | fetcher                   | ACGLO | yfinance returned empty DataFrame
2026-06-17 18:34:07 | WARNING  | fetcher                   | ACGLN | yfinance returned empty DataFrame
2026-06-17 18:34:07 | WARNING  | fetcher                   | ACHC | yfinance returned empty DataFrame
2026-06-17 18:34:07 | WARNING  | fetcher                   | ACHR | yfinance returned empty DataFrame
2026-06-17 18:34:07 | WARNING  | fetcher                   | ACH | yfinance returned empty DataFrame
2026-06-17 18:34:08 | WARNING  | fetcher                   | ACHV | yfinance returned empty DataFrame
2026-06-17 18:34:08 | WARNING  | fetcher                   | ACIC | yfinance returned empty DataFrame
2026-06-17 18:34:08 | WARNING  | fetcher                   | ACIW | yfinance returned empty DataFrame
2026-06-17 18:34:08 | WARNING  | fetcher                   | ACIU | yfinance returned empty DataFrame
2026-06-17 18:34:08 | WARNING  | fetcher                   | ACI | yfinance returned empty DataFrame
2026-06-17 18:34:09 | WARNING  | fetcher                   | ACLS | yfinance returned empty DataFrame
2026-06-17 18:34:09 | WARNING  | fetcher                   | ACM | yfinance returned empty DataFrame
2026-06-17 18:34:10 | WARNING  | fetcher                   | ACMR | yfinance returned empty DataFrame
2026-06-17 18:34:11 | WARNING  | fetcher                   | ACN | yfinance returned empty DataFrame
2026-06-17 18:34:11 | WARNING  | fetcher                   | ACNB | yfinance returned empty DataFrame
2026-06-17 18:34:11 | WARNING  | fetcher                   | ACNT | yfinance returned empty DataFrame
2026-06-17 18:34:13 | WARNING  | fetcher                   | ACOG | yfinance returned empty DataFrame
2026-06-17 18:34:13 | WARNING  | fetcher                   | ACON | yfinance returned empty DataFrame
2026-06-17 18:34:13 | WARNING  | fetcher                   | ACR | yfinance returned empty DataFrame
2026-06-17 18:34:13 | WARNING  | fetcher                   | ACP | yfinance returned empty DataFrame
2026-06-17 18:34:13 | WARNING  | fetcher                   | ACONW | yfinance returned empty DataFrame
2026-06-17 18:34:14 | WARNING  | fetcher                   | ACT | yfinance returned empty DataFrame
2026-06-17 18:34:14 | WARNING  | fetcher                   | ACRS | yfinance returned empty DataFrame
2026-06-17 18:34:14 | WARNING  | fetcher                   | ACRV | yfinance returned empty DataFrame
2026-06-17 18:34:14 | WARNING  | fetcher                   | ACRE | yfinance returned empty DataFrame
2026-06-17 18:34:14 | WARNING  | fetcher                   | ACTG | yfinance returned empty DataFrame
2026-06-17 18:34:16 | WARNING  | fetcher                   | ACXP | yfinance returned empty DataFrame
2026-06-17 18:34:16 | WARNING  | fetcher                   | ACVA | yfinance returned empty DataFrame
2026-06-17 18:34:16 | WARNING  | fetcher                   | ACU | yfinance returned empty DataFrame
2026-06-17 18:34:16 | WARNING  | fetcher                   | ACV | yfinance returned empty DataFrame
2026-06-17 18:34:16 | WARNING  | fetcher                   | ACTU | yfinance returned empty DataFrame
2026-06-17 18:34:17 | WARNING  | fetcher                   | ADAC | yfinance returned empty DataFrame
2026-06-17 18:34:17 | WARNING  | fetcher                   | ADACW | yfinance returned empty DataFrame
2026-06-17 18:34:17 | WARNING  | fetcher                   | AD | yfinance returned empty DataFrame
2026-06-17 18:34:17 | WARNING  | fetcher                   | ADACU | yfinance returned empty DataFrame
2026-06-17 18:34:17 | WARNING  | fetcher                   | Batch: 50 tickers failed: ['ACB', 'ACAD', 'ACCL', 'ACAAU', 'ACAAW', 'ACCS', 'ACEL', 'ACCO', 'ACDC', 'ACET']...
2026-06-17 18:34:17 | WARNING  | fetcher                   | Batch returned no data
2026-06-17 18:34:17 | INFO     | fetcher                   | Batch 3/132 | 50 tickers
2026-06-17 18:34:19 | WARNING  | fetcher                   | ADAG | yfinance returned empty DataFrame
2026-06-17 18:34:19 | WARNING  | fetcher                   | ADAM | yfinance returned empty DataFrame
2026-06-17 18:34:19 | WARNING  | fetcher                   | ADAMI | yfinance returned empty DataFrame
2026-06-17 18:34:19 | WARNING  | fetcher                   | ADAMH | yfinance returned empty DataFrame
2026-06-17 18:34:19 | WARNING  | fetcher                   | ADAMG | yfinance returned empty DataFrame
2026-06-17 18:34:20 | WARNING  | fetcher                   | ADAML | yfinance returned empty DataFrame
2026-06-17 18:34:20 | WARNING  | fetcher                   | ADAMN | yfinance returned empty DataFrame
2026-06-17 18:34:20 | WARNING  | fetcher                   | ADAMZ | yfinance returned empty DataFrame
2026-06-17 18:34:20 | WARNING  | fetcher                   | ADAMM | yfinance returned empty DataFrame
2026-06-17 18:34:20 | WARNING  | fetcher                   | ADAMO | yfinance returned empty DataFrame
2026-06-17 18:34:22 | WARNING  | fetcher                   | ADBE | yfinance returned empty DataFrame
2026-06-17 18:34:22 | WARNING  | fetcher                   | ADEA | yfinance returned empty DataFrame
2026-06-17 18:34:22 | WARNING  | fetcher                   | ADCT | yfinance returned empty DataFrame
2026-06-17 18:34:22 | WARNING  | fetcher                   | ADC | yfinance returned empty DataFrame
2026-06-17 18:34:22 | WARNING  | fetcher                   | ADGM | yfinance returned empty DataFrame
2026-06-17 18:34:23 | WARNING  | fetcher                   | ADIL | yfinance returned empty DataFrame
2026-06-17 18:34:23 | WARNING  | fetcher                   | ADI | yfinance returned empty DataFrame
2026-06-17 18:34:23 | WARNING  | fetcher                   | ADMA | yfinance returned empty DataFrame
2026-06-17 18:34:23 | WARNING  | fetcher                   | ADM | yfinance returned empty DataFrame
2026-06-17 18:34:23 | WARNING  | fetcher                   | ADNT | yfinance returned empty DataFrame
2026-06-17 18:34:25 | WARNING  | fetcher                   | ADP | yfinance returned empty DataFrame
2026-06-17 18:34:25 | WARNING  | fetcher                   | ADPT | yfinance returned empty DataFrame
2026-06-17 18:34:25 | WARNING  | fetcher                   | ADSEW | yfinance returned empty DataFrame
2026-06-17 18:34:25 | WARNING  | fetcher                   | ADSE | yfinance returned empty DataFrame
2026-06-17 18:34:25 | WARNING  | fetcher                   | ADSK | yfinance returned empty DataFrame
2026-06-17 18:34:26 | WARNING  | fetcher                   | ADT | yfinance returned empty DataFrame
2026-06-17 18:34:26 | WARNING  | fetcher                   | ADTN | yfinance returned empty DataFrame
2026-06-17 18:34:26 | WARNING  | fetcher                   | ADUR | yfinance returned empty DataFrame
2026-06-17 18:34:26 | WARNING  | fetcher                   | ADV | yfinance returned empty DataFrame
2026-06-17 18:34:26 | WARNING  | fetcher                   | ADUS | yfinance returned empty DataFrame
2026-06-17 18:34:27 | WARNING  | fetcher                   | ADVB | yfinance returned empty DataFrame
2026-06-17 18:34:27 | WARNING  | fetcher                   | ADXN | yfinance returned empty DataFrame
2026-06-17 18:34:27 | WARNING  | fetcher                   | AEAQ | yfinance returned empty DataFrame
2026-06-17 18:34:27 | WARNING  | fetcher                   | ADX | yfinance returned empty DataFrame
2026-06-17 18:34:27 | WARNING  | fetcher                   | AEAQU | yfinance returned empty DataFrame
2026-06-17 18:34:28 | WARNING  | fetcher                   | AEAQW | yfinance returned empty DataFrame
2026-06-17 18:34:28 | WARNING  | fetcher                   | AEF | yfinance returned empty DataFrame
2026-06-17 18:34:28 | WARNING  | fetcher                   | AEBI | yfinance returned empty DataFrame
2026-06-17 18:34:28 | WARNING  | fetcher                   | AEC | yfinance returned empty DataFrame
2026-06-17 18:34:28 | WARNING  | fetcher                   | AEE | yfinance returned empty DataFrame
2026-06-17 18:34:29 | WARNING  | fetcher                   | AEHR | yfinance returned empty DataFrame
2026-06-17 18:34:29 | WARNING  | fetcher                   | AEI | yfinance returned empty DataFrame
2026-06-17 18:34:29 | WARNING  | fetcher                   | AEFC | yfinance returned empty DataFrame
2026-06-17 18:34:29 | WARNING  | fetcher                   | AEG | yfinance returned empty DataFrame
2026-06-17 18:34:30 | WARNING  | fetcher                   | AEHL | yfinance returned empty DataFrame
2026-06-17 18:34:31 | WARNING  | fetcher                   | AENT | yfinance returned empty DataFrame
2026-06-17 18:34:31 | WARNING  | fetcher                   | AEM | yfinance returned empty DataFrame
2026-06-17 18:34:31 | WARNING  | fetcher                   | AENTW | yfinance returned empty DataFrame
2026-06-17 18:34:31 | WARNING  | fetcher                   | AEIS | yfinance returned empty DataFrame
2026-06-17 18:34:31 | WARNING  | fetcher                   | AEMD | yfinance returned empty DataFrame
2026-06-17 18:34:31 | WARNING  | fetcher                   | Batch: 50 tickers failed: ['ADAG', 'ADAM', 'ADAMI', 'ADAMH', 'ADAMG', 'ADAML', 'ADAMN', 'ADAMZ', 'ADAMM', 'ADAMO']...
2026-06-17 18:34:31 | WARNING  | fetcher                   | Batch returned no data
2026-06-17 18:34:31 | INFO     | fetcher                   | Batch 4/132 | 50 tickers
2026-06-17 18:34:33 | WARNING  | fetcher                   | AEON | yfinance returned empty DataFrame
2026-06-17 18:34:33 | WARNING  | fetcher                   | AEO | yfinance returned empty DataFrame
2026-06-17 18:34:33 | WARNING  | fetcher                   | AERO | yfinance returned empty DataFrame
2026-06-17 18:34:33 | WARNING  | fetcher                   | AEP | yfinance returned empty DataFrame
2026-06-17 18:34:33 | WARNING  | fetcher                   | AER | yfinance returned empty DataFrame
2026-06-17 18:34:35 | WARNING  | fetcher                   | AERTW | yfinance returned empty DataFrame
2026-06-17 18:34:35 | WARNING  | fetcher                   | AES | yfinance returned empty DataFrame
2026-06-17 18:34:35 | WARNING  | fetcher                   | AEVA | yfinance returned empty DataFrame
2026-06-17 18:34:35 | WARNING  | fetcher                   | AESI | yfinance returned empty DataFrame
2026-06-17 18:34:35 | WARNING  | fetcher                   | AEXA | yfinance returned empty DataFrame
2026-06-17 18:34:36 | WARNING  | fetcher                   | AFBI | yfinance returned empty DataFrame
2026-06-17 18:34:36 | WARNING  | fetcher                   | AEYE | yfinance returned empty DataFrame
2026-06-17 18:34:36 | WARNING  | fetcher                   | AFB | yfinance returned empty DataFrame
2026-06-17 18:34:36 | WARNING  | fetcher                   | AFCG | yfinance returned empty DataFrame
2026-06-17 18:34:36 | WARNING  | fetcher                   | AFG | yfinance returned empty DataFrame
2026-06-17 18:34:37 | WARNING  | fetcher                   | AFGB | yfinance returned empty DataFrame
2026-06-17 18:34:37 | WARNING  | fetcher                   | AFGE | yfinance returned empty DataFrame
2026-06-17 18:34:37 | WARNING  | fetcher                   | AFL | yfinance returned empty DataFrame
2026-06-17 18:34:37 | WARNING  | fetcher                   | AFGC | yfinance returned empty DataFrame
2026-06-17 18:34:38 | WARNING  | fetcher                   | AFGD | yfinance returned empty DataFrame
2026-06-17 18:34:39 | WARNING  | fetcher                   | AFRI | yfinance returned empty DataFrame
2026-06-17 18:34:39 | WARNING  | fetcher                   | AFYA | yfinance returned empty DataFrame
2026-06-17 18:34:39 | WARNING  | fetcher                   | AG | yfinance returned empty DataFrame
2026-06-17 18:34:39 | WARNING  | fetcher                   | AFRIW | yfinance returned empty DataFrame
2026-06-17 18:34:39 | WARNING  | fetcher                   | AFRM | yfinance returned empty DataFrame
2026-06-17 18:34:40 | WARNING  | fetcher                   | AGBK | yfinance returned empty DataFrame
2026-06-17 18:34:40 | WARNING  | fetcher                   | AGCC | yfinance returned empty DataFrame
2026-06-17 18:34:40 | WARNING  | fetcher                   | AGEN | yfinance returned empty DataFrame
2026-06-17 18:34:40 | WARNING  | fetcher                   | AGCO | yfinance returned empty DataFrame
2026-06-17 18:34:40 | WARNING  | fetcher                   | AGD | yfinance returned empty DataFrame
2026-06-17 18:34:41 | WARNING  | fetcher                   | AGI | yfinance returned empty DataFrame
2026-06-17 18:34:41 | WARNING  | fetcher                   | AGM | yfinance returned empty DataFrame
2026-06-17 18:34:41 | WARNING  | fetcher                   | AGIO | yfinance returned empty DataFrame
2026-06-17 18:34:41 | WARNING  | fetcher                   | AGL | yfinance returned empty DataFrame
2026-06-17 18:34:42 | WARNING  | fetcher                   | AGIG | yfinance returned empty DataFrame
2026-06-17 18:34:43 | WARNING  | fetcher                   | AGNCL | yfinance returned empty DataFrame
2026-06-17 18:34:43 | WARNING  | fetcher                   | AGMB | yfinance returned empty DataFrame
2026-06-17 18:34:43 | WARNING  | fetcher                   | AGNC | yfinance returned empty DataFrame
2026-06-17 18:34:44 | WARNING  | fetcher                   | AGNCM | yfinance returned empty DataFrame
2026-06-17 18:34:44 | WARNING  | fetcher                   | AGM.A | yfinance returned empty DataFrame
2026-06-17 18:34:45 | WARNING  | fetcher                   | AGNCO | yfinance returned empty DataFrame
2026-06-17 18:34:45 | WARNING  | fetcher                   | AGNCN | yfinance returned empty DataFrame
2026-06-17 18:34:45 | WARNING  | fetcher                   | AGNCP | yfinance returned empty DataFrame
2026-06-17 18:34:46 | WARNING  | fetcher                   | AGNT | yfinance returned empty DataFrame
2026-06-17 18:34:46 | WARNING  | fetcher                   | AGNCZ | yfinance returned empty DataFrame
2026-06-17 18:34:47 | WARNING  | fetcher                   | AGO | yfinance returned empty DataFrame
2026-06-17 18:34:47 | WARNING  | fetcher                   | AGPU | yfinance returned empty DataFrame
2026-06-17 18:34:47 | WARNING  | fetcher                   | AGRO | yfinance returned empty DataFrame
2026-06-17 18:34:48 | WARNING  | fetcher                   | AGX | yfinance returned empty DataFrame
2026-06-17 18:34:48 | WARNING  | fetcher                   | Batch: 50 tickers failed: ['AEON', 'AEO', 'AERO', 'AEP', 'AER', 'AESPU', 'AERTW', 'AES', 'AEVA', 'AESI']...
2026-06-17 18:34:48 | WARNING  | fetcher                   | Batch returned no data
2026-06-17 18:34:48 | INFO     | fetcher                   | Batch 5/132 | 50 tickers
2026-06-17 18:34:50 | WARNING  | fetcher                   | AGYS | yfinance returned empty DataFrame
2026-06-17 18:34:50 | WARNING  | fetcher                   | AHR | yfinance returned empty DataFrame
2026-06-17 18:34:50 | WARNING  | fetcher                   | AHG | yfinance returned empty DataFrame
2026-06-17 18:34:50 | WARNING  | fetcher                   | AHCO | yfinance returned empty DataFrame
2026-06-17 18:34:50 | WARNING  | fetcher                   | AHMA | yfinance returned empty DataFrame
2026-06-17 18:34:52 | WARNING  | fetcher                   | AI | yfinance returned empty DataFrame
2026-06-17 18:34:52 | WARNING  | fetcher                   | AHRT | yfinance returned empty DataFrame
2026-06-17 18:34:52 | WARNING  | fetcher                   | AIB | yfinance returned empty DataFrame
2026-06-17 18:34:53 | WARNING  | fetcher                   | AHT | yfinance returned empty DataFrame
2026-06-17 18:34:54 | WARNING  | fetcher                   | AIFU | yfinance returned empty DataFrame
2026-06-17 18:34:54 | WARNING  | fetcher                   | AIFF | yfinance returned empty DataFrame
2026-06-17 18:34:54 | WARNING  | fetcher                   | AIFC | yfinance returned empty DataFrame
2026-06-17 18:34:54 | WARNING  | fetcher                   | AIDX | yfinance returned empty DataFrame
2026-06-17 18:34:55 | WARNING  | fetcher                   | AIG | yfinance returned empty DataFrame
2026-06-17 18:34:56 | WARNING  | fetcher                   | AIHS | yfinance returned empty DataFrame
2026-06-17 18:34:56 | WARNING  | fetcher                   | AIIO | yfinance returned empty DataFrame
2026-06-17 18:34:56 | WARNING  | fetcher                   | AIIA | yfinance returned empty DataFrame
2026-06-17 18:34:56 | WARNING  | fetcher                   | AIIOW | yfinance returned empty DataFrame
2026-06-17 18:34:56 | WARNING  | fetcher                   | AII | yfinance returned empty DataFrame
2026-06-17 18:34:57 | WARNING  | fetcher                   | AIM | yfinance returned empty DataFrame
2026-06-17 18:34:57 | WARNING  | fetcher                   | AIN | yfinance returned empty DataFrame
2026-06-17 18:34:57 | WARNING  | fetcher                   | AIMDW | yfinance returned empty DataFrame
2026-06-17 18:34:57 | WARNING  | fetcher                   | AIIR | yfinance returned empty DataFrame
2026-06-17 18:34:57 | WARNING  | fetcher                   | AIMD | yfinance returned empty DataFrame
2026-06-17 18:34:58 | WARNING  | fetcher                   | AIOT | yfinance returned empty DataFrame
2026-06-17 18:34:58 | WARNING  | fetcher                   | AIO | yfinance returned empty DataFrame
2026-06-17 18:34:58 | WARNING  | fetcher                   | AIR | yfinance returned empty DataFrame
2026-06-17 18:34:58 | WARNING  | fetcher                   | AIP | yfinance returned empty DataFrame
2026-06-17 18:34:58 | WARNING  | fetcher                   | AIOS | yfinance returned empty DataFrame
2026-06-17 18:34:59 | WARNING  | fetcher                   | AIRJ | yfinance returned empty DataFrame
2026-06-17 18:34:59 | WARNING  | fetcher                   | AIRI | yfinance returned empty DataFrame
2026-06-17 18:34:59 | WARNING  | fetcher                   | AIRE | yfinance returned empty DataFrame
2026-06-17 18:34:59 | WARNING  | fetcher                   | AIRG | yfinance returned empty DataFrame
2026-06-17 18:35:00 | WARNING  | fetcher                   | AIRJW | yfinance returned empty DataFrame
2026-06-17 18:35:01 | WARNING  | fetcher                   | AIRT | yfinance returned empty DataFrame
2026-06-17 18:35:01 | WARNING  | fetcher                   | AIRS | yfinance returned empty DataFrame
2026-06-17 18:35:01 | WARNING  | fetcher                   | AIRO | yfinance returned empty DataFrame
2026-06-17 18:35:01 | WARNING  | fetcher                   | AISP | yfinance returned empty DataFrame
2026-06-17 18:35:01 | WARNING  | fetcher                   | AIRTP | yfinance returned empty DataFrame
2026-06-17 18:35:02 | WARNING  | fetcher                   | AIV | yfinance returned empty DataFrame
2026-06-17 18:35:02 | WARNING  | fetcher                   | AIXI | yfinance returned empty DataFrame
2026-06-17 18:35:02 | WARNING  | fetcher                   | AISPW | yfinance returned empty DataFrame
2026-06-17 18:35:02 | WARNING  | fetcher                   | AIT | yfinance returned empty DataFrame
2026-06-17 18:35:02 | WARNING  | fetcher                   | AIXC | yfinance returned empty DataFrame
2026-06-17 18:35:03 | WARNING  | fetcher                   | AJG | yfinance returned empty DataFrame
2026-06-17 18:35:03 | WARNING  | fetcher                   | AIZ | yfinance returned empty DataFrame
2026-06-17 18:35:03 | WARNING  | fetcher                   | AIZN | yfinance returned empty DataFrame
2026-06-17 18:35:03 | WARNING  | fetcher                   | AKA | yfinance returned empty DataFrame
2026-06-17 18:35:03 | WARNING  | fetcher                   | Batch: 49 tickers failed: ['AGYS', 'AHR', 'AHG', 'AHCO', 'AHMA', 'AI', 'AHRT', 'AIB', 'AHT', 'AIBZ']...
2026-06-17 18:35:03 | INFO     | fetcher                   | Batch 6/132 | 50 tickers
2026-06-17 18:35:05 | WARNING  | fetcher                   | AKO.A | yfinance returned empty DataFrame
2026-06-17 18:35:06 | WARNING  | fetcher                   | AKAM | yfinance returned empty DataFrame
2026-06-17 18:35:06 | WARNING  | fetcher                   | AKBA | yfinance returned empty DataFrame
2026-06-17 18:35:06 | WARNING  | fetcher                   | AKAN | yfinance returned empty DataFrame
2026-06-17 18:35:07 | WARNING  | fetcher                   | AKTS | yfinance returned empty DataFrame
2026-06-17 18:35:07 | WARNING  | fetcher                   | ALAB | yfinance returned empty DataFrame
2026-06-17 18:35:07 | WARNING  | fetcher                   | AKR | yfinance returned empty DataFrame
2026-06-17 18:35:07 | WARNING  | fetcher                   | AKTX | yfinance returned empty DataFrame
2026-06-17 18:35:08 | WARNING  | fetcher                   | AKO.B | yfinance returned empty DataFrame
2026-06-17 18:35:09 | WARNING  | fetcher                   | ALAR | yfinance returned empty DataFrame
2026-06-17 18:35:09 | WARNING  | fetcher                   | ALC | yfinance returned empty DataFrame
2026-06-17 18:35:09 | WARNING  | fetcher                   | ALB | yfinance returned empty DataFrame
2026-06-17 18:35:10 | WARNING  | fetcher                   | ALDF | yfinance returned empty DataFrame
2026-06-17 18:35:10 | WARNING  | fetcher                   | ALCO | yfinance returned empty DataFrame
2026-06-17 18:35:11 | WARNING  | fetcher                   | ALDFW | yfinance returned empty DataFrame
2026-06-17 18:35:11 | WARNING  | fetcher                   | ALDX | yfinance returned empty DataFrame
2026-06-17 18:35:11 | WARNING  | fetcher                   | ALDFU | yfinance returned empty DataFrame
2026-06-17 18:35:12 | WARNING  | fetcher                   | ALF | yfinance returned empty DataFrame
2026-06-17 18:35:12 | WARNING  | fetcher                   | ALEC | yfinance returned empty DataFrame
2026-06-17 18:35:13 | WARNING  | fetcher                   | ALFUU | yfinance returned empty DataFrame
2026-06-17 18:35:14 | WARNING  | fetcher                   | ALGM | yfinance returned empty DataFrame
2026-06-17 18:35:14 | WARNING  | fetcher                   | ALFUW | yfinance returned empty DataFrame
2026-06-17 18:35:14 | WARNING  | fetcher                   | ALGN | yfinance returned empty DataFrame
2026-06-17 18:35:14 | WARNING  | fetcher                   | ALG | yfinance returned empty DataFrame
2026-06-17 18:35:15 | WARNING  | fetcher                   | ALISR | yfinance returned empty DataFrame
2026-06-17 18:35:15 | WARNING  | fetcher                   | ALGS | yfinance returned empty DataFrame
2026-06-17 18:35:15 | WARNING  | fetcher                   | ALH | yfinance returned empty DataFrame
2026-06-17 18:35:15 | WARNING  | fetcher                   | ALHC | yfinance returned empty DataFrame
2026-06-17 18:35:15 | WARNING  | fetcher                   | ALGT | yfinance returned empty DataFrame
2026-06-17 18:35:17 | WARNING  | fetcher                   | ALK | yfinance returned empty DataFrame
2026-06-17 18:35:17 | WARNING  | fetcher                   | ALKS | yfinance returned empty DataFrame
2026-06-17 18:35:17 | WARNING  | fetcher                   | ALIT | yfinance returned empty DataFrame
2026-06-17 18:35:17 | WARNING  | fetcher                   | ALKT | yfinance returned empty DataFrame
2026-06-17 18:35:17 | WARNING  | fetcher                   | ALISU | yfinance returned empty DataFrame
2026-06-17 18:35:18 | WARNING  | fetcher                   | ALLR | yfinance returned empty DataFrame
2026-06-17 18:35:18 | WARNING  | fetcher                   | ALLE | yfinance returned empty DataFrame
2026-06-17 18:35:18 | WARNING  | fetcher                   | ALLO | yfinance returned empty DataFrame
2026-06-17 18:35:18 | WARNING  | fetcher                   | ALLT | yfinance returned empty DataFrame
2026-06-17 18:35:18 | WARNING  | fetcher                   | ALL | yfinance returned empty DataFrame
2026-06-17 18:35:20 | WARNING  | fetcher                   | ALMS | yfinance returned empty DataFrame
2026-06-17 18:35:20 | WARNING  | fetcher                   | ALLY | yfinance returned empty DataFrame
2026-06-17 18:35:20 | WARNING  | fetcher                   | ALM | yfinance returned empty DataFrame
2026-06-17 18:35:20 | WARNING  | fetcher                   | ALMU | yfinance returned empty DataFrame
2026-06-17 18:35:20 | WARNING  | fetcher                   | ALMR | yfinance returned empty DataFrame
2026-06-17 18:35:21 | WARNING  | fetcher                   | ALNT | yfinance returned empty DataFrame
2026-06-17 18:35:21 | WARNING  | fetcher                   | ALOV | yfinance returned empty DataFrame
2026-06-17 18:35:21 | WARNING  | fetcher                   | ALOVU | yfinance returned empty DataFrame
2026-06-17 18:35:21 | WARNING  | fetcher                   | ALOT | yfinance returned empty DataFrame
2026-06-17 18:35:21 | WARNING  | fetcher                   | ALNY | yfinance returned empty DataFrame
2026-06-17 18:35:22 | WARNING  | fetcher                   | ALOVW | yfinance returned empty DataFrame
2026-06-17 18:36:43 | INFO     | fetcher                   | Logger initialised → logs\fetcher.log
2026-06-17 18:36:43 | INFO     | fetcher                   | Building full US stock universe from NASDAQ FTP...
2026-06-17 18:36:43 | INFO     | fetcher                   | Fetching NASDAQ listed tickers from NASDAQ FTP...
2026-06-17 18:36:46 | INFO     | fetcher                   | NASDAQ listed: 3897 tickers fetched
2026-06-17 18:36:46 | INFO     | fetcher                   | Fetching NYSE/other listed tickers from NASDAQ FTP...
2026-06-17 18:36:48 | INFO     | fetcher                   | NYSE/other listed: 2684 tickers fetched
2026-06-17 18:36:48 | INFO     | fetcher                   | Full universe built | NASDAQ: 3897 | NYSE/Other: 2684 | Indices: 3 | Sectors: 11 | Total unique: 6595
2026-06-17 18:37:02 | INFO     | fetcher                   | smart_fetch | Full fetch needed: 6595 tickers | Incremental: 0 tickers
2026-06-17 18:37:02 | INFO     | fetcher                   | Full fetch: 2026-04-18 to 2026-06-17
2026-06-17 18:37:02 | INFO     | fetcher                   | Fetching 6595 tickers | 132 batches of 50 | Period: 2026-04-18 to 2026-06-17
2026-06-17 18:37:02 | INFO     | fetcher                   | Batch 1/132 | 50 tickers
2026-06-17 18:37:05 | WARNING  | fetcher                   | AACBR | yfinance returned empty DataFrame
2026-06-17 18:37:05 | WARNING  | fetcher                   | AA | yfinance returned empty DataFrame
2026-06-17 18:37:05 | WARNING  | fetcher                   | A | yfinance returned empty DataFrame
2026-06-17 18:37:05 | WARNING  | fetcher                   | AACG | yfinance returned empty DataFrame
2026-06-17 18:37:05 | WARNING  | fetcher                   | AACBU | yfinance returned empty DataFrame
2026-06-17 18:37:07 | WARNING  | fetcher                   | AACIU | yfinance returned empty DataFrame
2026-06-17 18:37:07 | WARNING  | fetcher                   | AACI | yfinance returned empty DataFrame
2026-06-17 18:37:07 | WARNING  | fetcher                   | AACO | yfinance returned empty DataFrame
2026-06-17 18:37:07 | WARNING  | fetcher                   | AACOU | yfinance returned empty DataFrame
2026-06-17 18:37:07 | WARNING  | fetcher                   | AACIW | yfinance returned empty DataFrame
2026-06-17 18:37:08 | WARNING  | fetcher                   | AACPW | yfinance returned empty DataFrame
2026-06-17 18:37:08 | WARNING  | fetcher                   | AACPU | yfinance returned empty DataFrame
2026-06-17 18:37:08 | WARNING  | fetcher                   | AACOW | yfinance returned empty DataFrame
2026-06-17 18:37:09 | WARNING  | fetcher                   | AAL | yfinance returned empty DataFrame
2026-06-17 18:37:09 | WARNING  | fetcher                   | AAMI | yfinance returned empty DataFrame
2026-06-17 18:37:09 | WARNING  | fetcher                   | AAP | yfinance returned empty DataFrame
2026-06-17 18:37:09 | WARNING  | fetcher                   | AAPG | yfinance returned empty DataFrame
2026-06-17 18:37:09 | WARNING  | fetcher                   | AAOI | yfinance returned empty DataFrame
2026-06-17 18:37:09 | WARNING  | fetcher                   | AAON | yfinance returned empty DataFrame
2026-06-17 18:37:10 | WARNING  | fetcher                   | AARD | yfinance returned empty DataFrame
2026-06-17 18:37:10 | WARNING  | fetcher                   | AAPL | yfinance returned empty DataFrame
2026-06-17 18:37:10 | WARNING  | fetcher                   | AAT | yfinance returned empty DataFrame
2026-06-17 18:37:10 | WARNING  | fetcher                   | AAUC | yfinance returned empty DataFrame
2026-06-17 18:37:10 | WARNING  | fetcher                   | ABAT | yfinance returned empty DataFrame
2026-06-17 18:37:10 | WARNING  | fetcher                   | AB | yfinance returned empty DataFrame
2026-06-17 18:37:11 | WARNING  | fetcher                   | ABCL | yfinance returned empty DataFrame
2026-06-17 18:37:11 | WARNING  | fetcher                   | ABBV | yfinance returned empty DataFrame
2026-06-17 18:37:11 | WARNING  | fetcher                   | ABCB | yfinance returned empty DataFrame
2026-06-17 18:37:11 | WARNING  | fetcher                   | ABEV | yfinance returned empty DataFrame
2026-06-17 18:37:11 | WARNING  | fetcher                   | ABEO | yfinance returned empty DataFrame
2026-06-17 18:37:12 | WARNING  | fetcher                   | ABLVW | yfinance returned empty DataFrame
2026-06-17 18:37:12 | WARNING  | fetcher                   | ABG | yfinance returned empty DataFrame
2026-06-17 18:37:12 | WARNING  | fetcher                   | ABOS | yfinance returned empty DataFrame
2026-06-17 18:37:12 | WARNING  | fetcher                   | ABNB | yfinance returned empty DataFrame
2026-06-17 18:37:12 | WARNING  | fetcher                   | ABM | yfinance returned empty DataFrame
2026-06-17 18:37:13 | WARNING  | fetcher                   | ABR | yfinance returned empty DataFrame
2026-06-17 18:37:13 | WARNING  | fetcher                   | ABTS | yfinance returned empty DataFrame
2026-06-17 18:37:13 | WARNING  | fetcher                   | ABSI | yfinance returned empty DataFrame
2026-06-17 18:37:13 | WARNING  | fetcher                   | ABTC | yfinance returned empty DataFrame
2026-06-17 18:37:13 | WARNING  | fetcher                   | ABT | yfinance returned empty DataFrame
2026-06-17 18:37:14 | WARNING  | fetcher                   | ABX | yfinance returned empty DataFrame
2026-06-17 18:37:14 | WARNING  | fetcher                   | ABVC | yfinance returned empty DataFrame
2026-06-17 18:37:14 | WARNING  | fetcher                   | ABVX | yfinance returned empty DataFrame
2026-06-17 18:37:14 | WARNING  | fetcher                   | ABUS | yfinance returned empty DataFrame
2026-06-17 18:37:14 | WARNING  | fetcher                   | ABXL | yfinance returned empty DataFrame
2026-06-17 18:37:15 | WARNING  | fetcher                   | ACA | yfinance returned empty DataFrame
2026-06-17 18:37:15 | WARNING  | fetcher                   | ACAA | yfinance returned empty DataFrame
2026-06-17 18:37:15 | WARNING  | fetcher                   | Batch: 49 tickers failed: ['AACBR', 'AA', 'A', 'AACG', 'AACBU', 'AACIU', 'AACI', 'AACO', 'AACOU', 'AACIW']...
2026-06-17 18:37:15 | INFO     | fetcher                   | Batch 2/132 | 50 tickers
2026-06-17 18:37:17 | WARNING  | fetcher                   | ACAAU | yfinance returned empty DataFrame
2026-06-17 18:37:17 | WARNING  | fetcher                   | ACCL | yfinance returned empty DataFrame
2026-06-17 18:37:17 | WARNING  | fetcher                   | ACAD | yfinance returned empty DataFrame
2026-06-17 18:37:17 | WARNING  | fetcher                   | ACB | yfinance returned empty DataFrame
2026-06-17 18:37:17 | WARNING  | fetcher                   | ACAAW | yfinance returned empty DataFrame
2026-06-17 18:37:18 | WARNING  | fetcher                   | ACEL | yfinance returned empty DataFrame
2026-06-17 18:37:18 | WARNING  | fetcher                   | ACET | yfinance returned empty DataFrame
2026-06-17 18:37:18 | WARNING  | fetcher                   | ACCS | yfinance returned empty DataFrame
2026-06-17 18:37:18 | WARNING  | fetcher                   | ACCO | yfinance returned empty DataFrame
2026-06-17 18:37:18 | WARNING  | fetcher                   | ACDC | yfinance returned empty DataFrame
2026-06-17 18:37:19 | WARNING  | fetcher                   | ACGL | yfinance returned empty DataFrame
2026-06-17 18:37:19 | WARNING  | fetcher                   | ACGCU | yfinance returned empty DataFrame
2026-06-17 18:37:19 | WARNING  | fetcher                   | ACFN | yfinance returned empty DataFrame
2026-06-17 18:37:20 | WARNING  | fetcher                   | ACGLN | yfinance returned empty DataFrame
2026-06-17 18:37:20 | WARNING  | fetcher                   | ACGLO | yfinance returned empty DataFrame
2026-06-17 18:37:20 | WARNING  | fetcher                   | ACH | yfinance returned empty DataFrame
2026-06-17 18:37:21 | WARNING  | fetcher                   | ACHC | yfinance returned empty DataFrame
2026-06-17 18:37:21 | WARNING  | fetcher                   | ACHR | yfinance returned empty DataFrame
2026-06-17 18:37:21 | WARNING  | fetcher                   | ACIC | yfinance returned empty DataFrame
2026-06-17 18:37:21 | WARNING  | fetcher                   | ACI | yfinance returned empty DataFrame
2026-06-17 18:37:21 | WARNING  | fetcher                   | ACIU | yfinance returned empty DataFrame
2026-06-17 18:37:21 | WARNING  | fetcher                   | ACHV | yfinance returned empty DataFrame
2026-06-17 18:37:22 | WARNING  | fetcher                   | ACIW | yfinance returned empty DataFrame
2026-06-17 18:37:22 | WARNING  | fetcher                   | ACM | yfinance returned empty DataFrame
2026-06-17 18:37:22 | WARNING  | fetcher                   | ACNB | yfinance returned empty DataFrame
2026-06-17 18:37:22 | WARNING  | fetcher                   | ACN | yfinance returned empty DataFrame
2026-06-17 18:37:22 | WARNING  | fetcher                   | ACMR | yfinance returned empty DataFrame
2026-06-17 18:37:23 | WARNING  | fetcher                   | ACLS | yfinance returned empty DataFrame
2026-06-17 18:37:23 | WARNING  | fetcher                   | ACOG | yfinance returned empty DataFrame
2026-06-17 18:37:23 | WARNING  | fetcher                   | ACONW | yfinance returned empty DataFrame
2026-06-17 18:37:23 | WARNING  | fetcher                   | ACP | yfinance returned empty DataFrame
2026-06-17 18:37:23 | WARNING  | fetcher                   | ACON | yfinance returned empty DataFrame
2026-06-17 18:37:23 | WARNING  | fetcher                   | ACNT | yfinance returned empty DataFrame
2026-06-17 18:37:24 | WARNING  | fetcher                   | ACRE | yfinance returned empty DataFrame
2026-06-17 18:37:24 | WARNING  | fetcher                   | ACRS | yfinance returned empty DataFrame
2026-06-17 18:37:24 | WARNING  | fetcher                   | ACT | yfinance returned empty DataFrame
2026-06-17 18:37:24 | WARNING  | fetcher                   | ACRV | yfinance returned empty DataFrame
2026-06-17 18:37:24 | WARNING  | fetcher                   | ACR | yfinance returned empty DataFrame
2026-06-17 18:37:26 | WARNING  | fetcher                   | ACTU | yfinance returned empty DataFrame
2026-06-17 18:37:26 | WARNING  | fetcher                   | ACVA | yfinance returned empty DataFrame
2026-06-17 18:37:26 | WARNING  | fetcher                   | ACV | yfinance returned empty DataFrame
2026-06-17 18:37:26 | WARNING  | fetcher                   | ACTG | yfinance returned empty DataFrame
2026-06-17 18:37:26 | WARNING  | fetcher                   | ACU | yfinance returned empty DataFrame
2026-06-17 18:37:26 | WARNING  | fetcher                   | AD | yfinance returned empty DataFrame
2026-06-17 18:37:26 | WARNING  | fetcher                   | ADACW | yfinance returned empty DataFrame
2026-06-17 18:37:26 | WARNING  | fetcher                   | ACXP | yfinance returned empty DataFrame
2026-06-17 18:37:26 | WARNING  | fetcher                   | ADACU | yfinance returned empty DataFrame
2026-06-17 18:37:26 | WARNING  | fetcher                   | ADAC | yfinance returned empty DataFrame
2026-06-17 18:41:12 | INFO     | fetcher                   | Logger initialised → logs\fetcher.log
2026-06-17 18:41:12 | INFO     | fetcher                   | Building full US stock universe from NASDAQ FTP...
2026-06-17 18:41:12 | INFO     | fetcher                   | Fetching NASDAQ listed tickers from NASDAQ FTP...
2026-06-17 18:41:15 | INFO     | fetcher                   | NASDAQ listed: 3897 tickers fetched
2026-06-17 18:41:15 | INFO     | fetcher                   | Fetching NYSE/other listed tickers from NASDAQ FTP...
2026-06-17 18:41:19 | INFO     | fetcher                   | NYSE/other listed: 2684 tickers fetched
2026-06-17 18:41:19 | INFO     | fetcher                   | Full universe built | NASDAQ: 3897 | NYSE/Other: 2684 | Indices: 3 | Sectors: 11 | Total unique: 6595
2026-06-17 18:41:34 | INFO     | fetcher                   | smart_fetch | Full fetch needed: 6595 tickers | Incremental: 0 tickers
2026-06-17 18:41:34 | INFO     | fetcher                   | Full fetch: 2026-04-20 to 2026-06-17
2026-06-17 18:41:34 | INFO     | fetcher                   | Fetching 6595 tickers | 132 batches of 50 | Period: 2026-04-20 to 2026-06-17
2026-06-17 18:41:34 | INFO     | fetcher                   | Batch 1/132 | 50 tickers
2026-06-17 18:41:44 | WARNING  | fetcher                   | ABLVW | yfinance returned empty DataFrame
2026-06-17 18:41:48 | WARNING  | fetcher                   | Batch: 14 tickers failed: ['AACBR', 'AACBU', 'AACI', 'AACIU', 'AACIW', 'AACO', 'AACP', 'AACOW', 'AACOU', 'AACPR']...
2026-06-17 18:41:48 | INFO     | fetcher                   | Batch 2/132 | 50 tickers
2026-06-17 18:41:51 | WARNING  | fetcher                   | ACAAW | yfinance returned empty DataFrame
2026-06-17 18:41:55 | WARNING  | fetcher                   | ACONW | yfinance returned empty DataFrame
2026-06-17 18:41:58 | WARNING  | fetcher                   | Batch: 9 tickers failed: ['ACAAU', 'ACAAW', 'ACGC', 'ACGCU', 'ACGCW', 'ACONW', 'ADAC', 'ADACU', 'ADACW']...
2026-06-17 18:41:58 | INFO     | fetcher                   | Batch 3/132 | 50 tickers
2026-06-17 18:42:03 | WARNING  | fetcher                   | ADSEW | yfinance returned empty DataFrame
2026-06-17 18:42:09 | WARNING  | fetcher                   | AENTW | yfinance returned empty DataFrame
2026-06-17 18:42:09 | WARNING  | fetcher                   | Batch: 7 tickers failed: ['ADSE', 'ADSEW', 'ADXN', 'AEAQ', 'AEAQU', 'AEAQW', 'AENTW']...
2026-06-17 18:42:09 | INFO     | fetcher                   | Batch 4/132 | 50 tickers
2026-06-17 18:42:12 | WARNING  | fetcher                   | AERTW | yfinance returned empty DataFrame
2026-06-17 18:42:15 | WARNING  | fetcher                   | AFRIW | yfinance returned empty DataFrame
2026-06-17 18:42:21 | WARNING  | fetcher                   | AGM.A | yfinance returned empty DataFrame
2026-06-17 18:47:18 | INFO     | fetcher                   | Logger initialised → logs\fetcher.log
2026-06-17 18:47:18 | INFO     | fetcher                   | Building full US stock universe from NASDAQ FTP...
2026-06-17 18:47:18 | INFO     | fetcher                   | Fetching NASDAQ listed tickers from NASDAQ FTP...
2026-06-17 18:47:23 | INFO     | fetcher                   | Fetching NASDAQ listed tickers from NASDAQ FTP...
2026-06-17 18:47:33 | INFO     | fetcher                   | Fetching NASDAQ listed tickers from NASDAQ FTP...
2026-06-17 18:47:45 | INFO     | fetcher                   | Logger initialised → logs\fetcher.log
2026-06-17 18:47:45 | INFO     | fetcher                   | Building full US stock universe from NASDAQ FTP...
2026-06-17 18:47:45 | INFO     | fetcher                   | Fetching NASDAQ listed tickers from NASDAQ FTP...
2026-06-17 18:47:48 | INFO     | fetcher                   | NASDAQ listed: 3897 tickers fetched
2026-06-17 18:47:48 | INFO     | fetcher                   | Fetching NYSE/other listed tickers from NASDAQ FTP...
2026-06-17 18:47:51 | INFO     | fetcher                   | NYSE/other listed: 2684 tickers fetched
2026-06-17 18:47:51 | INFO     | fetcher                   | Full universe built | NASDAQ: 3897 | NYSE/Other: 2684 | Indices: 3 | Sectors: 11 | Total unique: 6595
2026-06-17 18:48:05 | INFO     | fetcher                   | smart_fetch | Full fetch needed: 6595 tickers | Incremental: 0 tickers
2026-06-17 18:48:05 | INFO     | fetcher                   | Full fetch: 2026-04-20 to 2026-06-17
2026-06-17 18:48:05 | INFO     | fetcher                   | Fetching 6595 tickers | 132 batches of 50 | Period: 2026-04-20 to 2026-06-17
2026-06-17 18:48:05 | INFO     | fetcher                   | Batch 1/132 | 50 tickers
2026-06-17 18:48:14 | WARNING  | fetcher                   | ABLVW | yfinance returned empty DataFrame
2026-06-17 18:48:17 | WARNING  | fetcher                   | Batch: 14 tickers failed: ['AACBU', 'AACBR', 'AACI', 'AACIU', 'AACIW', 'AACP', 'AACOU', 'AACOW', 'AACPR', 'AACO']...
2026-06-17 18:48:17 | INFO     | fetcher                   | Batch 2/132 | 50 tickers
2026-06-17 18:48:18 | WARNING  | fetcher                   | ACAAW | yfinance returned empty DataFrame
2026-06-17 18:48:23 | WARNING  | fetcher                   | ACONW | yfinance returned empty DataFrame
2026-06-17 18:48:25 | WARNING  | fetcher                   | Batch: 9 tickers failed: ['ACAAW', 'ACAAU', 'ACGC', 'ACGCW', 'ACGCU', 'ACONW', 'ADAC', 'ADACU', 'ADACW']...
2026-06-17 18:48:25 | INFO     | fetcher                   | Batch 3/132 | 50 tickers
2026-06-17 18:48:29 | WARNING  | fetcher                   | ADSEW | yfinance returned empty DataFrame
2026-06-17 18:48:33 | WARNING  | fetcher                   | AENTW | yfinance returned empty DataFrame
2026-06-17 18:48:33 | WARNING  | fetcher                   | Batch: 7 tickers failed: ['ADSEW', 'ADSE', 'AEAQ', 'ADXN', 'AEAQU', 'AEAQW', 'AENTW']...
2026-06-17 18:48:33 | INFO     | fetcher                   | Batch 4/132 | 50 tickers
2026-06-17 18:48:35 | WARNING  | fetcher                   | AERTW | yfinance returned empty DataFrame
2026-06-17 18:48:37 | WARNING  | fetcher                   | AFRIW | yfinance returned empty DataFrame
2026-06-17 18:48:42 | WARNING  | fetcher                   | AGM.A | yfinance returned empty DataFrame
2026-06-17 18:48:42 | WARNING  | fetcher                   | Batch: 4 tickers failed: ['AERTW', 'AESPU', 'AFRIW', 'AGM.A']...
2026-06-17 18:48:42 | INFO     | fetcher                   | Batch 5/132 | 50 tickers
2026-06-17 18:48:46 | WARNING  | fetcher                   | AIMDW | yfinance returned empty DataFrame
2026-06-17 18:48:47 | WARNING  | fetcher                   | AIRJW | yfinance returned empty DataFrame
2026-06-17 18:48:48 | WARNING  | fetcher                   | AISPW | yfinance returned empty DataFrame
2026-06-17 18:48:49 | WARNING  | fetcher                   | Batch: 8 tickers failed: ['AIBZ', 'AIIA', 'AIIR', 'AIMDW', 'AIRJW', 'AIRT', 'AIRTP', 'AISPW']...
2026-06-17 18:48:49 | INFO     | fetcher                   | Batch 6/132 | 50 tickers
2026-06-17 18:48:51 | WARNING  | fetcher                   | AKO.B | yfinance returned empty DataFrame
2026-06-17 18:48:53 | WARNING  | fetcher                   | ALDFW | yfinance returned empty DataFrame
2026-06-17 18:48:54 | WARNING  | fetcher                   | AKO.A | yfinance returned empty DataFrame
2026-06-17 18:48:54 | WARNING  | fetcher                   | ALFUW | yfinance returned empty DataFrame
2026-06-17 18:48:58 | WARNING  | fetcher                   | Batch: 13 tickers failed: ['AKO.B', 'ALDFW', 'ALDF', 'ALDFU', 'ALF', 'ALFUU', 'AKO.A', 'ALFUW', 'ALISR', 'ALISU']...
2026-06-17 18:48:58 | INFO     | fetcher                   | Batch 7/132 | 50 tickers
2026-06-17 18:49:02 | WARNING  | fetcher                   | ALVOW | yfinance returned empty DataFrame
2026-06-17 18:49:12 | WARNING  | fetcher                   | Batch: 2 tickers failed: ['ALUB', 'ALVOW']...
2026-06-17 18:49:12 | INFO     | fetcher                   | Batch 8/132 | 50 tickers
2026-06-17 18:49:17 | WARNING  | fetcher                   | ANGHW | yfinance returned empty DataFrame
2026-06-17 18:49:19 | WARNING  | fetcher                   | ANNAW | yfinance returned empty DataFrame
2026-06-17 18:49:21 | WARNING  | fetcher                   | ANSCW | yfinance returned empty DataFrame
2026-06-17 18:49:23 | WARNING  | fetcher                   | Batch: 7 tickers failed: ['AMUB', 'ANGHW', 'ANNAW', 'ANSC', 'ANSCU', 'ANSCW', 'ANTA']...
2026-06-17 18:49:23 | INFO     | fetcher                   | Batch 9/132 | 50 tickers
2026-06-17 18:49:28 | WARNING  | fetcher                   | APLMW | yfinance returned empty DataFrame
2026-06-17 18:49:34 | WARNING  | fetcher                   | ARBEW | yfinance returned empty DataFrame
2026-06-17 18:49:36 | WARNING  | fetcher                   | Batch: 17 tickers failed: ['APACR', 'APAC', 'APACU', 'APLM', 'APLMW', 'APMCU', 'APURR', 'APUR', 'APWC', 'APXT']...
2026-06-17 18:49:36 | INFO     | fetcher                   | Batch 10/132 | 50 tickers
2026-06-17 18:49:43 | WARNING  | fetcher                   | ARQQW | yfinance returned empty DataFrame
2026-06-17 18:49:47 | WARNING  | fetcher                   | ASBPW | yfinance returned empty DataFrame
2026-06-17 18:49:48 | WARNING  | fetcher                   | Batch: 10 tickers failed: ['ARCLW', 'ARCLU', 'ARCLR', 'ARKR', 'ARL', 'ARQQW', 'ARTC', 'ARTCU', 'ARTCW', 'ASBPW']...
2026-06-17 18:49:48 | INFO     | fetcher                   | Batch 11/132 | 50 tickers
2026-06-17 18:49:55 | WARNING  | fetcher                   | ASTLW | yfinance returned empty DataFrame
2026-06-17 18:49:59 | WARNING  | fetcher                   | ATIIW | yfinance returned empty DataFrame
2026-06-17 18:50:00 | WARNING  | fetcher                   | Batch: 4 tickers failed: ['ASTLW', 'ATGL', 'ATIIW', 'ATIIU']...
2026-06-17 18:50:00 | INFO     | fetcher                   | Batch 12/132 | 50 tickers
2026-06-17 18:50:09 | WARNING  | fetcher                   | AUROW | yfinance returned empty DataFrame
2026-06-17 18:50:14 | WARNING  | fetcher                   | Batch: 4 tickers failed: ['AUBN', 'AUC', 'AUROW', 'AVAT']...
2026-06-17 18:50:14 | INFO     | fetcher                   | Batch 13/132 | 50 tickers
2026-06-17 18:50:26 | WARNING  | fetcher                   | Batch: 5 tickers failed: ['AXINU', 'AZUL', 'BACC', 'BACCR', 'BACCU']...
2026-06-17 18:50:26 | INFO     | fetcher                   | Batch 14/132 | 50 tickers
2026-06-17 18:50:27 | WARNING  | fetcher                   | BAERW | yfinance returned empty DataFrame
2026-06-17 18:50:34 | WARNING  | fetcher                   | BBLGW | yfinance returned empty DataFrame
2026-06-17 18:50:38 | WARNING  | fetcher                   | Batch: 5 tickers failed: ['BAERW', 'BANFP', 'BBCQU', 'BBLGW', 'BCARU']...
2026-06-17 18:50:38 | INFO     | fetcher                   | Batch 15/132 | 50 tickers
2026-06-17 18:50:41 | WARNING  | fetcher                   | BCGWW | yfinance returned empty DataFrame
2026-06-17 18:50:45 | WARNING  | fetcher                   | BDMDW | yfinance returned empty DataFrame
2026-06-17 18:50:47 | WARNING  | fetcher                   | BEATW | yfinance returned empty DataFrame
2026-06-17 18:50:49 | WARNING  | fetcher                   | Batch: 14 tickers failed: ['BCGWW', 'BCSS', 'BCTXL', 'BDCI', 'BDCIU', 'BDCIW', 'BDCZ', 'BDL', 'BDMDW', 'BEAG']...
2026-06-17 18:50:49 | INFO     | fetcher                   | Batch 16/132 | 50 tickers
2026-06-17 18:50:51 | WARNING  | fetcher                   | BENFW | yfinance returned empty DataFrame
2026-06-17 18:50:53 | WARNING  | fetcher                   | BF.A | yfinance returned empty DataFrame
2026-06-17 18:50:53 | WARNING  | fetcher                   | BETRW | yfinance returned empty DataFrame
2026-06-17 18:50:54 | WARNING  | fetcher                   | BF.B | yfinance returned empty DataFrame
2026-06-17 18:50:54 | WARNING  | fetcher                   | BFRGW | yfinance returned empty DataFrame
2026-06-17 18:50:56 | WARNING  | fetcher                   | BFRIW | yfinance returned empty DataFrame
2026-06-17 18:51:02 | WARNING  | fetcher                   | BH.A | yfinance returned empty DataFrame
2026-06-17 18:51:03 | WARNING  | fetcher                   | Batch: 11 tickers failed: ['BENFW', 'BF.A', 'BETRW', 'BF.B', 'BFRGW', 'BFRIW', 'BGLWW', 'BH.A', 'BHAV', 'BHAVR']...
2026-06-17 18:51:03 | INFO     | fetcher                   | Batch 17/132 | 50 tickers
2026-06-17 18:51:07 | WARNING  | fetcher                   | BIAFW | yfinance returned empty DataFrame
2026-06-17 18:51:09 | WARNING  | fetcher                   | BIO.B | yfinance returned empty DataFrame
2026-06-17 18:51:15 | WARNING  | fetcher                   | Batch: 10 tickers failed: ['BHM', 'BHV', 'BIAFW', 'BIDWU', 'BIII', 'BIO.B', 'BIVIW', 'BIXI', 'BIXIU', 'BIXIW']...
2026-06-17 18:51:15 | INFO     | fetcher                   | Batch 18/132 | 50 tickers
2026-06-17 18:51:27 | WARNING  | fetcher                   | Batch: 11 tickers failed: ['BLIV', 'BLRKU', 'BLRK', 'BLRKW', 'BLUWW', 'BLUWU', 'BLUW', 'BLZRU', 'BLZR', 'BLZRW']...
2026-06-17 18:51:27 | INFO     | fetcher                   | Batch 19/132 | 50 tickers
2026-06-17 18:51:28 | WARNING  | fetcher                   | BNAIW | yfinance returned empty DataFrame
2026-06-17 18:51:31 | WARNING  | fetcher                   | BNZIW | yfinance returned empty DataFrame
2026-06-17 18:51:38 | WARNING  | fetcher                   | Batch: 6 tickers failed: ['BNAIW', 'BNZIW', 'BPAC', 'BPACU', 'BPACR', 'BPOPM']...
2026-06-17 18:51:38 | INFO     | fetcher                   | Batch 20/132 | 50 tickers
2026-06-17 18:51:41 | WARNING  | fetcher                   | BRK.A | yfinance returned empty DataFrame
2026-06-17 18:51:41 | WARNING  | fetcher                   | BRK.B | yfinance returned empty DataFrame
2026-06-17 18:51:50 | WARNING  | fetcher                   | Batch: 12 tickers failed: ['BRBI', 'BREZ', 'BREZR', 'BRFH', 'BRK.A', 'BRK.B', 'BRKHU', 'BRID', 'BRKRP', 'BSAAR']...
2026-06-17 18:51:50 | INFO     | fetcher                   | Batch 21/132 | 50 tickers
2026-06-17 18:51:55 | WARNING  | fetcher                   | BULLW | yfinance returned empty DataFrame
2026-06-17 18:52:03 | WARNING  | fetcher                   | Batch: 5 tickers failed: ['BTSGU', 'BULLW', 'BVC', 'BWBBP', 'BWIV']...
2026-06-17 18:52:03 | INFO     | fetcher                   | Batch 22/132 | 50 tickers
2026-06-17 18:52:06 | WARNING  | fetcher                   | BZAIW | yfinance returned empty DataFrame
2026-06-17 18:52:06 | WARNING  | fetcher                   | BZFDW | yfinance returned empty DataFrame
2026-06-17 18:52:09 | WARNING  | fetcher                   | CAES | yfinance returned empty DataFrame
2026-06-17 18:52:14 | WARNING  | fetcher                   | Batch: 10 tickers failed: ['BYFC', 'BZAIW', 'BZFDW', 'CAES', 'CAIIU', 'CAPNR', 'CAPNU', 'CAQ', 'CAQUU', 'CAQUW']...
2026-06-17 18:52:14 | INFO     | fetcher                   | Batch 23/132 | 50 tickers
2026-06-17 18:52:24 | WARNING  | fetcher                   | CCGWW | yfinance returned empty DataFrame
2026-06-17 18:52:25 | WARNING  | fetcher                   | Batch: 9 tickers failed: ['CBFV', 'CBNA', 'CCAQ', 'CCAQU', 'CCAQW', 'CCGWW', 'CCID', 'CCII', 'CCIIU']...
2026-06-17 18:52:25 | INFO     | fetcher                   | Batch 24/132 | 50 tickers
2026-06-17 18:52:26 | WARNING  | fetcher                   | CCIXW | yfinance returned empty DataFrame
2026-06-17 18:52:30 | WARNING  | fetcher                   | CDIOW | yfinance returned empty DataFrame
2026-06-17 18:52:32 | WARNING  | fetcher                   | CDROW | yfinance returned empty DataFrame
2026-06-17 18:52:36 | WARNING  | fetcher                   | Batch: 11 tickers failed: ['CCIIW', 'CCIXU', 'CCIXW', 'CCNEP', 'CCXI', 'CCXIU', 'CCXIW', 'CCZ', 'CDIOW', 'CDROW']...
2026-06-17 18:52:36 | INFO     | fetcher                   | Batch 25/132 | 50 tickers
2026-06-17 18:52:47 | WARNING  | fetcher                   | Batch: 6 tickers failed: ['CEPV', 'CEPS', 'CFFI', 'CHECU', 'CHEC', 'CHECW']...
2026-06-17 18:52:47 | INFO     | fetcher                   | Batch 26/132 | 50 tickers
2026-06-17 18:52:56 | WARNING  | fetcher                   | CIG.C | yfinance returned empty DataFrame
2026-06-17 18:52:58 | WARNING  | fetcher                   | CINGW | yfinance returned empty DataFrame
2026-06-17 18:53:00 | WARNING  | fetcher                   | Batch: 7 tickers failed: ['CHPG', 'CHPGR', 'CHPGU', 'CIG.C', 'CINGW', 'CIX', 'CKX']...
2026-06-17 18:53:00 | INFO     | fetcher                   | Batch 27/132 | 50 tickers
2026-06-17 18:53:06 | WARNING  | fetcher                   | CLSKW | yfinance returned empty DataFrame
2026-06-17 18:53:11 | WARNING  | fetcher                   | CMIIW | yfinance returned empty DataFrame
2026-06-17 18:53:11 | WARNING  | fetcher                   | Batch: 5 tickers failed: ['CLSKW', 'CLST', 'CMII', 'CMIIU', 'CMIIW']...
2026-06-17 18:53:12 | INFO     | fetcher                   | Batch 28/132 | 50 tickers
2026-06-17 18:53:16 | WARNING  | fetcher                   | CNCKW | yfinance returned empty DataFrame
2026-06-17 18:53:22 | WARNING  | fetcher                   | COCHW | yfinance returned empty DataFrame
2026-06-17 18:53:23 | WARNING  | fetcher                   | Batch: 3 tickers failed: ['CNCKW', 'CNOBP', 'COCHW']...
2026-06-17 18:53:23 | INFO     | fetcher                   | Batch 29/132 | 50 tickers
2026-06-17 18:53:27 | WARNING  | fetcher                   | COOTW | yfinance returned empty DataFrame
2026-06-17 18:53:27 | WARNING  | fetcher                   | CORZW | yfinance returned empty DataFrame
2026-06-17 18:53:30 | WARNING  | fetcher                   | Batch: 7 tickers failed: ['COLAU', 'COLAR', 'COPL', 'COOTW', 'CORZW', 'CPBI', 'CPHC']...
2026-06-17 18:53:30 | INFO     | fetcher                   | Batch 30/132 | 50 tickers
2026-06-17 18:53:35 | WARNING  | fetcher                   | CRD.A | yfinance returned empty DataFrame
2026-06-17 18:53:35 | WARNING  | fetcher                   | CRD.B | yfinance returned empty DataFrame
2026-06-17 18:53:36 | WARNING  | fetcher                   | CRGOW | yfinance returned empty DataFrame
2026-06-17 18:53:38 | WARNING  | fetcher                   | CRMLW | yfinance returned empty DataFrame
2026-06-17 18:53:39 | WARNING  | fetcher                   | Batch: 14 tickers failed: ['CRAC', 'CRACW', 'CRACU', 'CRACR', 'CRAN', 'CRANU', 'CRANR', 'CRAQ', 'CRAQU', 'CRAQR']...
2026-06-17 18:53:39 | INFO     | fetcher                   | Batch 31/132 | 50 tickers
2026-06-17 18:53:48 | WARNING  | fetcher                   | CTGG | yfinance returned empty DataFrame
2026-06-17 18:53:48 | WARNING  | fetcher                   | CTHH | yfinance returned empty DataFrame
2026-06-17 18:53:50 | WARNING  | fetcher                   | Batch: 6 tickers failed: ['CSHRW', 'CTAA', 'CTAAU', 'CTAAR', 'CTGG', 'CTHH']...
2026-06-17 18:53:50 | INFO     | fetcher                   | Batch 32/132 | 50 tickers
2026-06-17 18:53:52 | WARNING  | fetcher                   | CUBWW | yfinance returned empty DataFrame
2026-06-17 18:53:58 | WARNING  | fetcher                   | CXAIW | yfinance returned empty DataFrame
2026-06-17 18:53:58 | WARNING  | fetcher                   | Batch: 6 tickers failed: ['CUB', 'CUBB', 'CUBWW', 'CUBWU', 'CVR', 'CXAIW']...
2026-06-17 18:53:58 | INFO     | fetcher                   | Batch 33/132 | 50 tickers
2026-06-17 18:53:59 | WARNING  | fetcher                   | CXIIW | yfinance returned empty DataFrame
2026-06-17 18:53:59 | WARNING  | fetcher                   | CXII | yfinance returned empty DataFrame
2026-06-17 18:54:00 | WARNING  | fetcher                   | CYCUW | yfinance returned empty DataFrame
2026-06-17 18:54:02 | WARNING  | fetcher                   | DAVEW | yfinance returned empty DataFrame
2026-06-17 18:54:05 | WARNING  | fetcher                   | Batch: 13 tickers failed: ['CXIIW', 'CXIIU', 'CXII', 'CYCUW', 'CZFS', 'DAAQ', 'DAAQU', 'DAAQW', 'DAVEW', 'DBCA']...
2026-06-17 18:54:05 | INFO     | fetcher                   | Batch 34/132 | 50 tickers
2026-06-17 18:54:09 | WARNING  | fetcher                   | DFLIW | yfinance returned empty DataFrame
2026-06-17 18:54:11 | WARNING  | fetcher                   | Batch: 4 tickers failed: ['DFLIW', 'DFSCW', 'DGICB', 'DGZ']...
2026-06-17 18:54:11 | INFO     | fetcher                   | Batch 35/132 | 50 tickers
2026-06-17 18:54:14 | WARNING  | fetcher                   | DJTWW | yfinance returned empty DataFrame
2026-06-17 18:54:19 | WARNING  | fetcher                   | Batch: 11 tickers failed: ['DIT', 'DJTWW', 'DLHC', 'DMAA', 'DMAAU', 'DMII', 'DMIIR', 'DMIIU', 'DNMXU', 'DNMXW']...
2026-06-17 18:54:19 | INFO     | fetcher                   | Batch 36/132 | 50 tickers
2026-06-17 18:54:22 | WARNING  | fetcher                   | DRDBW | yfinance returned empty DataFrame
2026-06-17 18:54:23 | WARNING  | fetcher                   | DRMAW | yfinance returned empty DataFrame
2026-06-17 18:54:23 | WARNING  | fetcher                   | DRTSW | yfinance returned empty DataFrame
2026-06-17 18:54:25 | WARNING  | fetcher                   | DSYWW | yfinance returned empty DataFrame
2026-06-17 18:54:26 | WARNING  | fetcher                   | DSX.W | yfinance returned empty DataFrame
2026-06-17 18:54:26 | WARNING  | fetcher                   | Batch: 10 tickers failed: ['DRDBU', 'DRDB', 'DRDBW', 'DRMAW', 'DRTSW', 'DSAC', 'DSACU', 'DSACW', 'DSYWW', 'DSX.W']...
2026-06-17 18:54:26 | INFO     | fetcher                   | Batch 37/132 | 50 tickers
2026-06-17 18:54:36 | WARNING  | fetcher                   | Batch: 7 tickers failed: ['DUKRW', 'DXR', 'DYNCW', 'DYNCU', 'DYOR', 'DYORU', 'DYORW']...
2026-06-17 18:54:36 | INFO     | fetcher                   | Batch 38/132 | 50 tickers
2026-06-17 18:54:40 | WARNING  | fetcher                   | ECXWW | yfinance returned empty DataFrame
2026-06-17 18:54:41 | WARNING  | fetcher                   | EDBLW | yfinance returned empty DataFrame
2026-06-17 18:54:46 | WARNING  | fetcher                   | EFTY | yfinance returned empty DataFrame
2026-06-17 18:54:47 | WARNING  | fetcher                   | Batch: 6 tickers failed: ['ECCV', 'ECXWW', 'EDBLW', 'EDTK', 'EFSCP', 'EFTY']...
2026-06-17 18:54:47 | INFO     | fetcher                   | Batch 39/132 | 50 tickers
2026-06-17 18:55:00 | WARNING  | fetcher                   | Batch: 8 tickers failed: ['EGHAU', 'EGHAR', 'EGHA', 'EHLD', 'EICA', 'EIIA', 'ELLA', 'ELOX']...
2026-06-17 18:55:00 | INFO     | fetcher                   | Batch 40/132 | 50 tickers
2026-06-17 18:55:05 | WARNING  | fetcher                   | ENGNW | yfinance returned empty DataFrame
2026-06-17 18:55:12 | WARNING  | fetcher                   | Batch: 6 tickers failed: ['EMIS', 'EMISR', 'ENGNW', 'ENJ', 'ENRD', 'ENRDW']...
2026-06-17 18:55:12 | INFO     | fetcher                   | Batch 41/132 | 50 tickers
2026-06-17 18:55:23 | WARNING  | fetcher                   | Batch: 2 tickers failed: ['EROC', 'ESBA']...
2026-06-17 18:55:23 | INFO     | fetcher                   | Batch 42/132 | 50 tickers
2026-06-17 18:55:26 | WARNING  | fetcher                   | EUDAW | yfinance returned empty DataFrame
2026-06-17 18:55:28 | WARNING  | fetcher                   | EVGOW | yfinance returned empty DataFrame
2026-06-17 18:55:29 | WARNING  | fetcher                   | EVLVW | yfinance returned empty DataFrame
2026-06-17 18:55:34 | WARNING  | fetcher                   | Batch: 9 tickers failed: ['ETSS', 'EURKR', 'EURKU', 'EUDAW', 'EVGOW', 'EVLVW', 'EVOX', 'EVOXU', 'EVOXW']...
2026-06-17 18:55:34 | INFO     | fetcher                   | Batch 43/132 | 50 tickers
2026-06-17 18:55:39 | WARNING  | fetcher                   | FACTW | yfinance returned empty DataFrame
2026-06-17 18:55:43 | WARNING  | fetcher                   | FBYDW | yfinance returned empty DataFrame
2026-06-17 18:55:43 | WARNING  | fetcher                   | FBYDP | yfinance returned empty DataFrame
2026-06-17 18:55:45 | WARNING  | fetcher                   | Batch: 9 tickers failed: ['EXOZ', 'EXYNW', 'FAC', 'FACWW', 'FACTW', 'FACTU', 'FBYDW', 'FBYDP', 'FCAP']...
2026-06-17 18:55:45 | INFO     | fetcher                   | Batch 44/132 | 50 tickers
2026-06-17 18:55:54 | WARNING  | fetcher                   | FFAIW | yfinance returned empty DataFrame
2026-06-17 18:55:58 | WARNING  | fetcher                   | FGIWW | yfinance returned empty DataFrame
2026-06-17 18:55:58 | WARNING  | fetcher                   | Batch: 10 tickers failed: ['FEDU', 'FERA', 'FERAR', 'FERAU', 'FFAIW', 'FGBIP', 'FGIIU', 'FGII', 'FGIIW', 'FGIWW']...
2026-06-17 18:55:58 | INFO     | fetcher                   | Batch 45/132 | 50 tickers
2026-06-17 18:56:07 | WARNING  | fetcher                   | FLDDW | yfinance returned empty DataFrame
2026-06-17 18:56:10 | WARNING  | fetcher                   | Batch: 7 tickers failed: ['FGMCU', 'FGNXP', 'FIGX', 'FIGXU', 'FIGXW', 'FISK', 'FLDDW']...
2026-06-17 18:56:10 | INFO     | fetcher                   | Batch 46/132 | 50 tickers
2026-06-17 18:56:15 | WARNING  | fetcher                   | FMSTW | yfinance returned empty DataFrame
2026-06-17 18:56:22 | WARNING  | fetcher                   | Batch: 7 tickers failed: ['FMAC', 'FLZH', 'FMACR', 'FMACU', 'FMSTW', 'FOCL', 'FORTY']...
2026-06-17 18:56:22 | INFO     | fetcher                   | Batch 47/132 | 50 tickers
2026-06-17 18:56:23 | WARNING  | fetcher                   | FOXXW | yfinance returned empty DataFrame
2026-06-17 18:56:33 | WARNING  | fetcher                   | Batch: 7 tickers failed: ['FOXXW', 'FRBT', 'FRMEP', 'FRTT', 'FSHP', 'FSHPU', 'FSHPR']...
2026-06-17 18:56:33 | INFO     | fetcher                   | Batch 48/132 | 50 tickers
2026-06-17 18:56:37 | WARNING  | fetcher                   | FTW.W | yfinance returned empty DataFrame
2026-06-17 18:56:37 | WARNING  | fetcher                   | FUFUW | yfinance returned empty DataFrame
2026-06-17 18:56:44 | WARNING  | fetcher                   | Batch: 11 tickers failed: ['FTHAU', 'FTH', 'FTW.W', 'FUFUW', 'FUSB', 'FUSEW', 'FVAV', 'FVNNR', 'FVNNU', 'FXACU']...
2026-06-17 18:56:44 | INFO     | fetcher                   | Batch 49/132 | 50 tickers
2026-06-17 18:56:49 | WARNING  | fetcher                   | GCLWW | yfinance returned empty DataFrame
2026-06-17 18:56:51 | WARNING  | fetcher                   | GDEVW | yfinance returned empty DataFrame
2026-06-17 18:56:55 | WARNING  | fetcher                   | GEF.B | yfinance returned empty DataFrame
2026-06-17 18:56:56 | WARNING  | fetcher                   | Batch: 11 tickers failed: ['GBLI', 'GCGRU', 'GCLWW', 'GDEVW', 'GDEV', 'GDHG', 'GECCG', 'GECCH', 'GECCI', 'GEF.B']...
2026-06-17 18:56:56 | INFO     | fetcher                   | Batch 50/132 | 50 tickers
2026-06-17 18:57:02 | WARNING  | fetcher                   | GGROW | yfinance returned empty DataFrame
2026-06-17 18:57:08 | WARNING  | fetcher                   | Batch: 8 tickers failed: ['GFAIW', 'GGROW', 'GIBOW', 'GIGM', 'GIW', 'GIWWR', 'GIWWU', 'GIX']...
2026-06-17 18:57:08 | INFO     | fetcher                   | Batch 51/132 | 50 tickers
2026-06-17 18:57:18 | WARNING  | fetcher                   | GME.W | yfinance returned empty DataFrame
2026-06-17 18:57:21 | WARNING  | fetcher                   | Batch: 10 tickers failed: ['GJO', 'GIXXU', 'GIXXR', 'GJP', 'GJH', 'GJR', 'GJS', 'GJT', 'GLED', 'GME.W']...
2026-06-17 18:57:21 | INFO     | fetcher                   | Batch 52/132 | 50 tickers
2026-06-17 18:57:28 | WARNING  | fetcher                   | GPATW | yfinance returned empty DataFrame
2026-06-17 18:57:32 | WARNING  | fetcher                   | GRABW | yfinance returned empty DataFrame
2026-06-17 18:57:33 | WARNING  | fetcher                   | Batch: 11 tickers failed: ['GOODN', 'GOOGM', 'GOOGN', 'GPAC', 'GPACU', 'GPAT', 'GPACW', 'GPATW', 'GPATU', 'GRABW']...
2026-06-17 18:57:33 | INFO     | fetcher                   | Batch 53/132 | 50 tickers
2026-06-17 18:57:38 | WARNING  | fetcher                   | GRRRW | yfinance returned empty DataFrame
2026-06-17 18:57:44 | WARNING  | fetcher                   | Batch: 18 tickers failed: ['GRF', 'GRN', 'GRRRW', 'GSHR', 'GSHRU', 'GSHRW', 'GSIW', 'GSRFR', 'GSRF', 'GSRFU']...
2026-06-17 18:57:44 | INFO     | fetcher                   | Batch 54/132 | 50 tickers
2026-06-17 18:57:46 | WARNING  | fetcher                   | GTN.A | yfinance returned empty DataFrame
2026-06-17 18:57:49 | WARNING  | fetcher                   | GWH.W | yfinance returned empty DataFrame
2026-06-17 18:58:04 | WARNING  | fetcher                   | HAL | yfinance returned empty DataFrame
2026-06-17 18:58:04 | WARNING  | fetcher                   | Batch: 12 tickers failed: ['GTN.A', 'GUACU', 'GWH.W', 'GYRO', 'HACQ', 'HACQU', 'HACQW', 'HAVA', 'HAVAR', 'HAVAU']...
2026-06-17 18:58:04 | INFO     | fetcher                   | Batch 55/132 | 50 tickers
2026-06-17 18:58:18 | WARNING  | fetcher                   | HEI.A | yfinance returned empty DataFrame
2026-06-17 18:58:23 | WARNING  | fetcher                   | Batch: 15 tickers failed: ['HCAC', 'HCACR', 'HCACU', 'HCIC', 'HCICR', 'HCICU', 'HCMA', 'HCMAU', 'HCMAW', 'HCXY']...
2026-06-17 18:58:23 | INFO     | fetcher                   | Batch 56/132 | 50 tickers
2026-06-17 18:58:35 | WARNING  | fetcher                   | HOLOW | yfinance returned empty DataFrame
2026-06-17 18:58:43 | WARNING  | fetcher                   | Batch: 5 tickers failed: ['HLXC', 'HNNAZ', 'HOLOW', 'HONAV', 'HONIV']...
2026-06-17 18:58:43 | INFO     | fetcher                   | Batch 57/132 | 50 tickers
2026-06-17 18:58:45 | WARNING  | fetcher                   | HOVRW | yfinance returned empty DataFrame
2026-06-17 18:58:46 | WARNING  | fetcher                   | HPAIW | yfinance returned empty DataFrame
2026-06-17 18:58:51 | WARNING  | fetcher                   | HSCSW | yfinance returned empty DataFrame
2026-06-17 18:58:54 | WARNING  | fetcher                   | Batch: 6 tickers failed: ['HOVRW', 'HOVNP', 'HPAIW', 'HSCSW', 'HTFC', 'HTLM']...
2026-06-17 18:58:54 | INFO     | fetcher                   | Batch 58/132 | 50 tickers
2026-06-17 18:58:56 | WARNING  | fetcher                   | HTZWW | yfinance returned empty DataFrame
2026-06-17 18:58:58 | WARNING  | fetcher                   | HUMAW | yfinance returned empty DataFrame
2026-06-17 18:59:02 | WARNING  | fetcher                   | HVT.A | yfinance returned empty DataFrame
2026-06-17 18:59:06 | WARNING  | fetcher                   | Batch: 13 tickers failed: ['HTZWW', 'HUMAW', 'HVII', 'HVIIR', 'HVIIU', 'HVMC', 'HVMCU', 'HVMCW', 'HVT.A', 'IACO']...
2026-06-17 18:59:06 | INFO     | fetcher                   | Batch 59/132 | 50 tickers
2026-06-17 18:59:13 | WARNING  | fetcher                   | ICUCW | yfinance returned empty DataFrame
2026-06-17 18:59:18 | WARNING  | fetcher                   | Batch: 7 tickers failed: ['IBAC', 'IBACR', 'ICUCW', 'IDACU', 'IEAG', 'IEAGR', 'IEAGU']...
2026-06-17 18:59:18 | INFO     | fetcher                   | Batch 60/132 | 50 tickers
2026-06-17 18:59:24 | WARNING  | fetcher                   | ILLUW | yfinance returned empty DataFrame
2026-06-17 18:59:28 | WARNING  | fetcher                   | Batch: 9 tickers failed: ['IGAC', 'IGACU', 'IGACR', 'ILAG', 'ILLRW', 'ILLU', 'ILLUU', 'ILLUW', 'IMPPP']...
2026-06-17 18:59:28 | INFO     | fetcher                   | Batch 61/132 | 50 tickers
2026-06-17 18:59:39 | WARNING  | fetcher                   | Batch: 7 tickers failed: ['INACR', 'INACU', 'INBKZ', 'INAC', 'INIO', 'INLX', 'INTJ']...
2026-06-17 18:59:39 | INFO     | fetcher                   | Batch 62/132 | 50 tickers
2026-06-17 18:59:51 | WARNING  | fetcher                   | Batch: 15 tickers failed: ['IOR', 'IPCX', 'IPCXR', 'IPEXR', 'IPCXU', 'IPEX', 'IPEXU', 'IPFX', 'IPFXU', 'IPFXW']...
2026-06-17 18:59:51 | INFO     | fetcher                   | Batch 63/132 | 50 tickers
2026-06-17 18:59:56 | WARNING  | fetcher                   | IVDAW | yfinance returned empty DataFrame
2026-06-17 19:00:02 | WARNING  | fetcher                   | Batch: 9 tickers failed: ['ISNRU', 'ITHA', 'ITHAU', 'ITHAW', 'IVDAW', 'JABRU', 'JACS', 'JATT', 'JBK']...
2026-06-17 19:00:02 | INFO     | fetcher                   | Batch 64/132 | 50 tickers
2026-06-17 19:00:13 | WARNING  | fetcher                   | Batch: 2 tickers failed: ['JENA', 'JG']...
2026-06-17 19:00:13 | INFO     | fetcher                   | Batch 65/132 | 50 tickers
2026-06-17 19:00:15 | WARNING  | fetcher                   | JSPRW | yfinance returned empty DataFrame
2026-06-17 19:00:18 | WARNING  | fetcher                   | KAZR | yfinance returned empty DataFrame
2026-06-17 19:00:21 | WARNING  | fetcher                   | KCA.U | yfinance returned empty DataFrame
2026-06-17 19:00:26 | WARNING  | fetcher                   | Batch: 18 tickers failed: ['JXG', 'JSPRW', 'JWEL', 'KAZR', 'KBON', 'KBONU', 'KBONW', 'KCA.U', 'KCHV', 'KCHVR']...
2026-06-17 19:00:26 | INFO     | fetcher                   | Batch 66/132 | 50 tickers
2026-06-17 19:00:29 | WARNING  | fetcher                   | KIDZW | yfinance returned empty DataFrame
2026-06-17 19:00:36 | WARNING  | fetcher                   | Batch: 2 tickers failed: ['KIDZW', 'KOYN']...
2026-06-17 19:00:36 | INFO     | fetcher                   | Batch 67/132 | 50 tickers
2026-06-17 19:00:44 | WARNING  | fetcher                   | KTTAW | yfinance returned empty DataFrame
2026-06-17 19:00:46 | WARNING  | fetcher                   | KVACW | yfinance returned empty DataFrame
2026-06-17 19:00:47 | WARNING  | fetcher                   | Batch: 17 tickers failed: ['KOYNW', 'KOYNU', 'KPET', 'KRAQ', 'KRAQW', 'KRAQU', 'KRSP', 'KTH', 'KTN', 'KTTAW']...
2026-06-17 19:00:47 | INFO     | fetcher                   | Batch 68/132 | 50 tickers
2026-06-17 19:00:54 | WARNING  | fetcher                   | LAWR | yfinance returned empty DataFrame
2026-06-17 19:00:57 | WARNING  | fetcher                   | Batch: 12 tickers failed: ['KYIVW', 'LAFA', 'LAFAR', 'LAFAU', 'LATA', 'LATAW', 'LATAU', 'LAWR', 'LBTYB', 'LCCC']...
2026-06-17 19:00:57 | INFO     | fetcher                   | Batch 69/132 | 50 tickers
2026-06-17 19:00:59 | WARNING  | fetcher                   | LCFYW | yfinance returned empty DataFrame
2026-06-17 19:01:02 | WARNING  | fetcher                   | LEN.B | yfinance returned empty DataFrame
2026-06-17 19:01:08 | WARNING  | fetcher                   | LGL.R | yfinance returned empty DataFrame
2026-06-17 19:01:11 | WARNING  | fetcher                   | Batch: 8 tickers failed: ['LCFYW', 'LEGO', 'LEN.B', 'LFAC', 'LFACU', 'LFACW', 'LFMDP', 'LGL.R']...
2026-06-17 19:01:11 | INFO     | fetcher                   | Batch 70/132 | 50 tickers
2026-06-17 19:01:13 | WARNING  | fetcher                   | LIDRW | yfinance returned empty DataFrame
2026-06-17 19:01:14 | WARNING  | fetcher                   | LILAP | yfinance returned empty DataFrame
2026-06-17 19:01:22 | WARNING  | fetcher                   | Batch: 6 tickers failed: ['LIDRW', 'LILAP', 'LIMNW', 'LKSP', 'LKSPR', 'LKSPU']...
2026-06-17 19:01:22 | INFO     | fetcher                   | Batch 71/132 | 50 tickers
2026-06-17 19:01:23 | WARNING  | fetcher                   | LNZAW | yfinance returned empty DataFrame
2026-06-17 19:01:27 | WARNING  | fetcher                   | LOTWW | yfinance returned empty DataFrame
2026-06-17 19:01:28 | WARNING  | fetcher                   | LPAAW | yfinance returned empty DataFrame
2026-06-17 19:01:28 | WARNING  | fetcher                   | LPBBW | yfinance returned empty DataFrame
2026-06-17 19:01:33 | WARNING  | fetcher                   | Batch: 13 tickers failed: ['LNZAW', 'LOKVU', 'LOKVW', 'LOTWW', 'LPAAU', 'LPAA', 'LPAAW', 'LPBB', 'LPBBU', 'LPBBW']...
2026-06-17 19:01:33 | INFO     | fetcher                   | Batch 72/132 | 50 tickers
2026-06-17 19:01:37 | WARNING  | fetcher                   | LUCYW | yfinance returned empty DataFrame
2026-06-17 19:01:43 | WARNING  | fetcher                   | LZM.W | yfinance returned empty DataFrame
2026-06-17 19:01:43 | WARNING  | fetcher                   | Batch: 6 tickers failed: ['LTGRU', 'LUCYW', 'LWAC', 'LWACU', 'LWACW', 'LZM.W']...
2026-06-17 19:01:43 | INFO     | fetcher                   | Batch 73/132 | 50 tickers
2026-06-17 19:01:46 | WARNING  | fetcher                   | MACIW | yfinance returned empty DataFrame
2026-06-17 19:01:46 | WARNING  | fetcher                   | MAGH | yfinance returned empty DataFrame
2026-06-17 19:01:47 | WARNING  | fetcher                   | MAMK | yfinance returned empty DataFrame
2026-06-17 19:01:51 | WARNING  | fetcher                   | MBAVW | yfinance returned empty DataFrame
2026-06-17 19:01:54 | WARNING  | fetcher                   | Batch: 11 tickers failed: ['MACI', 'MACIU', 'MACIW', 'MAGH', 'MAMK', 'MAYS', 'MBAVU', 'MBAV', 'MBAVW', 'MBBC']...
2026-06-17 19:01:54 | INFO     | fetcher                   | Batch 74/132 | 50 tickers
2026-06-17 19:02:01 | WARNING  | fetcher                   | MCTA | yfinance returned empty DataFrame
2026-06-17 19:02:02 | WARNING  | fetcher                   | MDAIW | yfinance returned empty DataFrame
2026-06-17 19:02:04 | WARNING  | fetcher                   | Batch: 10 tickers failed: ['MBVI', 'MBVIU', 'MBVIW', 'MCAHU', 'MCGAU', 'MCGAW', 'MCTA', 'MDAIW', 'MDBH', 'MDRR']...
2026-06-17 19:02:04 | INFO     | fetcher                   | Batch 75/132 | 50 tickers
2026-06-17 19:02:15 | WARNING  | fetcher                   | Batch: 10 tickers failed: ['MESHU', 'MESH', 'MESHW', 'METCI', 'METCZ', 'MEVOU', 'MEVOW', 'MEVO', 'MGLD', 'MGYR']...
2026-06-17 19:02:15 | INFO     | fetcher                   | Batch 76/132 | 50 tickers
2026-06-17 19:02:23 | WARNING  | fetcher                   | MKC.V | yfinance returned empty DataFrame
2026-06-17 19:02:23 | WARNING  | fetcher                   | MKDWW | yfinance returned empty DataFrame
2026-06-17 19:02:27 | WARNING  | fetcher                   | MLECW | yfinance returned empty DataFrame
2026-06-17 19:02:27 | WARNING  | fetcher                   | Batch: 10 tickers failed: ['MHLA', 'MHNC', 'MKC.V', 'MKDWW', 'MKLY', 'MKLYU', 'MKLYR', 'MLAAU', 'MLCIL', 'MLECW']...
2026-06-17 19:02:27 | INFO     | fetcher                   | Batch 77/132 | 50 tickers
2026-06-17 19:02:33 | WARNING  | fetcher                   | MNDY | yfinance returned empty DataFrame
2026-06-17 19:02:35 | WARNING  | fetcher                   | MNTSW | yfinance returned empty DataFrame
2026-06-17 19:02:36 | WARNING  | fetcher                   | MNYWW | yfinance returned empty DataFrame
2026-06-17 19:02:36 | WARNING  | fetcher                   | MOBBW | yfinance returned empty DataFrame
2026-06-17 19:02:37 | WARNING  | fetcher                   | MOBXW | yfinance returned empty DataFrame
2026-06-17 19:02:38 | WARNING  | fetcher                   | MOG.B | yfinance returned empty DataFrame
2026-06-17 19:02:38 | WARNING  | fetcher                   | MOG.A | yfinance returned empty DataFrame
2026-06-17 19:02:38 | WARNING  | fetcher                   | Batch: 12 tickers failed: ['MLPB', 'MMTX', 'MMTXU', 'MMTXW', 'MNDY', 'MNSBP', 'MNTSW', 'MNYWW', 'MOBBW', 'MOBXW']...
2026-06-17 19:02:38 | INFO     | fetcher                   | Batch 78/132 | 50 tickers
2026-06-17 19:02:45 | WARNING  | fetcher                   | MRNOW | yfinance returned empty DataFrame
2026-06-17 19:02:47 | WARNING  | fetcher                   | MSAIW | yfinance returned empty DataFrame
2026-06-17 19:02:49 | WARNING  | fetcher                   | Batch: 5 tickers failed: ['MOLN', 'MRNOW', 'MSAIW', 'MSBIP', 'MSC']...
2026-06-17 19:02:49 | INFO     | fetcher                   | Batch 79/132 | 50 tickers
2026-06-17 19:02:54 | WARNING  | fetcher                   | MTEKW | yfinance returned empty DataFrame
2026-06-17 19:03:01 | WARNING  | fetcher                   | MVSTW | yfinance returned empty DataFrame
2026-06-17 19:03:02 | WARNING  | fetcher                   | Batch: 6 tickers failed: ['MTAL', 'MTEKW', 'MUZE', 'MUZEU', 'MUZEW', 'MVSTW']...
2026-06-17 19:03:02 | INFO     | fetcher                   | Batch 80/132 | 50 tickers
2026-06-17 19:03:07 | WARNING  | fetcher                   | MYPSW | yfinance returned empty DataFrame
2026-06-17 19:03:11 | WARNING  | fetcher                   | NAMSW | yfinance returned empty DataFrame
2026-06-17 19:03:15 | WARNING  | fetcher                   | Batch: 9 tickers failed: ['MXE', 'MYPSW', 'MYSEW', 'MYX', 'MYXXR', 'MYXXU', 'MYXXW', 'MZYX', 'NAMSW']...
2026-06-17 19:03:15 | INFO     | fetcher                   | Batch 81/132 | 50 tickers
2026-06-17 19:03:21 | WARNING  | fetcher                   | NCPLW | yfinance returned empty DataFrame
2026-06-17 19:03:25 | WARNING  | fetcher                   | NE.W | yfinance returned empty DataFrame
2026-06-17 19:03:25 | WARNING  | fetcher                   | NE.A | yfinance returned empty DataFrame
2026-06-17 19:03:28 | WARNING  | fetcher                   | NEOVW | yfinance returned empty DataFrame
2026-06-17 19:03:29 | WARNING  | fetcher                   | Batch: 9 tickers failed: ['NBRG', 'NBRGR', 'NBRGU', 'NCEW', 'NCPLW', 'NE.W', 'NE.A', 'NEN', 'NEOVW']...
2026-06-17 19:03:29 | INFO     | fetcher                   | Batch 82/132 | 50 tickers
2026-06-17 19:03:54 | WARNING  | fetcher                   | NIOBW | yfinance returned empty DataFrame
2026-06-17 19:03:54 | WARNING  | fetcher                   | Batch: 10 tickers failed: ['NEWTG', 'NEWTI', 'NEWTO', 'NEWTP', 'NEXRW', 'NHICU', 'NHIVU', 'NHIVW', 'NHIV', 'NIOBW']...
2026-06-17 19:03:54 | INFO     | fetcher                   | Batch 83/132 | 50 tickers
2026-06-17 19:03:56 | WARNING  | fetcher                   | NIVFW | yfinance returned empty DataFrame
2026-06-17 19:03:57 | WARNING  | fetcher                   | NIXXW | yfinance returned empty DataFrame
2026-06-17 19:04:04 | WARNING  | fetcher                   | NNAVW | yfinance returned empty DataFrame
2026-06-17 19:04:07 | WARNING  | fetcher                   | Batch: 7 tickers failed: ['NIVFW', 'NIXXW', 'NMP', 'NMPAR', 'NMPAU', 'NNAVW', 'NOEM']...
2026-06-17 19:04:07 | INFO     | fetcher                   | Batch 84/132 | 50 tickers
2026-06-17 19:04:09 | WARNING  | fetcher                   | NOEMW | yfinance returned empty DataFrame
2026-06-17 19:04:20 | WARNING  | fetcher                   | Batch: 7 tickers failed: ['NOEMR', 'NOEMU', 'NOEMW', 'NOVTU', 'NPAC', 'NPACU', 'NPACW']...
2026-06-17 19:04:20 | INFO     | fetcher                   | Batch 85/132 | 50 tickers
2026-06-17 19:04:25 | WARNING  | fetcher                   | NTRBW | yfinance returned empty DataFrame
2026-06-17 19:04:27 | WARNING  | fetcher                   | NTWOW | yfinance returned empty DataFrame
2026-06-17 19:04:30 | WARNING  | fetcher                   | NVA.W | yfinance returned empty DataFrame
2026-06-17 19:04:34 | WARNING  | fetcher                   | Batch: 6 tickers failed: ['NTRBW', 'NTWO', 'NTWOW', 'NTWOU', 'NTZ', 'NVA.W']...
2026-06-17 19:04:34 | INFO     | fetcher                   | Batch 86/132 | 50 tickers
2026-06-17 19:04:41 | WARNING  | fetcher                   | NXGLW | yfinance returned empty DataFrame
2026-06-17 19:04:45 | WARNING  | fetcher                   | OABIW | yfinance returned empty DataFrame
2026-06-17 19:04:45 | WARNING  | fetcher                   | OACCW | yfinance returned empty DataFrame
2026-06-17 19:04:47 | WARNING  | fetcher                   | Batch: 9 tickers failed: ['NXB', 'NXGLW', 'OABIW', 'OACC', 'OACCU', 'OACCW', 'OBA', 'OBAWW', 'OBAWU']...
2026-06-17 19:04:47 | INFO     | fetcher                   | Batch 87/132 | 50 tickers
2026-06-17 19:04:50 | WARNING  | fetcher                   | OCSAW | yfinance returned empty DataFrame
2026-06-17 19:04:52 | WARNING  | fetcher                   | ODVWZ | yfinance returned empty DataFrame
2026-06-17 19:04:58 | WARNING  | fetcher                   | OIMAW | yfinance returned empty DataFrame
2026-06-17 19:05:00 | WARNING  | fetcher                   | Batch: 14 tickers failed: ['OCCIN', 'OCCIM', 'OCSAW', 'ODVWZ', 'OFSSH', 'OFSSO', 'OGCP', 'OHAC', 'OHACR', 'OHACU']...
2026-06-17 19:05:00 | INFO     | fetcher                   | Batch 88/132 | 50 tickers
2026-06-17 19:05:10 | WARNING  | fetcher                   | ONMDW | yfinance returned empty DataFrame
2026-06-17 19:05:13 | WARNING  | fetcher                   | Batch: 4 tickers failed: ['ONCHU', 'ONCH', 'ONCHW', 'ONMDW']...
2026-06-17 19:05:13 | INFO     | fetcher                   | Batch 89/132 | 50 tickers
2026-06-17 19:05:17 | WARNING  | fetcher                   | OPTXW | yfinance returned empty DataFrame
2026-06-17 19:05:18 | WARNING  | fetcher                   | ORGNW | yfinance returned empty DataFrame
2026-06-17 19:05:23 | WARNING  | fetcher                   | OSRHW | yfinance returned empty DataFrame
2026-06-17 19:05:23 | WARNING  | fetcher                   | OST | yfinance returned empty DataFrame
2026-06-17 19:05:25 | WARNING  | fetcher                   | Batch: 9 tickers failed: ['OPTXW', 'ORGNW', 'ORIQ', 'ORIQU', 'ORIQW', 'OSRHW', 'OST', 'OTGA', 'OTGAU']...
2026-06-17 19:05:25 | INFO     | fetcher                   | Batch 90/132 | 50 tickers
2026-06-17 19:05:29 | WARNING  | fetcher                   | OXBRW | yfinance returned empty DataFrame
2026-06-17 19:05:33 | WARNING  | fetcher                   | OXY.W | yfinance returned empty DataFrame
2026-06-17 19:05:39 | WARNING  | fetcher                   | Batch: 18 tickers failed: ['OTGAW', 'OXBRW', 'OXLCL', 'OXLCI', 'OXLCN', 'OXLCO', 'OXSQG', 'OXSQH', 'OXY.W', 'OYSEU']...
2026-06-17 19:05:39 | INFO     | fetcher                   | Batch 91/132 | 50 tickers
2026-06-17 19:05:49 | WARNING  | fetcher                   | PBMWW | yfinance returned empty DataFrame
2026-06-17 19:05:50 | WARNING  | fetcher                   | PBR.A | yfinance returned empty DataFrame
2026-06-17 19:05:50 | WARNING  | fetcher                   | PC | yfinance returned empty DataFrame
2026-06-17 19:05:51 | WARNING  | fetcher                   | Batch: 12 tickers failed: ['PAII', 'PALOU', 'PALO', 'PALOW', 'PBLS', 'PBHC', 'PBMWW', 'PBR.A', 'PC', 'PCAP']...
2026-06-17 19:05:51 | INFO     | fetcher                   | Batch 92/132 | 50 tickers
2026-06-17 19:05:57 | WARNING  | fetcher                   | PCTTW | yfinance returned empty DataFrame
2026-06-17 19:06:04 | WARNING  | fetcher                   | PDYNW | yfinance returned empty DataFrame
2026-06-17 19:06:08 | WARNING  | fetcher                   | Batch: 8 tickers failed: ['PCTTW', 'PCTTU', 'PDPA', 'PDYNW', 'PECE', 'PECER', 'PECEU', 'PECEW']...
2026-06-17 19:06:08 | INFO     | fetcher                   | Batch 93/132 | 50 tickers
2026-06-17 19:06:12 | WARNING  | fetcher                   | PEW.W | yfinance returned empty DataFrame
2026-06-17 19:06:19 | WARNING  | fetcher                   | PGYWW | yfinance returned empty DataFrame
2026-06-17 19:06:22 | WARNING  | fetcher                   | Batch: 10 tickers failed: ['PEW.W', 'PFAI', 'PFFL', 'PFLA', 'PFX', 'PFXNZ', 'PGAC', 'PGACR', 'PGACU', 'PGYWW']...
2026-06-17 19:06:22 | INFO     | fetcher                   | Batch 94/132 | 50 tickers
2026-06-17 19:06:25 | WARNING  | fetcher                   | PIIIW | yfinance returned empty DataFrame
2026-06-17 19:06:29 | WARNING  | fetcher                   | PLMKW | yfinance returned empty DataFrame
2026-06-17 19:06:31 | WARNING  | fetcher                   | PLTS | yfinance returned empty DataFrame
2026-06-17 19:06:33 | WARNING  | fetcher                   | Batch: 7 tickers failed: ['PIIIW', 'PLMK', 'PLMKU', 'PLMKW', 'PLSM', 'PLTS', 'PLUT']...
2026-06-17 19:06:33 | INFO     | fetcher                   | Batch 95/132 | 50 tickers
2026-06-17 19:06:42 | WARNING  | fetcher                   | POLEW | yfinance returned empty DataFrame
2026-06-17 19:06:45 | WARNING  | fetcher                   | Batch: 11 tickers failed: ['PMTRU', 'PMTR', 'PMTRW', 'PMTU', 'POLE', 'POLEU', 'POLEW', 'PONO', 'PONOU', 'PONOR']...
2026-06-17 19:06:45 | INFO     | fetcher                   | Batch 96/132 | 50 tickers
2026-06-17 19:06:50 | WARNING  | fetcher                   | PRENW | yfinance returned empty DataFrame
2026-06-17 19:06:57 | WARNING  | fetcher                   | Batch: 2 tickers failed: ['PRENW', 'PRHIZ']...
2026-06-17 19:06:57 | INFO     | fetcher                   | Batch 97/132 | 50 tickers
2026-06-17 19:07:04 | WARNING  | fetcher                   | PTNM | yfinance returned empty DataFrame
2026-06-17 19:07:08 | WARNING  | fetcher                   | Batch: 6 tickers failed: ['PSNYW', 'PTACU', 'PTNM', 'PTOR', 'PTORU', 'PTORW']...
2026-06-17 19:07:08 | INFO     | fetcher                   | Batch 98/132 | 50 tickers
2026-06-17 19:07:14 | WARNING  | fetcher                   | QETAR | yfinance returned empty DataFrame
2026-06-17 19:07:21 | WARNING  | fetcher                   | Batch: 10 tickers failed: ['PYT', 'QADR', 'QADRU', 'QADRW', 'QETAU', 'QETAR', 'QRED', 'QSEA', 'QSEAR', 'QSEAU']...
2026-06-17 19:07:21 | INFO     | fetcher                   | Batch 99/132 | 50 tickers
2026-06-17 19:07:25 | WARNING  | fetcher                   | RAC.W | yfinance returned empty DataFrame
2026-06-17 19:07:25 | WARNING  | fetcher                   | RAC.U | yfinance returned empty DataFrame
2026-06-17 19:07:33 | WARNING  | fetcher                   | RCKTW | yfinance returned empty DataFrame
2026-06-17 19:07:34 | WARNING  | fetcher                   | Batch: 13 tickers failed: ['QUMS', 'QUMSU', 'QUMSR', 'RAAQU', 'RACC', 'RAC.W', 'RAC.U', 'RAC', 'RAND', 'RANG']...
2026-06-17 19:07:34 | INFO     | fetcher                   | Batch 100/132 | 50 tickers
2026-06-17 19:07:40 | WARNING  | fetcher                   | RDZNW | yfinance returned empty DataFrame
2026-06-17 19:07:46 | WARNING  | fetcher                   | REVBW | yfinance returned empty DataFrame
2026-06-17 19:07:48 | WARNING  | fetcher                   | Batch: 10 tickers failed: ['RDACU', 'RDAG', 'RDACR', 'RDAGU', 'RDAGW', 'RDIB', 'RDZNW', 'REGCP', 'REGCO', 'REVBW']...
2026-06-17 19:07:48 | INFO     | fetcher                   | Batch 101/132 | 50 tickers
2026-06-17 19:07:54 | WARNING  | fetcher                   | RGTIW | yfinance returned empty DataFrame
2026-06-17 19:08:01 | WARNING  | fetcher                   | Batch: 10 tickers failed: ['RFAI', 'RFAM', 'RFAIR', 'RFAMR', 'RFAIU', 'RFAMU', 'RGTIW', 'RIBB', 'RIBBR', 'RIBBU']...
2026-06-17 19:08:01 | INFO     | fetcher                   | Batch 102/132 | 50 tickers
2026-06-17 19:08:10 | WARNING  | fetcher                   | RNWWW | yfinance returned empty DataFrame
2026-06-17 19:08:14 | WARNING  | fetcher                   | Batch: 5 tickers failed: ['RMCOW', 'RNGT', 'RNGTU', 'RNGTW', 'RNWWW']...
2026-06-17 19:08:14 | INFO     | fetcher                   | Batch 103/132 | 50 tickers
2026-06-17 19:08:19 | WARNING  | fetcher                   | RQI.V | yfinance returned empty DataFrame
2026-06-17 19:08:22 | WARNING  | fetcher                   | RSVRW | yfinance returned empty DataFrame
2026-06-17 19:08:23 | WARNING  | fetcher                   | RUMBW | yfinance returned empty DataFrame
2026-06-17 19:08:25 | WARNING  | fetcher                   | RVMDW | yfinance returned empty DataFrame
2026-06-17 19:08:25 | WARNING  | fetcher                   | RVSNW | yfinance returned empty DataFrame
2026-06-17 19:08:27 | WARNING  | fetcher                   | Batch: 9 tickers failed: ['RQI.V', 'RREVU', 'RREV', 'RREVW', 'RSVRW', 'RTACU', 'RUMBW', 'RVMDW', 'RVSNW']...
2026-06-17 19:08:27 | INFO     | fetcher                   | Batch 104/132 | 50 tickers
2026-06-17 19:08:33 | WARNING  | fetcher                   | RZLVW | yfinance returned empty DataFrame
2026-06-17 19:08:35 | WARNING  | fetcher                   | SABSW | yfinance returned empty DataFrame
2026-06-17 19:08:35 | WARNING  | fetcher                   | SAC.W | yfinance returned empty DataFrame
2026-06-17 19:08:35 | WARNING  | fetcher                   | SAC.U | yfinance returned empty DataFrame
2026-06-17 19:08:38 | WARNING  | fetcher                   | SAIHW | yfinance returned empty DataFrame
2026-06-17 19:08:38 | WARNING  | fetcher                   | Batch: 11 tickers failed: ['RWAYL', 'RZLVW', 'SAAQU', 'SAAQW', 'SABSW', 'SAC.W', 'SAC.U', 'SAC', 'SAGU', 'SAIHW']...
2026-06-17 19:08:38 | INFO     | fetcher                   | Batch 105/132 | 50 tickers
2026-06-17 19:08:42 | WARNING  | fetcher                   | SATLW | yfinance returned empty DataFrame
2026-06-17 19:08:44 | WARNING  | fetcher                   | SBCWW | yfinance returned empty DataFrame
2026-06-17 19:08:45 | WARNING  | fetcher                   | SBFMW | yfinance returned empty DataFrame
2026-06-17 19:08:52 | WARNING  | fetcher                   | Batch: 12 tickers failed: ['SAJ', 'SANG', 'SATLW', 'SAT', 'SBCWW', 'SBFMW', 'SBXD', 'SBXE', 'SCCD', 'SCAGW']...
2026-06-17 19:08:52 | INFO     | fetcher                   | Batch 106/132 | 50 tickers
2026-06-17 19:08:55 | WARNING  | fetcher                   | SCLXW | yfinance returned empty DataFrame
2026-06-17 19:08:58 | WARNING  | fetcher                   | SDAWW | yfinance returned empty DataFrame
2026-06-17 19:09:00 | WARNING  | fetcher                   | SDM | yfinance returned empty DataFrame
2026-06-17 19:09:01 | WARNING  | fetcher                   | SEATW | yfinance returned empty DataFrame
2026-06-17 19:09:05 | WARNING  | fetcher                   | SES.W | yfinance returned empty DataFrame
2026-06-17 19:09:05 | WARNING  | fetcher                   | Batch: 15 tickers failed: ['SCII', 'SCIIU', 'SCIIR', 'SCLXW', 'SCPQ', 'SCPQW', 'SCPQU', 'SDAWW', 'SDHI', 'SDHIR']...
2026-06-17 19:09:05 | INFO     | fetcher                   | Batch 107/132 | 50 tickers
2026-06-17 19:09:13 | WARNING  | fetcher                   | SHFSW | yfinance returned empty DataFrame
2026-06-17 19:09:14 | WARNING  | fetcher                   | SHMDW | yfinance returned empty DataFrame
2026-06-17 19:09:17 | WARNING  | fetcher                   | Batch: 6 tickers failed: ['SFBC', 'SFWL', 'SHFSW', 'SHMDW', 'SHOE', 'SHOTU']...
2026-06-17 19:09:17 | INFO     | fetcher                   | Batch 108/132 | 50 tickers
2026-06-17 19:09:21 | WARNING  | fetcher                   | SIMAW | yfinance returned empty DataFrame
2026-06-17 19:09:28 | WARNING  | fetcher                   | SLDPW | yfinance returned empty DataFrame
2026-06-17 19:09:29 | WARNING  | fetcher                   | Batch: 6 tickers failed: ['SIM', 'SIMAW', 'SIMAU', 'SKYAW', 'SLBT', 'SLDPW']...
2026-06-17 19:09:29 | INFO     | fetcher                   | Batch 109/132 | 50 tickers
2026-06-17 19:09:34 | WARNING  | fetcher                   | SLXNW | yfinance returned empty DataFrame
2026-06-17 19:09:39 | WARNING  | fetcher                   | SMXWW | yfinance returned empty DataFrame
2026-06-17 19:09:41 | WARNING  | fetcher                   | Batch: 4 tickers failed: ['SLMBP', 'SLXNW', 'SMCIP', 'SMXWW']...
2026-06-17 19:09:41 | INFO     | fetcher                   | Batch 110/132 | 50 tickers
2026-06-17 19:09:50 | WARNING  | fetcher                   | SORNW | yfinance returned empty DataFrame
2026-06-17 19:09:51 | WARNING  | fetcher                   | SOUNW | yfinance returned empty DataFrame
2026-06-17 19:09:52 | WARNING  | fetcher                   | Batch: 8 tickers failed: ['SOCA', 'SOCAU', 'SOCAW', 'SORNU', 'SORNW', 'SORN', 'SOUL', 'SOUNW']...
2026-06-17 19:09:52 | INFO     | fetcher                   | Batch 111/132 | 50 tickers
2026-06-17 19:09:56 | WARNING  | fetcher                   | SPKLW | yfinance returned empty DataFrame
2026-06-17 19:10:01 | WARNING  | fetcher                   | SQFTW | yfinance returned empty DataFrame
2026-06-17 19:10:04 | WARNING  | fetcher                   | Batch: 10 tickers failed: ['SPEG', 'SPEGR', 'SPCX', 'SPEGU', 'SPKLW', 'SPKLU', 'SPME', 'SPWRW', 'SQFTP', 'SQFTW']...
2026-06-17 19:10:04 | INFO     | fetcher                   | Batch 112/132 | 50 tickers
2026-06-17 19:10:07 | WARNING  | fetcher                   | SRZNW | yfinance returned empty DataFrame
2026-06-17 19:10:16 | WARNING  | fetcher                   | Batch: 10 tickers failed: ['SRL', 'SRZNW', 'SSAC', 'SSACR', 'SSACU', 'SSBI', 'SSEAR', 'SSEAU', 'SSEA', 'SSSSL']...
2026-06-17 19:10:16 | INFO     | fetcher                   | Batch 113/132 | 50 tickers
2026-06-17 19:10:28 | WARNING  | fetcher                   | Batch: 4 tickers failed: ['STRRP', 'SUMA', 'SUMAU', 'SUMAR']...
2026-06-17 19:10:28 | INFO     | fetcher                   | Batch 114/132 | 50 tickers
2026-06-17 19:10:29 | WARNING  | fetcher                   | SVA | yfinance returned empty DataFrame
2026-06-17 19:10:31 | WARNING  | fetcher                   | SVCCW | yfinance returned empty DataFrame
2026-06-17 19:10:32 | WARNING  | fetcher                   | SVREW | yfinance returned empty DataFrame
2026-06-17 19:10:33 | WARNING  | fetcher                   | SWAGW | yfinance returned empty DataFrame
2026-06-17 19:10:35 | WARNING  | fetcher                   | SWVLW | yfinance returned empty DataFrame
2026-06-17 19:10:37 | WARNING  | fetcher                   | SXTPW | yfinance returned empty DataFrame
2026-06-17 19:10:41 | WARNING  | fetcher                   | Batch: 16 tickers failed: ['SVA', 'SVACU', 'SVAQ', 'SVAQU', 'SVAQW', 'SVCCU', 'SVCC', 'SVCCW', 'SVIVU', 'SVIV']...
2026-06-17 19:10:41 | INFO     | fetcher                   | Batch 115/132 | 50 tickers
2026-06-17 19:10:45 | WARNING  | fetcher                   | TALKW | yfinance returned empty DataFrame
2026-06-17 19:10:46 | WARNING  | fetcher                   | TAP.A | yfinance returned empty DataFrame
2026-06-17 19:10:51 | WARNING  | fetcher                   | TBLAW | yfinance returned empty DataFrame
2026-06-17 19:10:54 | WARNING  | fetcher                   | Batch: 16 tickers failed: ['SZZLR', 'SZZLU', 'TACH', 'TACHU', 'TACHW', 'TACOU', 'TACOW', 'TALKW', 'TAP.A', 'TAVI']...
2026-06-17 19:10:54 | INFO     | fetcher                   | Batch 116/132 | 50 tickers
2026-06-17 19:11:00 | WARNING  | fetcher                   | TDACW | yfinance returned empty DataFrame
2026-06-17 19:11:04 | WARNING  | fetcher                   | TE.W | yfinance returned empty DataFrame
2026-06-17 19:11:11 | WARNING  | fetcher                   | TGE.W | yfinance returned empty DataFrame
2026-06-17 19:11:11 | WARNING  | fetcher                   | Batch: 7 tickers failed: ['TDACU', 'TDACW', 'TDWDR', 'TDWD', 'TDWDU', 'TE.W', 'TGE.W']...
2026-06-17 19:11:11 | INFO     | fetcher                   | Batch 117/132 | 50 tickers
2026-06-17 19:11:21 | WARNING  | fetcher                   | TLSIW | yfinance returned empty DataFrame
2026-06-17 19:11:22 | WARNING  | fetcher                   | Batch: 5 tickers failed: ['THCH', 'TLNCU', 'TLNC', 'TLNCW', 'TLSIW']...
2026-06-17 19:11:22 | INFO     | fetcher                   | Batch 118/132 | 50 tickers
2026-06-17 19:11:24 | WARNING  | fetcher                   | TMCWW | yfinance returned empty DataFrame
2026-06-17 19:11:28 | WARNING  | fetcher                   | TOIIW | yfinance returned empty DataFrame
2026-06-17 19:11:34 | WARNING  | fetcher                   | Batch: 6 tickers failed: ['TMCWW', 'TMTSU', 'TMTS', 'TMTSW', 'TOIIW', 'TPTA']...
2026-06-17 19:11:34 | INFO     | fetcher                   | Batch 119/132 | 50 tickers
2026-06-17 19:11:45 | WARNING  | fetcher                   | Batch: 5 tickers failed: ['TRGS', 'TRGSR', 'TRGSU', 'TRLV', 'TRSG']...
2026-06-17 19:11:45 | INFO     | fetcher                   | Batch 120/132 | 50 tickers
2026-06-17 19:11:51 | WARNING  | fetcher                   | TVGNW | yfinance returned empty DataFrame
2026-06-17 19:11:56 | WARNING  | fetcher                   | Batch: 10 tickers failed: ['TULP', 'TVACU', 'TVACW', 'TVAI', 'TVAIR', 'TVAIU', 'TVGNW', 'TWLV', 'TWLVR', 'TWLVU']...
2026-06-17 19:11:56 | INFO     | fetcher                   | Batch 121/132 | 50 tickers
2026-06-17 19:12:00 | WARNING  | fetcher                   | UAC.U | yfinance returned empty DataFrame
2026-06-17 19:12:00 | WARNING  | fetcher                   | UAC.W | yfinance returned empty DataFrame
2026-06-17 19:12:02 | WARNING  | fetcher                   | UCFI | yfinance returned empty DataFrame
2026-06-17 19:12:03 | WARNING  | fetcher                   | UCFIW | yfinance returned empty DataFrame
2026-06-17 19:12:08 | WARNING  | fetcher                   | Batch: 7 tickers failed: ['UAC.U', 'UAC.W', 'UAC', 'UBCP', 'UCFI', 'UCFIW', 'UCIB']...
2026-06-17 19:12:08 | INFO     | fetcher                   | Batch 122/132 | 50 tickers
2026-06-17 19:12:20 | WARNING  | fetcher                   | Batch: 1 tickers failed: ['UONEK']...
2026-06-17 19:12:20 | INFO     | fetcher                   | Batch 123/132 | 50 tickers
2026-06-17 19:12:25 | WARNING  | fetcher                   | VAL.W | yfinance returned empty DataFrame
2026-06-17 19:12:31 | WARNING  | fetcher                   | Batch: 8 tickers failed: ['UTSI', 'UYSCR', 'UYSC', 'UYSCU', 'VABK', 'VAL.W', 'VALU', 'VECA']...
2026-06-17 19:12:31 | INFO     | fetcher                   | Batch 124/132 | 50 tickers
2026-06-17 19:12:33 | WARNING  | fetcher                   | VFSWW | yfinance returned empty DataFrame
2026-06-17 19:12:34 | WARNING  | fetcher                   | VGASW | yfinance returned empty DataFrame
2026-06-17 19:12:41 | WARNING  | fetcher                   | VLN.W | yfinance returned empty DataFrame
2026-06-17 19:12:43 | WARNING  | fetcher                   | Batch: 6 tickers failed: ['VFSWW', 'VGASW', 'VHCP', 'VHCPU', 'VHCPW', 'VLN.W']...
2026-06-17 19:12:43 | INFO     | fetcher                   | Batch 125/132 | 50 tickers
2026-06-17 19:12:53 | WARNING  | fetcher                   | VSEEW | yfinance returned empty DataFrame
2026-06-17 19:12:54 | WARNING  | fetcher                   | Batch: 8 tickers failed: ['VLYPP', 'VNME', 'VNMEU', 'VNMEW', 'VRM', 'VRXA', 'VRXAW', 'VSEEW']...
2026-06-17 19:12:54 | INFO     | fetcher                   | Batch 126/132 | 50 tickers
2026-06-17 19:13:03 | WARNING  | fetcher                   | WALDW | yfinance returned empty DataFrame
2026-06-17 19:13:06 | WARNING  | fetcher                   | Batch: 1 tickers failed: ['WALDW']...
2026-06-17 19:13:06 | INFO     | fetcher                   | Batch 127/132 | 50 tickers
2026-06-17 19:13:13 | WARNING  | fetcher                   | WGSWW | yfinance returned empty DataFrame
2026-06-17 19:13:17 | WARNING  | fetcher                   | Batch: 11 tickers failed: ['WENC', 'WENN', 'WENNU', 'WENNW', 'WGSWW', 'WHFCL', 'WHK', 'WHLRL', 'WHLRD', 'WHLRP']...
2026-06-17 19:13:17 | INFO     | fetcher                   | Batch 128/132 | 50 tickers
2026-06-17 19:13:20 | WARNING  | fetcher                   | WLDSW | yfinance returned empty DataFrame
2026-06-17 19:13:29 | WARNING  | fetcher                   | Batch: 7 tickers failed: ['WLDSW', 'WLIIW', 'WLIIU', 'WLII', 'WLYB', 'WPAC', 'WSBCO']...
2026-06-17 19:13:29 | INFO     | fetcher                   | Batch 129/132 | 50 tickers
2026-06-17 19:13:30 | WARNING  | fetcher                   | WSO.B | yfinance returned empty DataFrame
2026-06-17 19:13:39 | WARNING  | fetcher                   | XBPEW | yfinance returned empty DataFrame
2026-06-17 19:13:41 | WARNING  | fetcher                   | Batch: 13 tickers failed: ['WSO.B', 'WSTN', 'WSTNR', 'WSTNU', 'WTG', 'WTGUU', 'WTGUR', 'WVVI', 'WVVIP', 'XBPEW']...
2026-06-17 19:13:41 | INFO     | fetcher                   | Batch 130/132 | 50 tickers
2026-06-17 19:13:49 | WARNING  | fetcher                   | XOSWW | yfinance returned empty DataFrame
2026-06-17 19:13:53 | WARNING  | fetcher                   | Batch: 5 tickers failed: ['XFLH', 'XOMAP', 'XOSWW', 'XRPNU', 'XSLL']...
2026-06-17 19:13:53 | INFO     | fetcher                   | Batch 131/132 | 50 tickers
2026-06-17 19:14:00 | WARNING  | fetcher                   | YCY.W | yfinance returned empty DataFrame
2026-06-17 19:14:00 | WARNING  | fetcher                   | YCY.U | yfinance returned empty DataFrame
2026-06-17 19:14:07 | WARNING  | fetcher                   | Batch: 8 tickers failed: ['XSLLU', 'XSLLW', 'YCY', 'YCY.W', 'YCY.U', 'YDESW', 'YICCU', 'YJ']...
2026-06-17 19:14:07 | INFO     | fetcher                   | Batch 132/132 | 45 tickers
2026-06-17 19:14:10 | WARNING  | fetcher                   | ZEOWW | yfinance returned empty DataFrame
2026-06-17 19:14:15 | WARNING  | fetcher                   | ZOOZW | yfinance returned empty DataFrame
2026-06-17 19:14:17 | WARNING  | fetcher                   | Batch: 7 tickers failed: ['ZEOWW', 'ZIONP', 'ZKP', 'ZKPU', 'ZKIN', 'ZKPW', 'ZOOZW']...
2026-06-17 19:14:18 | INFO     | fetcher                   | fetch_universe complete | Total rows: 5077562 | Tickers with data: 5454
2026-06-17 19:14:18 | INFO     | fetcher                   | smart_fetch complete | Total rows: 5077562
2026-06-17 19:19:00 | INFO     | fetcher                   | Stage 1 filter | Input: 5454 tickers | Passed: 33 | Filtered out: 5421
2026-06-17 19:19:01 | INFO     | fetcher                   | Fetching sector metadata | 19 stock tickers | Excluded: 14 ETFs/indices
2026-06-17 19:19:13 | INFO     | fetcher                   | Sector metadata complete | Total: 19 | Unclassified: 0 | Classified: 19
