2026-06-21 22:01:53 | INFO     | scanner                   | Logger initialised → logs\scanner.log
2026-06-21 22:13:50 | INFO     | scanner                   | Logger initialised → logs\scanner.log
2026-06-21 22:16:40 | INFO     | scanner                   | Logger initialised → logs\scanner.log
2026-06-22 16:31:59 | INFO     | scanner                   | Logger initialised → logs\scanner.log
2026-06-22 16:31:59 | INFO     | scanner                   | ============================================================
2026-06-22 16:31:59 | INFO     | scanner                   | SCANNER WATERFALL STARTING
2026-06-22 16:31:59 | INFO     | scanner                   | ============================================================
2026-06-22 16:31:59 | INFO     | scanner                   | Sector lookup loaded | Classified: 19 | Unclassified: 0
2026-06-22 16:31:59 | INFO     | scanner                   | Market | SPY: BEARISH | Slope up: False | CHoCH: False
2026-06-22 16:31:59 | WARNING  | scanner                   | Market check: QQQ not found in indicator results
2026-06-22 16:31:59 | INFO     | scanner                   | Market | DIA: BULLISH | Slope up: True | CHoCH: False
2026-06-22 16:31:59 | INFO     | scanner                   | Overall market bias: MIXED
2026-06-22 16:31:59 | INFO     | scanner                   | Market bias: MIXED | Scan longs: True | Scan shorts: True
2026-06-22 16:31:59 | INFO     | scanner                   | Sector | XLK: BULLISH
2026-06-22 16:31:59 | INFO     | scanner                   | Sector | XLF: BULLISH
2026-06-22 16:31:59 | INFO     | scanner                   | Sector | XLE: BEARISH
2026-06-22 16:31:59 | INFO     | scanner                   | Sector | XLV: BULLISH
2026-06-22 16:31:59 | INFO     | scanner                   | Sector | XLI: BULLISH
2026-06-22 16:31:59 | INFO     | scanner                   | Sector | XLY: BEARISH
2026-06-22 16:31:59 | INFO     | scanner                   | Sector | XLP: BROKEN
2026-06-22 16:31:59 | INFO     | scanner                   | Sector | XLU: BROKEN
2026-06-22 16:31:59 | INFO     | scanner                   | Sector | XLB: BROKEN
2026-06-22 16:31:59 | INFO     | scanner                   | Sector | XLRE: BULLISH
2026-06-22 16:31:59 | INFO     | scanner                   | Sector | XLC: BEARISH
2026-06-22 16:31:59 | INFO     | scanner                   | Scanning 0 stocks...
2026-06-22 16:31:59 | INFO     | scanner                   | Scanner complete | Long: 0 | Short: 0
2026-06-22 16:31:59 | WARNING  | scanner                   | Scanner: No candidates found today
2026-06-22 17:08:31 | INFO     | scanner                   | Logger initialised → logs\scanner.log
2026-06-24 21:58:54 | INFO     | scanner                   | Logger initialised → logs\scanner.log
2026-06-24 21:58:54 | INFO     | scanner                   | ============================================================
2026-06-24 21:58:54 | INFO     | scanner                   | SCANNER WATERFALL STARTING
2026-06-24 21:58:54 | INFO     | scanner                   | ============================================================
2026-06-24 21:58:54 | INFO     | scanner                   | Sector lookup loaded | Classified: 240 | Unclassified: 16
2026-06-24 22:09:52 | INFO     | scanner                   | Logger initialised → logs\scanner.log
2026-06-24 22:11:46 | INFO     | scanner                   | Logger initialised → logs\scanner.log
2026-06-24 22:43:51 | INFO     | scanner                   | Sector | XLK: BULLISH
2026-06-24 22:43:51 | INFO     | scanner                   | Sector | XLF: BEARISH
2026-06-24 22:43:51 | INFO     | scanner                   | Sector | XLE: BULLISH
2026-06-24 22:43:51 | INFO     | scanner                   | Sector | XLV: BEARISH
2026-06-24 22:43:51 | INFO     | scanner                   | Sector | XLI: BULLISH
2026-06-24 22:43:51 | INFO     | scanner                   | Sector | XLY: BULLISH
2026-06-24 22:43:51 | INFO     | scanner                   | Sector | XLP: BULLISH
2026-06-24 22:43:51 | INFO     | scanner                   | Sector | XLU: BEARISH
2026-06-24 22:43:51 | INFO     | scanner                   | Sector | XLB: BULLISH
2026-06-24 22:43:51 | INFO     | scanner                   | Sector | XLRE: BULLISH
2026-06-24 22:43:51 | INFO     | scanner                   | Sector | XLC: BEARISH
2026-06-24 22:43:51 | INFO     | scanner                   | Sector | XLK: BULLISH
2026-06-24 22:43:51 | INFO     | scanner                   | Sector | XLF: BEARISH
2026-06-24 22:43:51 | INFO     | scanner                   | Sector | XLE: BULLISH
2026-06-24 22:43:51 | INFO     | scanner                   | Sector | XLV: BEARISH
2026-06-24 22:43:51 | INFO     | scanner                   | Sector | XLI: BULLISH
2026-06-24 22:43:51 | INFO     | scanner                   | Sector | XLY: BULLISH
2026-06-24 22:43:51 | INFO     | scanner                   | Sector | XLP: BULLISH
2026-06-24 22:43:51 | INFO     | scanner                   | Sector | XLU: BEARISH
2026-06-24 22:43:51 | INFO     | scanner                   | Sector | XLB: BULLISH
2026-06-24 22:43:51 | INFO     | scanner                   | Sector | XLRE: BULLISH
2026-06-24 22:43:51 | INFO     | scanner                   | Sector | XLC: BEARISH
2026-06-24 22:43:51 | INFO     | scanner                   | Sector | XLK: BULLISH
2026-06-24 22:43:51 | INFO     | scanner                   | Sector | XLF: BEARISH
2026-06-24 22:43:51 | INFO     | scanner                   | Sector | XLE: BULLISH
2026-06-24 22:43:51 | INFO     | scanner                   | Sector | XLV: BEARISH
2026-06-24 22:43:51 | INFO     | scanner                   | Sector | XLI: BULLISH
2026-06-24 22:43:51 | INFO     | scanner                   | Sector | XLY: BULLISH
2026-06-24 22:43:51 | INFO     | scanner                   | Sector | XLP: BULLISH
2026-06-24 22:43:51 | INFO     | scanner                   | Sector | XLU: BEARISH
2026-06-24 22:43:51 | INFO     | scanner                   | Sector | XLB: BULLISH
2026-06-24 22:43:51 | INFO     | scanner                   | Sector | XLRE: BULLISH
2026-06-24 22:43:51 | INFO     | scanner                   | Sector | XLC: BEARISH
2026-06-24 22:43:51 | INFO     | scanner                   | Sector | XLK: BULLISH
2026-06-24 22:43:51 | INFO     | scanner                   | Sector | XLF: BEARISH
2026-06-24 22:43:51 | INFO     | scanner                   | Sector | XLE: BULLISH
2026-06-24 22:43:51 | INFO     | scanner                   | Sector | XLV: BEARISH
2026-06-24 22:43:51 | INFO     | scanner                   | Sector | XLI: BULLISH
2026-06-24 22:43:51 | INFO     | scanner                   | Sector | XLY: BULLISH
2026-06-24 22:43:51 | INFO     | scanner                   | Sector | XLP: BULLISH
2026-06-24 22:43:51 | INFO     | scanner                   | Sector | XLU: BEARISH
2026-06-24 22:43:51 | INFO     | scanner                   | Sector | XLB: BULLISH
2026-06-24 22:43:51 | INFO     | scanner                   | Sector | XLRE: BULLISH
2026-06-24 22:43:51 | INFO     | scanner                   | Sector | XLC: BEARISH
2026-06-24 22:43:51 | INFO     | scanner                   | Sector | XLK: BULLISH
2026-06-24 22:43:51 | INFO     | scanner                   | Sector | XLF: BEARISH
2026-06-24 22:43:51 | INFO     | scanner                   | Sector | XLE: BULLISH
2026-06-24 22:43:51 | INFO     | scanner                   | Sector | XLV: BEARISH
2026-06-24 22:43:51 | INFO     | scanner                   | Sector | XLI: BULLISH
2026-06-24 22:43:51 | INFO     | scanner                   | Sector | XLY: BULLISH
2026-06-24 22:43:51 | INFO     | scanner                   | Sector | XLP: BULLISH
2026-06-24 22:43:51 | INFO     | scanner                   | Sector | XLU: BEARISH
2026-06-24 22:43:51 | INFO     | scanner                   | Sector | XLB: BULLISH
2026-06-24 22:43:51 | INFO     | scanner                   | Sector | XLRE: BULLISH
2026-06-24 22:43:51 | INFO     | scanner                   | Sector | XLC: BEARISH
2026-06-24 22:43:51 | INFO     | scanner                   | Sector | XLK: BULLISH
2026-06-24 22:43:51 | INFO     | scanner                   | Sector | XLF: BEARISH
2026-06-24 22:43:51 | INFO     | scanner                   | Sector | XLE: BULLISH
2026-06-24 22:43:51 | INFO     | scanner                   | Sector | XLV: BEARISH
2026-06-24 22:43:51 | INFO     | scanner                   | Sector | XLI: BULLISH
2026-06-24 22:43:51 | INFO     | scanner                   | Sector | XLY: BULLISH
2026-06-24 22:43:51 | INFO     | scanner                   | Sector | XLP: BULLISH
2026-06-24 22:43:51 | INFO     | scanner                   | Sector | XLU: BEARISH
2026-06-24 22:43:51 | INFO     | scanner                   | Sector | XLB: BULLISH
2026-06-24 22:43:51 | INFO     | scanner                   | Sector | XLRE: BULLISH
2026-06-24 22:43:51 | INFO     | scanner                   | Sector | XLC: BEARISH
2026-06-24 22:43:51 | INFO     | scanner                   | Sector | XLK: BULLISH
2026-06-24 22:43:51 | INFO     | scanner                   | Sector | XLF: BEARISH
2026-06-24 22:43:51 | INFO     | scanner                   | Sector | XLE: BEARISH
2026-06-24 22:43:51 | INFO     | scanner                   | Sector | XLV: BEARISH
2026-06-24 22:43:51 | INFO     | scanner                   | Sector | XLI: BULLISH
2026-06-24 22:43:51 | INFO     | scanner                   | Sector | XLY: BULLISH
2026-06-24 22:43:51 | INFO     | scanner                   | Sector | XLP: BULLISH
2026-06-24 22:43:51 | INFO     | scanner                   | Sector | XLU: BEARISH
2026-06-24 22:43:51 | INFO     | scanner                   | Sector | XLB: BULLISH
2026-06-24 22:43:51 | INFO     | scanner                   | Sector | XLRE: BULLISH
2026-06-24 22:43:51 | INFO     | scanner                   | Sector | XLC: BEARISH
2026-06-24 22:43:51 | WARNING  | scanner                   | Sector check: XLK not found in indicator results
2026-06-24 22:43:51 | WARNING  | scanner                   | Sector check: XLF not found in indicator results
2026-06-24 22:43:51 | WARNING  | scanner                   | Sector check: XLE not found in indicator results
2026-06-24 22:43:51 | WARNING  | scanner                   | Sector check: XLV not found in indicator results
2026-06-24 22:43:51 | WARNING  | scanner                   | Sector check: XLI not found in indicator results
2026-06-24 22:43:51 | WARNING  | scanner                   | Sector check: XLY not found in indicator results
2026-06-24 22:43:51 | WARNING  | scanner                   | Sector check: XLP not found in indicator results
2026-06-24 22:43:51 | WARNING  | scanner                   | Sector check: XLU not found in indicator results
2026-06-24 22:43:51 | WARNING  | scanner                   | Sector check: XLB not found in indicator results
2026-06-24 22:43:51 | WARNING  | scanner                   | Sector check: XLRE not found in indicator results
2026-06-24 22:43:51 | WARNING  | scanner                   | Sector check: XLC not found in indicator results
2026-06-24 22:43:51 | INFO     | scanner                   | Sector | XLK: BULLISH
2026-06-24 22:43:51 | INFO     | scanner                   | Sector | XLF: BEARISH
2026-06-24 22:43:51 | INFO     | scanner                   | Sector | XLE: BEARISH
2026-06-24 22:43:51 | INFO     | scanner                   | Sector | XLV: BEARISH
2026-06-24 22:43:51 | INFO     | scanner                   | Sector | XLI: BULLISH
2026-06-24 22:43:51 | INFO     | scanner                   | Sector | XLY: BULLISH
2026-06-24 22:43:51 | INFO     | scanner                   | Sector | XLP: BULLISH
2026-06-24 22:43:51 | INFO     | scanner                   | Sector | XLU: BEARISH
2026-06-24 22:43:51 | INFO     | scanner                   | Sector | XLB: BULLISH
2026-06-24 22:43:51 | INFO     | scanner                   | Sector | XLRE: BULLISH
2026-06-24 22:43:51 | INFO     | scanner                   | Sector | XLC: BEARISH
2026-06-24 22:43:51 | WARNING  | scanner                   | Sector check: XLK not found in indicator results
2026-06-24 22:43:51 | WARNING  | scanner                   | Sector check: XLF not found in indicator results
2026-06-24 22:43:51 | WARNING  | scanner                   | Sector check: XLE not found in indicator results
2026-06-24 22:43:51 | WARNING  | scanner                   | Sector check: XLV not found in indicator results
2026-06-24 22:43:51 | WARNING  | scanner                   | Sector check: XLI not found in indicator results
2026-06-24 22:43:51 | WARNING  | scanner                   | Sector check: XLY not found in indicator results
2026-06-24 22:43:51 | WARNING  | scanner                   | Sector check: XLP not found in indicator results
2026-06-24 22:43:51 | WARNING  | scanner                   | Sector check: XLU not found in indicator results
2026-06-24 22:43:51 | WARNING  | scanner                   | Sector check: XLB not found in indicator results
2026-06-24 22:43:51 | WARNING  | scanner                   | Sector check: XLRE not found in indicator results
2026-06-24 22:43:51 | WARNING  | scanner                   | Sector check: XLC not found in indicator results
2026-06-24 22:43:51 | INFO     | scanner                   | Sector | XLK: BULLISH
2026-06-24 22:43:51 | INFO     | scanner                   | Sector | XLF: BEARISH
2026-06-24 22:43:51 | INFO     | scanner                   | Sector | XLE: BEARISH
2026-06-24 22:43:51 | INFO     | scanner                   | Sector | XLV: BEARISH
2026-06-24 22:43:51 | INFO     | scanner                   | Sector | XLI: BULLISH
2026-06-24 22:43:51 | INFO     | scanner                   | Sector | XLY: BULLISH
2026-06-24 22:43:51 | INFO     | scanner                   | Sector | XLP: BULLISH
2026-06-24 22:43:51 | INFO     | scanner                   | Sector | XLU: BEARISH
2026-06-24 22:43:51 | INFO     | scanner                   | Sector | XLB: BULLISH
2026-06-24 22:43:51 | INFO     | scanner                   | Sector | XLRE: BULLISH
2026-06-24 22:43:51 | INFO     | scanner                   | Sector | XLC: BEARISH
2026-06-24 22:43:51 | WARNING  | scanner                   | Sector check: XLK not found in indicator results
2026-06-24 22:43:51 | WARNING  | scanner                   | Sector check: XLF not found in indicator results
2026-06-24 22:43:51 | WARNING  | scanner                   | Sector check: XLE not found in indicator results
2026-06-24 22:43:51 | WARNING  | scanner                   | Sector check: XLV not found in indicator results
2026-06-24 22:43:51 | WARNING  | scanner                   | Sector check: XLI not found in indicator results
2026-06-24 22:43:51 | WARNING  | scanner                   | Sector check: XLY not found in indicator results
2026-06-24 22:43:51 | WARNING  | scanner                   | Sector check: XLP not found in indicator results
2026-06-24 22:43:51 | WARNING  | scanner                   | Sector check: XLU not found in indicator results
2026-06-24 22:43:51 | WARNING  | scanner                   | Sector check: XLB not found in indicator results
2026-06-24 22:43:51 | WARNING  | scanner                   | Sector check: XLRE not found in indicator results
2026-06-24 22:43:51 | WARNING  | scanner                   | Sector check: XLC not found in indicator results
2026-06-24 22:43:51 | INFO     | scanner                   | Sector | XLK: BULLISH
2026-06-24 22:43:51 | INFO     | scanner                   | Sector | XLF: BEARISH
2026-06-24 22:43:51 | INFO     | scanner                   | Sector | XLE: BEARISH
2026-06-24 22:43:51 | INFO     | scanner                   | Sector | XLV: BULLISH
2026-06-24 22:43:51 | INFO     | scanner                   | Sector | XLI: BULLISH
2026-06-24 22:43:51 | INFO     | scanner                   | Sector | XLY: BULLISH
2026-06-24 22:43:51 | INFO     | scanner                   | Sector | XLP: BULLISH
2026-06-24 22:43:51 | INFO     | scanner                   | Sector | XLU: BEARISH
2026-06-24 22:43:51 | INFO     | scanner                   | Sector | XLB: BULLISH
2026-06-24 22:43:51 | INFO     | scanner                   | Sector | XLRE: BULLISH
2026-06-24 22:43:51 | INFO     | scanner                   | Sector | XLC: BEARISH
2026-06-24 22:43:51 | WARNING  | scanner                   | Sector check: XLK not found in indicator results
2026-06-24 22:43:51 | WARNING  | scanner                   | Sector check: XLF not found in indicator results
2026-06-24 22:43:51 | WARNING  | scanner                   | Sector check: XLE not found in indicator results
2026-06-24 22:43:51 | WARNING  | scanner                   | Sector check: XLV not found in indicator results
2026-06-24 22:43:51 | WARNING  | scanner                   | Sector check: XLI not found in indicator results
2026-06-24 22:43:51 | WARNING  | scanner                   | Sector check: XLY not found in indicator results
2026-06-24 22:43:51 | WARNING  | scanner                   | Sector check: XLP not found in indicator results
2026-06-24 22:43:51 | WARNING  | scanner                   | Sector check: XLU not found in indicator results
2026-06-24 22:43:51 | WARNING  | scanner                   | Sector check: XLB not found in indicator results
2026-06-24 22:43:51 | WARNING  | scanner                   | Sector check: XLRE not found in indicator results
2026-06-24 22:43:51 | WARNING  | scanner                   | Sector check: XLC not found in indicator results
2026-06-24 22:43:51 | INFO     | scanner                   | Sector | XLK: BULLISH
2026-06-24 22:43:51 | INFO     | scanner                   | Sector | XLF: BEARISH
2026-06-24 22:43:51 | INFO     | scanner                   | Sector | XLE: BEARISH
2026-06-24 22:43:51 | INFO     | scanner                   | Sector | XLV: BULLISH
2026-06-24 22:43:51 | INFO     | scanner                   | Sector | XLI: BULLISH
2026-06-24 22:43:51 | INFO     | scanner                   | Sector | XLY: BULLISH
2026-06-24 22:43:51 | INFO     | scanner                   | Sector | XLP: BULLISH
2026-06-24 22:43:51 | INFO     | scanner                   | Sector | XLU: BEARISH
2026-06-24 22:43:51 | INFO     | scanner                   | Sector | XLB: BULLISH
2026-06-24 22:43:51 | INFO     | scanner                   | Sector | XLRE: BULLISH
2026-06-24 22:43:51 | INFO     | scanner                   | Sector | XLC: BEARISH
2026-06-24 22:43:51 | WARNING  | scanner                   | Sector check: XLK not found in indicator results
2026-06-24 22:43:51 | WARNING  | scanner                   | Sector check: XLF not found in indicator results
2026-06-24 22:43:51 | WARNING  | scanner                   | Sector check: XLE not found in indicator results
2026-06-24 22:43:51 | WARNING  | scanner                   | Sector check: XLV not found in indicator results
2026-06-24 22:43:51 | WARNING  | scanner                   | Sector check: XLI not found in indicator results
2026-06-24 22:43:51 | WARNING  | scanner                   | Sector check: XLY not found in indicator results
2026-06-24 22:43:51 | WARNING  | scanner                   | Sector check: XLP not found in indicator results
2026-06-24 22:43:51 | WARNING  | scanner                   | Sector check: XLU not found in indicator results
2026-06-24 22:43:51 | WARNING  | scanner                   | Sector check: XLB not found in indicator results
2026-06-24 22:43:51 | WARNING  | scanner                   | Sector check: XLRE not found in indicator results
2026-06-24 22:43:51 | WARNING  | scanner                   | Sector check: XLC not found in indicator results
2026-06-24 22:43:51 | INFO     | scanner                   | Sector | XLK: BULLISH
2026-06-24 22:43:51 | INFO     | scanner                   | Sector | XLF: BEARISH
2026-06-24 22:43:51 | INFO     | scanner                   | Sector | XLE: BEARISH
2026-06-24 22:43:51 | INFO     | scanner                   | Sector | XLV: BULLISH
2026-06-24 22:43:51 | INFO     | scanner                   | Sector | XLI: BULLISH
2026-06-24 22:43:51 | INFO     | scanner                   | Sector | XLY: BULLISH
2026-06-24 22:43:51 | INFO     | scanner                   | Sector | XLP: BULLISH
2026-06-24 22:43:51 | INFO     | scanner                   | Sector | XLU: BEARISH
2026-06-24 22:43:51 | INFO     | scanner                   | Sector | XLB: BULLISH
2026-06-24 22:43:51 | INFO     | scanner                   | Sector | XLRE: BULLISH
2026-06-24 22:43:51 | INFO     | scanner                   | Sector | XLC: BULLISH
2026-06-24 22:43:51 | WARNING  | scanner                   | Sector check: XLK not found in indicator results
2026-06-24 22:43:51 | WARNING  | scanner                   | Sector check: XLF not found in indicator results
2026-06-24 22:43:51 | WARNING  | scanner                   | Sector check: XLE not found in indicator results
2026-06-24 22:43:51 | WARNING  | scanner                   | Sector check: XLV not found in indicator results
2026-06-24 22:43:51 | WARNING  | scanner                   | Sector check: XLI not found in indicator results
2026-06-24 22:43:51 | WARNING  | scanner                   | Sector check: XLY not found in indicator results
2026-06-24 22:43:51 | WARNING  | scanner                   | Sector check: XLP not found in indicator results
2026-06-24 22:43:51 | WARNING  | scanner                   | Sector check: XLU not found in indicator results
2026-06-24 22:43:51 | WARNING  | scanner                   | Sector check: XLB not found in indicator results
2026-06-24 22:43:51 | WARNING  | scanner                   | Sector check: XLRE not found in indicator results
2026-06-24 22:43:51 | WARNING  | scanner                   | Sector check: XLC not found in indicator results
2026-06-24 22:43:51 | INFO     | scanner                   | Sector | XLK: BULLISH
2026-06-24 22:43:51 | INFO     | scanner                   | Sector | XLF: BEARISH
2026-06-24 22:43:51 | INFO     | scanner                   | Sector | XLE: BEARISH
2026-06-24 22:43:51 | INFO     | scanner                   | Sector | XLV: BULLISH
2026-06-24 22:43:51 | INFO     | scanner                   | Sector | XLI: BULLISH
2026-06-24 22:43:51 | INFO     | scanner                   | Sector | XLY: BULLISH
2026-06-24 22:43:51 | INFO     | scanner                   | Sector | XLP: BULLISH
2026-06-24 22:43:51 | INFO     | scanner                   | Sector | XLU: BEARISH
2026-06-24 22:43:51 | INFO     | scanner                   | Sector | XLB: BULLISH
2026-06-24 22:43:51 | INFO     | scanner                   | Sector | XLRE: BULLISH
2026-06-24 22:43:51 | INFO     | scanner                   | Sector | XLC: BULLISH
2026-06-24 22:43:51 | WARNING  | scanner                   | Sector check: XLK not found in indicator results
2026-06-24 22:43:51 | WARNING  | scanner                   | Sector check: XLF not found in indicator results
2026-06-24 22:43:51 | WARNING  | scanner                   | Sector check: XLE not found in indicator results
2026-06-24 22:43:51 | WARNING  | scanner                   | Sector check: XLV not found in indicator results
2026-06-24 22:43:51 | WARNING  | scanner                   | Sector check: XLI not found in indicator results
2026-06-24 22:43:51 | WARNING  | scanner                   | Sector check: XLY not found in indicator results
2026-06-24 22:43:51 | WARNING  | scanner                   | Sector check: XLP not found in indicator results
2026-06-24 22:43:51 | WARNING  | scanner                   | Sector check: XLU not found in indicator results
2026-06-24 22:43:51 | WARNING  | scanner                   | Sector check: XLB not found in indicator results
2026-06-24 22:43:51 | WARNING  | scanner                   | Sector check: XLRE not found in indicator results
2026-06-24 22:43:51 | WARNING  | scanner                   | Sector check: XLC not found in indicator results
2026-06-24 22:43:51 | INFO     | scanner                   | Sector | XLK: BULLISH
2026-06-24 22:43:51 | INFO     | scanner                   | Sector | XLF: BEARISH
2026-06-24 22:43:51 | INFO     | scanner                   | Sector | XLE: BEARISH
2026-06-24 22:43:51 | INFO     | scanner                   | Sector | XLV: BULLISH
2026-06-24 22:43:51 | INFO     | scanner                   | Sector | XLI: BULLISH
2026-06-24 22:43:51 | INFO     | scanner                   | Sector | XLY: BULLISH
2026-06-24 22:43:51 | INFO     | scanner                   | Sector | XLP: BULLISH
2026-06-24 22:43:51 | INFO     | scanner                   | Sector | XLU: BEARISH
2026-06-24 22:43:51 | INFO     | scanner                   | Sector | XLB: BULLISH
2026-06-24 22:43:51 | INFO     | scanner                   | Sector | XLRE: BULLISH
2026-06-24 22:43:51 | INFO     | scanner                   | Sector | XLC: BULLISH
2026-06-24 22:43:51 | WARNING  | scanner                   | Sector check: XLK not found in indicator results
2026-06-24 22:43:51 | WARNING  | scanner                   | Sector check: XLF not found in indicator results
2026-06-24 22:43:51 | WARNING  | scanner                   | Sector check: XLE not found in indicator results
2026-06-24 22:43:51 | WARNING  | scanner                   | Sector check: XLV not found in indicator results
2026-06-24 22:43:51 | WARNING  | scanner                   | Sector check: XLI not found in indicator results
2026-06-24 22:43:51 | WARNING  | scanner                   | Sector check: XLY not found in indicator results
2026-06-24 22:43:51 | WARNING  | scanner                   | Sector check: XLP not found in indicator results
2026-06-24 22:43:51 | WARNING  | scanner                   | Sector check: XLU not found in indicator results
2026-06-24 22:43:51 | WARNING  | scanner                   | Sector check: XLB not found in indicator results
2026-06-24 22:43:51 | WARNING  | scanner                   | Sector check: XLRE not found in indicator results
2026-06-24 22:43:51 | WARNING  | scanner                   | Sector check: XLC not found in indicator results
2026-06-24 22:43:51 | INFO     | scanner                   | Sector | XLK: BULLISH
2026-06-24 22:43:51 | INFO     | scanner                   | Sector | XLF: BEARISH
2026-06-24 22:43:51 | INFO     | scanner                   | Sector | XLE: BEARISH
2026-06-24 22:43:51 | INFO     | scanner                   | Sector | XLV: BULLISH
2026-06-24 22:43:51 | INFO     | scanner                   | Sector | XLI: BULLISH
2026-06-24 22:43:51 | INFO     | scanner                   | Sector | XLY: BULLISH
2026-06-24 22:43:51 | INFO     | scanner                   | Sector | XLP: BULLISH
2026-06-24 22:43:51 | INFO     | scanner                   | Sector | XLU: BEARISH
2026-06-24 22:43:51 | INFO     | scanner                   | Sector | XLB: BULLISH
2026-06-24 22:43:51 | INFO     | scanner                   | Sector | XLRE: BULLISH
2026-06-24 22:43:51 | INFO     | scanner                   | Sector | XLC: BULLISH
2026-06-24 22:43:51 | WARNING  | scanner                   | Sector check: XLK not found in indicator results
2026-06-24 22:43:51 | WARNING  | scanner                   | Sector check: XLF not found in indicator results
2026-06-24 22:43:51 | WARNING  | scanner                   | Sector check: XLE not found in indicator results
2026-06-24 22:43:51 | WARNING  | scanner                   | Sector check: XLV not found in indicator results
2026-06-24 22:43:51 | WARNING  | scanner                   | Sector check: XLI not found in indicator results
2026-06-24 22:43:51 | WARNING  | scanner                   | Sector check: XLY not found in indicator results
2026-06-24 22:43:51 | WARNING  | scanner                   | Sector check: XLP not found in indicator results
2026-06-24 22:43:51 | WARNING  | scanner                   | Sector check: XLU not found in indicator results
2026-06-24 22:43:51 | WARNING  | scanner                   | Sector check: XLB not found in indicator results
2026-06-24 22:43:51 | WARNING  | scanner                   | Sector check: XLRE not found in indicator results
2026-06-24 22:43:51 | WARNING  | scanner                   | Sector check: XLC not found in indicator results
2026-06-24 22:43:51 | INFO     | scanner                   | Sector | XLK: BULLISH
2026-06-24 22:43:51 | INFO     | scanner                   | Sector | XLF: BEARISH
2026-06-24 22:43:51 | INFO     | scanner                   | Sector | XLE: BEARISH
2026-06-24 22:43:51 | INFO     | scanner                   | Sector | XLV: BULLISH
2026-06-24 22:43:51 | INFO     | scanner                   | Sector | XLI: BULLISH
2026-06-24 22:43:51 | INFO     | scanner                   | Sector | XLY: BULLISH
2026-06-24 22:43:51 | INFO     | scanner                   | Sector | XLP: BULLISH
2026-06-24 22:43:51 | INFO     | scanner                   | Sector | XLU: BEARISH
2026-06-24 22:43:51 | INFO     | scanner                   | Sector | XLB: BULLISH
2026-06-24 22:43:51 | INFO     | scanner                   | Sector | XLRE: BULLISH
2026-06-24 22:43:51 | INFO     | scanner                   | Sector | XLC: BULLISH
2026-06-24 22:43:51 | WARNING  | scanner                   | Sector check: XLK not found in indicator results
2026-06-24 22:43:51 | WARNING  | scanner                   | Sector check: XLF not found in indicator results
2026-06-24 22:43:51 | WARNING  | scanner                   | Sector check: XLE not found in indicator results
2026-06-24 22:43:51 | WARNING  | scanner                   | Sector check: XLV not found in indicator results
2026-06-24 22:43:51 | WARNING  | scanner                   | Sector check: XLI not found in indicator results
2026-06-24 22:43:51 | WARNING  | scanner                   | Sector check: XLY not found in indicator results
2026-06-24 22:43:51 | WARNING  | scanner                   | Sector check: XLP not found in indicator results
2026-06-24 22:43:51 | WARNING  | scanner                   | Sector check: XLU not found in indicator results
2026-06-24 22:43:51 | WARNING  | scanner                   | Sector check: XLB not found in indicator results
2026-06-24 22:43:51 | WARNING  | scanner                   | Sector check: XLRE not found in indicator results
2026-06-24 22:43:51 | WARNING  | scanner                   | Sector check: XLC not found in indicator results
2026-06-24 22:43:51 | INFO     | scanner                   | Sector | XLK: BULLISH
2026-06-24 22:43:51 | INFO     | scanner                   | Sector | XLF: BEARISH
2026-06-24 22:43:51 | INFO     | scanner                   | Sector | XLE: BEARISH
2026-06-24 22:43:51 | INFO     | scanner                   | Sector | XLV: BULLISH
2026-06-24 22:43:51 | INFO     | scanner                   | Sector | XLI: BULLISH
2026-06-24 22:43:51 | INFO     | scanner                   | Sector | XLY: BULLISH
2026-06-24 22:43:51 | INFO     | scanner                   | Sector | XLP: BULLISH
2026-06-24 22:43:51 | INFO     | scanner                   | Sector | XLU: BEARISH
2026-06-24 22:43:51 | INFO     | scanner                   | Sector | XLB: BULLISH
2026-06-24 22:43:51 | INFO     | scanner                   | Sector | XLRE: BULLISH
2026-06-24 22:43:51 | INFO     | scanner                   | Sector | XLC: BULLISH
2026-06-24 22:43:51 | WARNING  | scanner                   | Sector check: XLK not found in indicator results
2026-06-24 22:43:51 | WARNING  | scanner                   | Sector check: XLF not found in indicator results
2026-06-24 22:43:51 | WARNING  | scanner                   | Sector check: XLE not found in indicator results
2026-06-24 22:43:51 | WARNING  | scanner                   | Sector check: XLV not found in indicator results
2026-06-24 22:43:51 | WARNING  | scanner                   | Sector check: XLI not found in indicator results
2026-06-24 22:43:51 | WARNING  | scanner                   | Sector check: XLY not found in indicator results
2026-06-24 22:43:51 | WARNING  | scanner                   | Sector check: XLP not found in indicator results
2026-06-24 22:43:51 | WARNING  | scanner                   | Sector check: XLU not found in indicator results
2026-06-24 22:43:51 | WARNING  | scanner                   | Sector check: XLB not found in indicator results
2026-06-24 22:43:51 | WARNING  | scanner                   | Sector check: XLRE not found in indicator results
2026-06-24 22:43:51 | WARNING  | scanner                   | Sector check: XLC not found in indicator results
2026-06-24 22:43:51 | INFO     | scanner                   | Sector | XLK: BULLISH
2026-06-24 22:43:51 | INFO     | scanner                   | Sector | XLF: BEARISH
2026-06-24 22:43:51 | INFO     | scanner                   | Sector | XLE: BEARISH
2026-06-24 22:43:52 | INFO     | scanner                   | Sector | XLV: BULLISH
2026-06-24 22:43:52 | INFO     | scanner                   | Sector | XLI: BULLISH
2026-06-24 22:43:52 | INFO     | scanner                   | Sector | XLY: BULLISH
2026-06-24 22:43:52 | INFO     | scanner                   | Sector | XLP: BULLISH
2026-06-24 22:43:52 | INFO     | scanner                   | Sector | XLU: BEARISH
2026-06-24 22:43:52 | INFO     | scanner                   | Sector | XLB: BULLISH
2026-06-24 22:43:52 | INFO     | scanner                   | Sector | XLRE: BULLISH
2026-06-24 22:43:52 | INFO     | scanner                   | Sector | XLC: BULLISH
2026-06-24 22:43:52 | WARNING  | scanner                   | Sector check: XLK not found in indicator results
2026-06-24 22:43:52 | WARNING  | scanner                   | Sector check: XLF not found in indicator results
2026-06-24 22:43:52 | WARNING  | scanner                   | Sector check: XLE not found in indicator results
2026-06-24 22:43:52 | WARNING  | scanner                   | Sector check: XLV not found in indicator results
2026-06-24 22:43:52 | WARNING  | scanner                   | Sector check: XLI not found in indicator results
2026-06-24 22:43:52 | WARNING  | scanner                   | Sector check: XLY not found in indicator results
2026-06-24 22:43:52 | WARNING  | scanner                   | Sector check: XLP not found in indicator results
2026-06-24 22:43:52 | WARNING  | scanner                   | Sector check: XLU not found in indicator results
2026-06-24 22:43:52 | WARNING  | scanner                   | Sector check: XLB not found in indicator results
2026-06-24 22:43:52 | WARNING  | scanner                   | Sector check: XLRE not found in indicator results
2026-06-24 22:43:52 | WARNING  | scanner                   | Sector check: XLC not found in indicator results
2026-06-24 22:43:52 | INFO     | scanner                   | Sector | XLK: BULLISH
2026-06-24 22:43:52 | INFO     | scanner                   | Sector | XLF: BEARISH
2026-06-24 22:43:52 | INFO     | scanner                   | Sector | XLE: BEARISH
2026-06-24 22:43:52 | INFO     | scanner                   | Sector | XLV: BULLISH
2026-06-24 22:43:52 | INFO     | scanner                   | Sector | XLI: BULLISH
2026-06-24 22:43:52 | INFO     | scanner                   | Sector | XLY: BULLISH
2026-06-24 22:43:52 | INFO     | scanner                   | Sector | XLP: BULLISH
2026-06-24 22:43:52 | INFO     | scanner                   | Sector | XLU: BEARISH
2026-06-24 22:43:52 | INFO     | scanner                   | Sector | XLB: BULLISH
2026-06-24 22:43:52 | INFO     | scanner                   | Sector | XLRE: BULLISH
2026-06-24 22:43:52 | INFO     | scanner                   | Sector | XLC: BULLISH
2026-06-24 22:43:52 | WARNING  | scanner                   | Sector check: XLK not found in indicator results
2026-06-24 22:43:52 | WARNING  | scanner                   | Sector check: XLF not found in indicator results
2026-06-24 22:43:52 | WARNING  | scanner                   | Sector check: XLE not found in indicator results
2026-06-24 22:43:52 | WARNING  | scanner                   | Sector check: XLV not found in indicator results
2026-06-24 22:43:52 | WARNING  | scanner                   | Sector check: XLI not found in indicator results
2026-06-24 22:43:52 | WARNING  | scanner                   | Sector check: XLY not found in indicator results
2026-06-24 22:43:52 | WARNING  | scanner                   | Sector check: XLP not found in indicator results
2026-06-24 22:43:52 | WARNING  | scanner                   | Sector check: XLU not found in indicator results
2026-06-24 22:43:52 | WARNING  | scanner                   | Sector check: XLB not found in indicator results
2026-06-24 22:43:52 | WARNING  | scanner                   | Sector check: XLRE not found in indicator results
2026-06-24 22:43:52 | WARNING  | scanner                   | Sector check: XLC not found in indicator results
2026-06-24 22:43:52 | INFO     | scanner                   | Sector | XLK: BULLISH
2026-06-24 22:43:52 | INFO     | scanner                   | Sector | XLF: BEARISH
2026-06-24 22:43:52 | INFO     | scanner                   | Sector | XLE: BEARISH
2026-06-24 22:43:52 | INFO     | scanner                   | Sector | XLV: BULLISH
2026-06-24 22:43:52 | INFO     | scanner                   | Sector | XLI: BULLISH
2026-06-24 22:43:52 | INFO     | scanner                   | Sector | XLY: BULLISH
2026-06-24 22:43:52 | INFO     | scanner                   | Sector | XLP: BULLISH
2026-06-24 22:43:52 | INFO     | scanner                   | Sector | XLU: BEARISH
2026-06-24 22:43:52 | INFO     | scanner                   | Sector | XLB: BULLISH
2026-06-24 22:43:52 | INFO     | scanner                   | Sector | XLRE: BULLISH
2026-06-24 22:43:52 | INFO     | scanner                   | Sector | XLC: BULLISH
2026-06-24 22:43:52 | WARNING  | scanner                   | Sector check: XLK not found in indicator results
2026-06-24 22:43:52 | WARNING  | scanner                   | Sector check: XLF not found in indicator results
2026-06-24 22:43:52 | WARNING  | scanner                   | Sector check: XLE not found in indicator results
2026-06-24 22:43:52 | WARNING  | scanner                   | Sector check: XLV not found in indicator results
2026-06-24 22:43:52 | WARNING  | scanner                   | Sector check: XLI not found in indicator results
2026-06-24 22:43:52 | WARNING  | scanner                   | Sector check: XLY not found in indicator results
2026-06-24 22:43:52 | WARNING  | scanner                   | Sector check: XLP not found in indicator results
2026-06-24 22:43:52 | WARNING  | scanner                   | Sector check: XLU not found in indicator results
2026-06-24 22:43:52 | WARNING  | scanner                   | Sector check: XLB not found in indicator results
2026-06-24 22:43:52 | WARNING  | scanner                   | Sector check: XLRE not found in indicator results
2026-06-24 22:43:52 | WARNING  | scanner                   | Sector check: XLC not found in indicator results
2026-06-24 22:43:52 | INFO     | scanner                   | Sector | XLK: BULLISH
2026-06-24 22:43:52 | INFO     | scanner                   | Sector | XLF: BEARISH
2026-06-24 22:43:52 | INFO     | scanner                   | Sector | XLE: BEARISH
2026-06-24 22:43:52 | INFO     | scanner                   | Sector | XLV: BULLISH
2026-06-24 22:43:52 | INFO     | scanner                   | Sector | XLI: BULLISH
2026-06-24 22:43:52 | INFO     | scanner                   | Sector | XLY: BULLISH
2026-06-24 22:43:52 | INFO     | scanner                   | Sector | XLP: BULLISH
2026-06-24 22:43:52 | INFO     | scanner                   | Sector | XLU: BEARISH
2026-06-24 22:43:52 | INFO     | scanner                   | Sector | XLB: BULLISH
2026-06-24 22:43:52 | INFO     | scanner                   | Sector | XLRE: BULLISH
2026-06-24 22:43:52 | INFO     | scanner                   | Sector | XLC: BULLISH
2026-06-24 22:43:52 | WARNING  | scanner                   | Sector check: XLK not found in indicator results
2026-06-24 22:43:52 | WARNING  | scanner                   | Sector check: XLF not found in indicator results
2026-06-24 22:43:52 | WARNING  | scanner                   | Sector check: XLE not found in indicator results
2026-06-24 22:43:52 | WARNING  | scanner                   | Sector check: XLV not found in indicator results
2026-06-24 22:43:52 | WARNING  | scanner                   | Sector check: XLI not found in indicator results
2026-06-24 22:43:52 | WARNING  | scanner                   | Sector check: XLY not found in indicator results
2026-06-24 22:43:52 | WARNING  | scanner                   | Sector check: XLP not found in indicator results
2026-06-24 22:43:52 | WARNING  | scanner                   | Sector check: XLU not found in indicator results
2026-06-24 22:43:52 | WARNING  | scanner                   | Sector check: XLB not found in indicator results
2026-06-24 22:43:52 | WARNING  | scanner                   | Sector check: XLRE not found in indicator results
2026-06-24 22:43:52 | WARNING  | scanner                   | Sector check: XLC not found in indicator results
2026-06-24 22:43:52 | INFO     | scanner                   | Sector | XLK: BULLISH
2026-06-24 22:43:52 | INFO     | scanner                   | Sector | XLF: BEARISH
2026-06-24 22:43:52 | INFO     | scanner                   | Sector | XLE: BEARISH
2026-06-24 22:43:52 | INFO     | scanner                   | Sector | XLV: BULLISH
2026-06-24 22:43:52 | INFO     | scanner                   | Sector | XLI: BULLISH
2026-06-24 22:43:52 | INFO     | scanner                   | Sector | XLY: BULLISH
2026-06-24 22:43:52 | INFO     | scanner                   | Sector | XLP: BULLISH
2026-06-24 22:43:52 | INFO     | scanner                   | Sector | XLU: BEARISH
2026-06-24 22:43:52 | INFO     | scanner                   | Sector | XLB: BULLISH
2026-06-24 22:43:52 | INFO     | scanner                   | Sector | XLRE: BULLISH
2026-06-24 22:43:52 | INFO     | scanner                   | Sector | XLC: BULLISH
2026-06-24 22:43:52 | WARNING  | scanner                   | Sector check: XLK not found in indicator results
2026-06-24 22:43:52 | WARNING  | scanner                   | Sector check: XLF not found in indicator results
2026-06-24 22:43:52 | WARNING  | scanner                   | Sector check: XLE not found in indicator results
2026-06-24 22:43:52 | WARNING  | scanner                   | Sector check: XLV not found in indicator results
2026-06-24 22:43:52 | WARNING  | scanner                   | Sector check: XLI not found in indicator results
2026-06-24 22:43:52 | WARNING  | scanner                   | Sector check: XLY not found in indicator results
2026-06-24 22:43:52 | WARNING  | scanner                   | Sector check: XLP not found in indicator results
2026-06-24 22:43:52 | WARNING  | scanner                   | Sector check: XLU not found in indicator results
2026-06-24 22:43:52 | WARNING  | scanner                   | Sector check: XLB not found in indicator results
2026-06-24 22:43:52 | WARNING  | scanner                   | Sector check: XLRE not found in indicator results
2026-06-24 22:43:52 | WARNING  | scanner                   | Sector check: XLC not found in indicator results
2026-06-24 22:43:52 | INFO     | scanner                   | Sector | XLK: BULLISH
2026-06-24 22:43:52 | INFO     | scanner                   | Sector | XLF: BEARISH
2026-06-24 22:43:52 | INFO     | scanner                   | Sector | XLE: BEARISH
2026-06-24 22:43:52 | INFO     | scanner                   | Sector | XLV: BULLISH
2026-06-24 22:43:52 | INFO     | scanner                   | Sector | XLI: BULLISH
2026-06-24 22:43:52 | INFO     | scanner                   | Sector | XLY: BULLISH
2026-06-24 22:43:52 | INFO     | scanner                   | Sector | XLP: BULLISH
2026-06-24 22:43:52 | INFO     | scanner                   | Sector | XLU: BEARISH
2026-06-24 22:43:52 | INFO     | scanner                   | Sector | XLB: BULLISH
2026-06-24 22:43:52 | INFO     | scanner                   | Sector | XLRE: BULLISH
2026-06-24 22:43:52 | INFO     | scanner                   | Sector | XLC: BULLISH
2026-06-24 22:43:52 | WARNING  | scanner                   | Sector check: XLK not found in indicator results
2026-06-24 22:43:52 | WARNING  | scanner                   | Sector check: XLF not found in indicator results
2026-06-24 22:43:52 | WARNING  | scanner                   | Sector check: XLE not found in indicator results
2026-06-24 22:43:52 | WARNING  | scanner                   | Sector check: XLV not found in indicator results
2026-06-24 22:43:52 | WARNING  | scanner                   | Sector check: XLI not found in indicator results
2026-06-24 22:43:52 | WARNING  | scanner                   | Sector check: XLY not found in indicator results
2026-06-24 22:43:52 | WARNING  | scanner                   | Sector check: XLP not found in indicator results
2026-06-24 22:43:52 | WARNING  | scanner                   | Sector check: XLU not found in indicator results
2026-06-24 22:43:52 | WARNING  | scanner                   | Sector check: XLB not found in indicator results
2026-06-24 22:43:52 | WARNING  | scanner                   | Sector check: XLRE not found in indicator results
2026-06-24 22:43:52 | WARNING  | scanner                   | Sector check: XLC not found in indicator results
2026-06-24 22:43:52 | INFO     | scanner                   | Sector | XLK: BULLISH
2026-06-24 22:43:52 | INFO     | scanner                   | Sector | XLF: BEARISH
2026-06-24 22:43:52 | INFO     | scanner                   | Sector | XLE: BEARISH
2026-06-24 22:43:52 | INFO     | scanner                   | Sector | XLV: BULLISH
2026-06-24 22:43:52 | INFO     | scanner                   | Sector | XLI: BULLISH
2026-06-24 22:43:52 | INFO     | scanner                   | Sector | XLY: BULLISH
2026-06-24 22:43:52 | INFO     | scanner                   | Sector | XLP: BULLISH
2026-06-24 22:43:52 | INFO     | scanner                   | Sector | XLU: BEARISH
2026-06-24 22:43:52 | INFO     | scanner                   | Sector | XLB: BULLISH
2026-06-24 22:43:52 | INFO     | scanner                   | Sector | XLRE: BULLISH
2026-06-24 22:43:52 | INFO     | scanner                   | Sector | XLC: BULLISH
2026-06-24 22:43:52 | WARNING  | scanner                   | Sector check: XLK not found in indicator results
2026-06-24 22:43:52 | WARNING  | scanner                   | Sector check: XLF not found in indicator results
2026-06-24 22:43:52 | WARNING  | scanner                   | Sector check: XLE not found in indicator results
2026-06-24 22:43:52 | WARNING  | scanner                   | Sector check: XLV not found in indicator results
2026-06-24 22:43:52 | WARNING  | scanner                   | Sector check: XLI not found in indicator results
2026-06-24 22:43:52 | WARNING  | scanner                   | Sector check: XLY not found in indicator results
2026-06-24 22:43:52 | WARNING  | scanner                   | Sector check: XLP not found in indicator results
2026-06-24 22:43:52 | WARNING  | scanner                   | Sector check: XLU not found in indicator results
2026-06-24 22:43:52 | WARNING  | scanner                   | Sector check: XLB not found in indicator results
2026-06-24 22:43:52 | WARNING  | scanner                   | Sector check: XLRE not found in indicator results
2026-06-24 22:43:52 | WARNING  | scanner                   | Sector check: XLC not found in indicator results
2026-06-24 22:43:52 | INFO     | scanner                   | Sector | XLK: BULLISH
2026-06-24 22:43:52 | INFO     | scanner                   | Sector | XLF: BEARISH
2026-06-24 22:43:52 | INFO     | scanner                   | Sector | XLE: BEARISH
2026-06-24 22:43:52 | INFO     | scanner                   | Sector | XLV: BULLISH
2026-06-24 22:43:52 | INFO     | scanner                   | Sector | XLI: BULLISH
2026-06-24 22:43:52 | INFO     | scanner                   | Sector | XLY: BULLISH
2026-06-24 22:43:52 | INFO     | scanner                   | Sector | XLP: BULLISH
2026-06-24 22:43:52 | INFO     | scanner                   | Sector | XLU: BEARISH
2026-06-24 22:43:52 | INFO     | scanner                   | Sector | XLB: BULLISH
2026-06-24 22:43:52 | INFO     | scanner                   | Sector | XLRE: BULLISH
2026-06-24 22:43:52 | INFO     | scanner                   | Sector | XLC: BULLISH
2026-06-24 22:43:52 | WARNING  | scanner                   | Sector check: XLK not found in indicator results
2026-06-24 22:43:52 | WARNING  | scanner                   | Sector check: XLF not found in indicator results
2026-06-24 22:43:52 | WARNING  | scanner                   | Sector check: XLE not found in indicator results
2026-06-24 22:43:52 | WARNING  | scanner                   | Sector check: XLV not found in indicator results
2026-06-24 22:43:52 | WARNING  | scanner                   | Sector check: XLI not found in indicator results
2026-06-24 22:43:52 | WARNING  | scanner                   | Sector check: XLY not found in indicator results
2026-06-24 22:43:52 | WARNING  | scanner                   | Sector check: XLP not found in indicator results
2026-06-24 22:43:52 | WARNING  | scanner                   | Sector check: XLU not found in indicator results
2026-06-24 22:43:52 | WARNING  | scanner                   | Sector check: XLB not found in indicator results
2026-06-24 22:43:52 | WARNING  | scanner                   | Sector check: XLRE not found in indicator results
2026-06-24 22:43:52 | WARNING  | scanner                   | Sector check: XLC not found in indicator results
2026-06-24 22:43:52 | INFO     | scanner                   | Sector | XLK: BULLISH
2026-06-24 22:43:52 | INFO     | scanner                   | Sector | XLF: BEARISH
2026-06-24 22:43:52 | INFO     | scanner                   | Sector | XLE: BEARISH
2026-06-24 22:43:52 | INFO     | scanner                   | Sector | XLV: BULLISH
2026-06-24 22:43:52 | INFO     | scanner                   | Sector | XLI: BULLISH
2026-06-24 22:43:52 | INFO     | scanner                   | Sector | XLY: BULLISH
2026-06-24 22:43:52 | INFO     | scanner                   | Sector | XLP: BULLISH
2026-06-24 22:43:52 | INFO     | scanner                   | Sector | XLU: BEARISH
2026-06-24 22:43:52 | INFO     | scanner                   | Sector | XLB: BULLISH
2026-06-24 22:43:52 | INFO     | scanner                   | Sector | XLRE: BULLISH
2026-06-24 22:43:52 | INFO     | scanner                   | Sector | XLC: BULLISH
2026-06-24 22:43:52 | WARNING  | scanner                   | Sector check: XLK not found in indicator results
2026-06-24 22:43:52 | WARNING  | scanner                   | Sector check: XLF not found in indicator results
2026-06-24 22:43:52 | WARNING  | scanner                   | Sector check: XLE not found in indicator results
2026-06-24 22:43:52 | WARNING  | scanner                   | Sector check: XLV not found in indicator results
2026-06-24 22:43:52 | WARNING  | scanner                   | Sector check: XLI not found in indicator results
2026-06-24 22:43:52 | WARNING  | scanner                   | Sector check: XLY not found in indicator results
2026-06-24 22:43:52 | WARNING  | scanner                   | Sector check: XLP not found in indicator results
2026-06-24 22:43:52 | WARNING  | scanner                   | Sector check: XLU not found in indicator results
2026-06-24 22:43:52 | WARNING  | scanner                   | Sector check: XLB not found in indicator results
2026-06-24 22:43:52 | WARNING  | scanner                   | Sector check: XLRE not found in indicator results
2026-06-24 22:43:52 | WARNING  | scanner                   | Sector check: XLC not found in indicator results
2026-06-24 22:43:52 | INFO     | scanner                   | Sector | XLK: BULLISH
2026-06-24 22:43:52 | INFO     | scanner                   | Sector | XLF: BEARISH
2026-06-24 22:43:52 | INFO     | scanner                   | Sector | XLE: BEARISH
2026-06-24 22:43:52 | INFO     | scanner                   | Sector | XLV: BULLISH
2026-06-24 22:43:52 | INFO     | scanner                   | Sector | XLI: BULLISH
2026-06-24 22:43:52 | INFO     | scanner                   | Sector | XLY: BULLISH
2026-06-24 22:43:52 | INFO     | scanner                   | Sector | XLP: BULLISH
2026-06-24 22:43:52 | INFO     | scanner                   | Sector | XLU: BEARISH
2026-06-24 22:43:52 | INFO     | scanner                   | Sector | XLB: BULLISH
2026-06-24 22:43:52 | INFO     | scanner                   | Sector | XLRE: BULLISH
2026-06-24 22:43:52 | INFO     | scanner                   | Sector | XLC: BULLISH
2026-06-24 22:43:52 | WARNING  | scanner                   | Sector check: XLK not found in indicator results
2026-06-24 22:43:52 | WARNING  | scanner                   | Sector check: XLF not found in indicator results
2026-06-24 22:43:52 | WARNING  | scanner                   | Sector check: XLE not found in indicator results
2026-06-24 22:43:52 | WARNING  | scanner                   | Sector check: XLV not found in indicator results
2026-06-24 22:43:52 | WARNING  | scanner                   | Sector check: XLI not found in indicator results
2026-06-24 22:43:52 | WARNING  | scanner                   | Sector check: XLY not found in indicator results
2026-06-24 22:43:52 | WARNING  | scanner                   | Sector check: XLP not found in indicator results
2026-06-24 22:43:52 | WARNING  | scanner                   | Sector check: XLU not found in indicator results
2026-06-24 22:43:52 | WARNING  | scanner                   | Sector check: XLB not found in indicator results
2026-06-24 22:43:52 | WARNING  | scanner                   | Sector check: XLRE not found in indicator results
2026-06-24 22:43:52 | WARNING  | scanner                   | Sector check: XLC not found in indicator results
2026-06-24 22:43:52 | INFO     | scanner                   | Sector | XLK: BULLISH
2026-06-24 22:43:52 | INFO     | scanner                   | Sector | XLF: BEARISH
2026-06-24 22:43:52 | INFO     | scanner                   | Sector | XLE: BEARISH
2026-06-24 22:43:52 | INFO     | scanner                   | Sector | XLV: BULLISH
2026-06-24 22:43:52 | INFO     | scanner                   | Sector | XLI: BULLISH
2026-06-24 22:43:52 | INFO     | scanner                   | Sector | XLY: BULLISH
2026-06-24 22:43:52 | INFO     | scanner                   | Sector | XLP: BULLISH
2026-06-24 22:43:52 | INFO     | scanner                   | Sector | XLU: BEARISH
2026-06-24 22:43:52 | INFO     | scanner                   | Sector | XLB: BULLISH
2026-06-24 22:43:52 | INFO     | scanner                   | Sector | XLRE: BULLISH
2026-06-24 22:43:52 | INFO     | scanner                   | Sector | XLC: BULLISH
2026-06-24 22:43:52 | WARNING  | scanner                   | Sector check: XLK not found in indicator results
2026-06-24 22:43:52 | WARNING  | scanner                   | Sector check: XLF not found in indicator results
2026-06-24 22:43:52 | WARNING  | scanner                   | Sector check: XLE not found in indicator results
2026-06-24 22:43:52 | WARNING  | scanner                   | Sector check: XLV not found in indicator results
2026-06-24 22:43:52 | WARNING  | scanner                   | Sector check: XLI not found in indicator results
2026-06-24 22:43:52 | WARNING  | scanner                   | Sector check: XLY not found in indicator results
2026-06-24 22:43:52 | WARNING  | scanner                   | Sector check: XLP not found in indicator results
2026-06-24 22:43:52 | WARNING  | scanner                   | Sector check: XLU not found in indicator results
2026-06-24 22:43:52 | WARNING  | scanner                   | Sector check: XLB not found in indicator results
2026-06-24 22:43:52 | WARNING  | scanner                   | Sector check: XLRE not found in indicator results
2026-06-24 22:43:52 | WARNING  | scanner                   | Sector check: XLC not found in indicator results
2026-06-24 22:43:52 | INFO     | scanner                   | Sector | XLK: BULLISH
2026-06-24 22:43:52 | INFO     | scanner                   | Sector | XLF: BEARISH
2026-06-24 22:43:52 | INFO     | scanner                   | Sector | XLE: BEARISH
2026-06-24 22:43:52 | INFO     | scanner                   | Sector | XLV: BULLISH
2026-06-24 22:43:52 | INFO     | scanner                   | Sector | XLI: BULLISH
2026-06-24 22:43:52 | INFO     | scanner                   | Sector | XLY: BULLISH
2026-06-24 22:43:52 | INFO     | scanner                   | Sector | XLP: BULLISH
2026-06-24 22:43:52 | INFO     | scanner                   | Sector | XLU: BEARISH
2026-06-24 22:43:52 | INFO     | scanner                   | Sector | XLB: BEARISH
2026-06-24 22:43:52 | INFO     | scanner                   | Sector | XLRE: BULLISH
2026-06-24 22:43:52 | INFO     | scanner                   | Sector | XLC: BULLISH
2026-06-24 22:43:52 | WARNING  | scanner                   | Sector check: XLK not found in indicator results
2026-06-24 22:43:52 | WARNING  | scanner                   | Sector check: XLF not found in indicator results
2026-06-24 22:43:52 | WARNING  | scanner                   | Sector check: XLE not found in indicator results
2026-06-24 22:43:52 | WARNING  | scanner                   | Sector check: XLV not found in indicator results
2026-06-24 22:43:52 | WARNING  | scanner                   | Sector check: XLI not found in indicator results
2026-06-24 22:43:52 | WARNING  | scanner                   | Sector check: XLY not found in indicator results
2026-06-24 22:43:52 | WARNING  | scanner                   | Sector check: XLP not found in indicator results
2026-06-24 22:43:52 | WARNING  | scanner                   | Sector check: XLU not found in indicator results
2026-06-24 22:43:52 | WARNING  | scanner                   | Sector check: XLB not found in indicator results
2026-06-24 22:43:52 | WARNING  | scanner                   | Sector check: XLRE not found in indicator results
2026-06-24 22:43:52 | WARNING  | scanner                   | Sector check: XLC not found in indicator results
2026-06-24 22:43:52 | INFO     | scanner                   | Sector | XLK: BULLISH
2026-06-24 22:43:52 | INFO     | scanner                   | Sector | XLF: BEARISH
2026-06-24 22:43:52 | INFO     | scanner                   | Sector | XLE: BEARISH
2026-06-24 22:43:52 | INFO     | scanner                   | Sector | XLV: BULLISH
2026-06-24 22:43:52 | INFO     | scanner                   | Sector | XLI: BULLISH
2026-06-24 22:43:52 | INFO     | scanner                   | Sector | XLY: BULLISH
2026-06-24 22:43:52 | INFO     | scanner                   | Sector | XLP: BULLISH
2026-06-24 22:43:52 | INFO     | scanner                   | Sector | XLU: BEARISH
2026-06-24 22:43:52 | INFO     | scanner                   | Sector | XLB: BEARISH
2026-06-24 22:43:52 | INFO     | scanner                   | Sector | XLRE: BULLISH
2026-06-24 22:43:52 | INFO     | scanner                   | Sector | XLC: BULLISH
2026-06-24 22:43:52 | WARNING  | scanner                   | Sector check: XLK not found in indicator results
2026-06-24 22:43:52 | WARNING  | scanner                   | Sector check: XLF not found in indicator results
2026-06-24 22:43:52 | WARNING  | scanner                   | Sector check: XLE not found in indicator results
2026-06-24 22:43:52 | WARNING  | scanner                   | Sector check: XLV not found in indicator results
2026-06-24 22:43:52 | WARNING  | scanner                   | Sector check: XLI not found in indicator results
2026-06-24 22:43:52 | WARNING  | scanner                   | Sector check: XLY not found in indicator results
2026-06-24 22:43:52 | WARNING  | scanner                   | Sector check: XLP not found in indicator results
2026-06-24 22:43:52 | WARNING  | scanner                   | Sector check: XLU not found in indicator results
2026-06-24 22:43:52 | WARNING  | scanner                   | Sector check: XLB not found in indicator results
2026-06-24 22:43:52 | WARNING  | scanner                   | Sector check: XLRE not found in indicator results
2026-06-24 22:43:52 | WARNING  | scanner                   | Sector check: XLC not found in indicator results
2026-06-24 22:43:52 | INFO     | scanner                   | Sector | XLK: BULLISH
2026-06-24 22:43:52 | INFO     | scanner                   | Sector | XLF: BEARISH
2026-06-24 22:43:52 | INFO     | scanner                   | Sector | XLE: BEARISH
2026-06-24 22:43:52 | INFO     | scanner                   | Sector | XLV: BULLISH
2026-06-24 22:43:52 | INFO     | scanner                   | Sector | XLI: BULLISH
2026-06-24 22:43:52 | INFO     | scanner                   | Sector | XLY: BULLISH
2026-06-24 22:43:52 | INFO     | scanner                   | Sector | XLP: BULLISH
2026-06-24 22:43:52 | INFO     | scanner                   | Sector | XLU: BEARISH
2026-06-24 22:43:52 | INFO     | scanner                   | Sector | XLB: BEARISH
2026-06-24 22:43:52 | INFO     | scanner                   | Sector | XLRE: BEARISH
2026-06-24 22:43:52 | INFO     | scanner                   | Sector | XLC: BULLISH
2026-06-24 22:43:52 | WARNING  | scanner                   | Sector check: XLK not found in indicator results
2026-06-24 22:43:52 | WARNING  | scanner                   | Sector check: XLF not found in indicator results
2026-06-24 22:43:52 | WARNING  | scanner                   | Sector check: XLE not found in indicator results
2026-06-24 22:43:52 | WARNING  | scanner                   | Sector check: XLV not found in indicator results
2026-06-24 22:43:52 | WARNING  | scanner                   | Sector check: XLI not found in indicator results
2026-06-24 22:43:52 | WARNING  | scanner                   | Sector check: XLY not found in indicator results
2026-06-24 22:43:52 | WARNING  | scanner                   | Sector check: XLP not found in indicator results
2026-06-24 22:43:52 | WARNING  | scanner                   | Sector check: XLU not found in indicator results
2026-06-24 22:43:52 | WARNING  | scanner                   | Sector check: XLB not found in indicator results
2026-06-24 22:43:52 | WARNING  | scanner                   | Sector check: XLRE not found in indicator results
2026-06-24 22:43:52 | WARNING  | scanner                   | Sector check: XLC not found in indicator results
2026-06-24 22:43:52 | INFO     | scanner                   | Sector | XLK: BULLISH
2026-06-24 22:43:52 | INFO     | scanner                   | Sector | XLF: BEARISH
2026-06-24 22:43:52 | INFO     | scanner                   | Sector | XLE: BULLISH
2026-06-24 22:43:52 | INFO     | scanner                   | Sector | XLV: BULLISH
2026-06-24 22:43:52 | INFO     | scanner                   | Sector | XLI: BULLISH
2026-06-24 22:43:52 | INFO     | scanner                   | Sector | XLY: BEARISH
2026-06-24 22:43:52 | INFO     | scanner                   | Sector | XLP: BULLISH
2026-06-24 22:43:52 | INFO     | scanner                   | Sector | XLU: BEARISH
2026-06-24 22:43:52 | INFO     | scanner                   | Sector | XLB: BEARISH
2026-06-24 22:43:52 | INFO     | scanner                   | Sector | XLRE: BEARISH
2026-06-24 22:43:52 | INFO     | scanner                   | Sector | XLC: BULLISH
2026-06-24 22:43:52 | WARNING  | scanner                   | Sector check: XLK not found in indicator results
2026-06-24 22:43:52 | WARNING  | scanner                   | Sector check: XLF not found in indicator results
2026-06-24 22:43:52 | WARNING  | scanner                   | Sector check: XLE not found in indicator results
2026-06-24 22:43:52 | WARNING  | scanner                   | Sector check: XLV not found in indicator results
2026-06-24 22:43:52 | WARNING  | scanner                   | Sector check: XLI not found in indicator results
2026-06-24 22:43:52 | WARNING  | scanner                   | Sector check: XLY not found in indicator results
2026-06-24 22:43:52 | WARNING  | scanner                   | Sector check: XLP not found in indicator results
2026-06-24 22:43:52 | WARNING  | scanner                   | Sector check: XLU not found in indicator results
2026-06-24 22:43:52 | WARNING  | scanner                   | Sector check: XLB not found in indicator results
2026-06-24 22:43:52 | WARNING  | scanner                   | Sector check: XLRE not found in indicator results
2026-06-24 22:43:52 | WARNING  | scanner                   | Sector check: XLC not found in indicator results
2026-06-24 22:43:52 | INFO     | scanner                   | Sector | XLK: BULLISH
2026-06-24 22:43:52 | INFO     | scanner                   | Sector | XLF: BEARISH
2026-06-24 22:43:52 | INFO     | scanner                   | Sector | XLE: BULLISH
2026-06-24 22:43:52 | INFO     | scanner                   | Sector | XLV: BULLISH
2026-06-24 22:43:52 | INFO     | scanner                   | Sector | XLI: BULLISH
2026-06-24 22:43:52 | INFO     | scanner                   | Sector | XLY: BEARISH
2026-06-24 22:43:52 | INFO     | scanner                   | Sector | XLP: BULLISH
2026-06-24 22:43:52 | INFO     | scanner                   | Sector | XLU: BEARISH
2026-06-24 22:43:52 | INFO     | scanner                   | Sector | XLB: BEARISH
2026-06-24 22:43:52 | INFO     | scanner                   | Sector | XLRE: BEARISH
2026-06-24 22:43:52 | INFO     | scanner                   | Sector | XLC: BULLISH
2026-06-24 22:43:52 | WARNING  | scanner                   | Sector check: XLK not found in indicator results
2026-06-24 22:43:52 | WARNING  | scanner                   | Sector check: XLF not found in indicator results
2026-06-24 22:43:52 | WARNING  | scanner                   | Sector check: XLE not found in indicator results
2026-06-24 22:43:52 | WARNING  | scanner                   | Sector check: XLV not found in indicator results
2026-06-24 22:43:52 | WARNING  | scanner                   | Sector check: XLI not found in indicator results
2026-06-24 22:43:52 | WARNING  | scanner                   | Sector check: XLY not found in indicator results
2026-06-24 22:43:52 | WARNING  | scanner                   | Sector check: XLP not found in indicator results
2026-06-24 22:43:52 | WARNING  | scanner                   | Sector check: XLU not found in indicator results
2026-06-24 22:43:52 | WARNING  | scanner                   | Sector check: XLB not found in indicator results
2026-06-24 22:43:52 | WARNING  | scanner                   | Sector check: XLRE not found in indicator results
2026-06-24 22:43:52 | WARNING  | scanner                   | Sector check: XLC not found in indicator results
2026-06-24 22:43:52 | INFO     | scanner                   | Sector | XLK: BULLISH
2026-06-24 22:43:52 | INFO     | scanner                   | Sector | XLF: BEARISH
2026-06-24 22:43:52 | INFO     | scanner                   | Sector | XLE: BULLISH
2026-06-24 22:43:52 | INFO     | scanner                   | Sector | XLV: BULLISH
2026-06-24 22:43:52 | INFO     | scanner                   | Sector | XLI: BEARISH
2026-06-24 22:43:52 | INFO     | scanner                   | Sector | XLY: BEARISH
2026-06-24 22:43:52 | INFO     | scanner                   | Sector | XLP: BULLISH
2026-06-24 22:43:52 | INFO     | scanner                   | Sector | XLU: BEARISH
2026-06-24 22:43:52 | INFO     | scanner                   | Sector | XLB: BEARISH
2026-06-24 22:43:52 | INFO     | scanner                   | Sector | XLRE: BEARISH
2026-06-24 22:43:52 | INFO     | scanner                   | Sector | XLC: BULLISH
2026-06-24 22:43:52 | WARNING  | scanner                   | Sector check: XLK not found in indicator results
2026-06-24 22:43:52 | WARNING  | scanner                   | Sector check: XLF not found in indicator results
2026-06-24 22:43:52 | WARNING  | scanner                   | Sector check: XLE not found in indicator results
2026-06-24 22:43:52 | WARNING  | scanner                   | Sector check: XLV not found in indicator results
2026-06-24 22:43:52 | WARNING  | scanner                   | Sector check: XLI not found in indicator results
2026-06-24 22:43:52 | WARNING  | scanner                   | Sector check: XLY not found in indicator results
2026-06-24 22:43:52 | WARNING  | scanner                   | Sector check: XLP not found in indicator results
2026-06-24 22:43:52 | WARNING  | scanner                   | Sector check: XLU not found in indicator results
2026-06-24 22:43:52 | WARNING  | scanner                   | Sector check: XLB not found in indicator results
2026-06-24 22:43:52 | WARNING  | scanner                   | Sector check: XLRE not found in indicator results
2026-06-24 22:43:52 | WARNING  | scanner                   | Sector check: XLC not found in indicator results
2026-06-24 22:43:52 | INFO     | scanner                   | Sector | XLK: BULLISH
2026-06-24 22:43:52 | INFO     | scanner                   | Sector | XLF: BEARISH
2026-06-24 22:43:52 | INFO     | scanner                   | Sector | XLE: BULLISH
2026-06-24 22:43:52 | INFO     | scanner                   | Sector | XLV: BULLISH
2026-06-24 22:43:52 | INFO     | scanner                   | Sector | XLI: BEARISH
2026-06-24 22:43:52 | INFO     | scanner                   | Sector | XLY: BEARISH
2026-06-24 22:43:52 | INFO     | scanner                   | Sector | XLP: BULLISH
2026-06-24 22:43:52 | INFO     | scanner                   | Sector | XLU: BEARISH
2026-06-24 22:43:52 | INFO     | scanner                   | Sector | XLB: BEARISH
2026-06-24 22:43:52 | INFO     | scanner                   | Sector | XLRE: BEARISH
2026-06-24 22:43:52 | INFO     | scanner                   | Sector | XLC: BULLISH
2026-06-24 22:43:52 | WARNING  | scanner                   | Sector check: XLK not found in indicator results
2026-06-24 22:43:52 | WARNING  | scanner                   | Sector check: XLF not found in indicator results
2026-06-24 22:43:52 | WARNING  | scanner                   | Sector check: XLE not found in indicator results
2026-06-24 22:43:52 | WARNING  | scanner                   | Sector check: XLV not found in indicator results
2026-06-24 22:43:52 | WARNING  | scanner                   | Sector check: XLI not found in indicator results
2026-06-24 22:43:52 | WARNING  | scanner                   | Sector check: XLY not found in indicator results
2026-06-24 22:43:52 | WARNING  | scanner                   | Sector check: XLP not found in indicator results
2026-06-24 22:43:52 | WARNING  | scanner                   | Sector check: XLU not found in indicator results
2026-06-24 22:43:52 | WARNING  | scanner                   | Sector check: XLB not found in indicator results
2026-06-24 22:43:52 | WARNING  | scanner                   | Sector check: XLRE not found in indicator results
2026-06-24 22:43:52 | WARNING  | scanner                   | Sector check: XLC not found in indicator results
2026-06-24 22:43:52 | INFO     | scanner                   | Sector | XLK: BULLISH
2026-06-24 22:43:52 | INFO     | scanner                   | Sector | XLF: BEARISH
2026-06-24 22:43:52 | INFO     | scanner                   | Sector | XLE: BULLISH
2026-06-24 22:43:52 | INFO     | scanner                   | Sector | XLV: BULLISH
2026-06-24 22:43:52 | INFO     | scanner                   | Sector | XLI: BEARISH
2026-06-24 22:43:52 | INFO     | scanner                   | Sector | XLY: BEARISH
2026-06-24 22:43:52 | INFO     | scanner                   | Sector | XLP: BULLISH
2026-06-24 22:43:52 | INFO     | scanner                   | Sector | XLU: BEARISH
2026-06-24 22:43:52 | INFO     | scanner                   | Sector | XLB: BEARISH
2026-06-24 22:43:52 | INFO     | scanner                   | Sector | XLRE: BEARISH
2026-06-24 22:43:52 | INFO     | scanner                   | Sector | XLC: BULLISH
2026-06-24 22:43:52 | WARNING  | scanner                   | Sector check: XLK not found in indicator results
2026-06-24 22:43:52 | WARNING  | scanner                   | Sector check: XLF not found in indicator results
2026-06-24 22:43:52 | WARNING  | scanner                   | Sector check: XLE not found in indicator results
2026-06-24 22:43:52 | WARNING  | scanner                   | Sector check: XLV not found in indicator results
2026-06-24 22:43:52 | WARNING  | scanner                   | Sector check: XLI not found in indicator results
2026-06-24 22:43:52 | WARNING  | scanner                   | Sector check: XLY not found in indicator results
2026-06-24 22:43:52 | WARNING  | scanner                   | Sector check: XLP not found in indicator results
2026-06-24 22:43:52 | WARNING  | scanner                   | Sector check: XLU not found in indicator results
2026-06-24 22:43:52 | WARNING  | scanner                   | Sector check: XLB not found in indicator results
2026-06-24 22:43:52 | WARNING  | scanner                   | Sector check: XLRE not found in indicator results
2026-06-24 22:43:52 | WARNING  | scanner                   | Sector check: XLC not found in indicator results
2026-06-24 22:43:52 | INFO     | scanner                   | Sector | XLK: BULLISH
2026-06-24 22:43:52 | INFO     | scanner                   | Sector | XLF: BEARISH
2026-06-24 22:43:52 | INFO     | scanner                   | Sector | XLE: BULLISH
2026-06-24 22:43:52 | INFO     | scanner                   | Sector | XLV: BULLISH
2026-06-24 22:43:52 | INFO     | scanner                   | Sector | XLI: BEARISH
2026-06-24 22:43:52 | INFO     | scanner                   | Sector | XLY: BEARISH
2026-06-24 22:43:52 | INFO     | scanner                   | Sector | XLP: BULLISH
2026-06-24 22:43:52 | INFO     | scanner                   | Sector | XLU: BEARISH
2026-06-24 22:43:52 | INFO     | scanner                   | Sector | XLB: BEARISH
2026-06-24 22:43:52 | INFO     | scanner                   | Sector | XLRE: BEARISH
2026-06-24 22:43:52 | INFO     | scanner                   | Sector | XLC: BULLISH
2026-06-24 22:43:52 | WARNING  | scanner                   | Sector check: XLK not found in indicator results
2026-06-24 22:43:52 | WARNING  | scanner                   | Sector check: XLF not found in indicator results
2026-06-24 22:43:52 | WARNING  | scanner                   | Sector check: XLE not found in indicator results
2026-06-24 22:43:52 | WARNING  | scanner                   | Sector check: XLV not found in indicator results
2026-06-24 22:43:52 | WARNING  | scanner                   | Sector check: XLI not found in indicator results
2026-06-24 22:43:52 | WARNING  | scanner                   | Sector check: XLY not found in indicator results
2026-06-24 22:43:52 | WARNING  | scanner                   | Sector check: XLP not found in indicator results
2026-06-24 22:43:52 | WARNING  | scanner                   | Sector check: XLU not found in indicator results
2026-06-24 22:43:52 | WARNING  | scanner                   | Sector check: XLB not found in indicator results
2026-06-24 22:43:52 | WARNING  | scanner                   | Sector check: XLRE not found in indicator results
2026-06-24 22:43:52 | WARNING  | scanner                   | Sector check: XLC not found in indicator results
2026-06-24 22:43:52 | INFO     | scanner                   | Sector | XLK: BULLISH
2026-06-24 22:43:52 | INFO     | scanner                   | Sector | XLF: BEARISH
2026-06-24 22:43:52 | INFO     | scanner                   | Sector | XLE: BULLISH
2026-06-24 22:43:52 | INFO     | scanner                   | Sector | XLV: BULLISH
2026-06-24 22:43:52 | INFO     | scanner                   | Sector | XLI: BEARISH
2026-06-24 22:43:52 | INFO     | scanner                   | Sector | XLY: BEARISH
2026-06-24 22:43:52 | INFO     | scanner                   | Sector | XLP: BULLISH
2026-06-24 22:43:52 | INFO     | scanner                   | Sector | XLU: BEARISH
2026-06-24 22:43:52 | INFO     | scanner                   | Sector | XLB: BEARISH
2026-06-24 22:43:52 | INFO     | scanner                   | Sector | XLRE: BEARISH
2026-06-24 22:43:52 | INFO     | scanner                   | Sector | XLC: BULLISH
2026-06-24 22:43:52 | WARNING  | scanner                   | Sector check: XLK not found in indicator results
2026-06-24 22:43:52 | WARNING  | scanner                   | Sector check: XLF not found in indicator results
2026-06-24 22:43:52 | WARNING  | scanner                   | Sector check: XLE not found in indicator results
2026-06-24 22:43:52 | WARNING  | scanner                   | Sector check: XLV not found in indicator results
2026-06-24 22:43:52 | WARNING  | scanner                   | Sector check: XLI not found in indicator results
2026-06-24 22:43:52 | WARNING  | scanner                   | Sector check: XLY not found in indicator results
2026-06-24 22:43:52 | WARNING  | scanner                   | Sector check: XLP not found in indicator results
2026-06-24 22:43:52 | WARNING  | scanner                   | Sector check: XLU not found in indicator results
2026-06-24 22:43:52 | WARNING  | scanner                   | Sector check: XLB not found in indicator results
2026-06-24 22:43:52 | WARNING  | scanner                   | Sector check: XLRE not found in indicator results
2026-06-24 22:43:52 | WARNING  | scanner                   | Sector check: XLC not found in indicator results
2026-06-24 22:43:52 | INFO     | scanner                   | Sector | XLK: BULLISH
2026-06-24 22:43:52 | INFO     | scanner                   | Sector | XLF: BEARISH
2026-06-24 22:43:52 | INFO     | scanner                   | Sector | XLE: BULLISH
2026-06-24 22:43:52 | INFO     | scanner                   | Sector | XLV: BULLISH
2026-06-24 22:43:52 | INFO     | scanner                   | Sector | XLI: BEARISH
2026-06-24 22:43:52 | INFO     | scanner                   | Sector | XLY: BEARISH
2026-06-24 22:43:52 | INFO     | scanner                   | Sector | XLP: BULLISH
2026-06-24 22:43:52 | INFO     | scanner                   | Sector | XLU: BEARISH
2026-06-24 22:43:52 | INFO     | scanner                   | Sector | XLB: BEARISH
2026-06-24 22:43:52 | INFO     | scanner                   | Sector | XLRE: BEARISH
2026-06-24 22:43:52 | INFO     | scanner                   | Sector | XLC: BULLISH
2026-06-24 22:43:52 | WARNING  | scanner                   | Sector check: XLK not found in indicator results
2026-06-24 22:43:52 | WARNING  | scanner                   | Sector check: XLF not found in indicator results
2026-06-24 22:43:52 | WARNING  | scanner                   | Sector check: XLE not found in indicator results
2026-06-24 22:43:52 | WARNING  | scanner                   | Sector check: XLV not found in indicator results
2026-06-24 22:43:52 | WARNING  | scanner                   | Sector check: XLI not found in indicator results
2026-06-24 22:43:52 | WARNING  | scanner                   | Sector check: XLY not found in indicator results
2026-06-24 22:43:52 | WARNING  | scanner                   | Sector check: XLP not found in indicator results
2026-06-24 22:43:52 | WARNING  | scanner                   | Sector check: XLU not found in indicator results
2026-06-24 22:43:52 | WARNING  | scanner                   | Sector check: XLB not found in indicator results
2026-06-24 22:43:52 | WARNING  | scanner                   | Sector check: XLRE not found in indicator results
2026-06-24 22:43:52 | WARNING  | scanner                   | Sector check: XLC not found in indicator results
2026-06-24 22:43:52 | INFO     | scanner                   | Sector | XLK: BULLISH
2026-06-24 22:43:52 | INFO     | scanner                   | Sector | XLF: BEARISH
2026-06-24 22:43:52 | INFO     | scanner                   | Sector | XLE: BULLISH
2026-06-24 22:43:52 | INFO     | scanner                   | Sector | XLV: BULLISH
2026-06-24 22:43:52 | INFO     | scanner                   | Sector | XLI: BEARISH
2026-06-24 22:43:52 | INFO     | scanner                   | Sector | XLY: BEARISH
2026-06-24 22:43:52 | INFO     | scanner                   | Sector | XLP: BULLISH
2026-06-24 22:43:52 | INFO     | scanner                   | Sector | XLU: BEARISH
2026-06-24 22:43:52 | INFO     | scanner                   | Sector | XLB: BEARISH
2026-06-24 22:43:52 | INFO     | scanner                   | Sector | XLRE: BEARISH
2026-06-24 22:43:52 | INFO     | scanner                   | Sector | XLC: BULLISH
2026-06-24 22:43:52 | WARNING  | scanner                   | Sector check: XLK not found in indicator results
2026-06-24 22:43:52 | WARNING  | scanner                   | Sector check: XLF not found in indicator results
2026-06-24 22:43:52 | WARNING  | scanner                   | Sector check: XLE not found in indicator results
2026-06-24 22:43:52 | WARNING  | scanner                   | Sector check: XLV not found in indicator results
2026-06-24 22:43:52 | WARNING  | scanner                   | Sector check: XLI not found in indicator results
2026-06-24 22:43:52 | WARNING  | scanner                   | Sector check: XLY not found in indicator results
2026-06-24 22:43:52 | WARNING  | scanner                   | Sector check: XLP not found in indicator results
2026-06-24 22:43:52 | WARNING  | scanner                   | Sector check: XLU not found in indicator results
2026-06-24 22:43:52 | WARNING  | scanner                   | Sector check: XLB not found in indicator results
2026-06-24 22:43:52 | WARNING  | scanner                   | Sector check: XLRE not found in indicator results
2026-06-24 22:43:52 | WARNING  | scanner                   | Sector check: XLC not found in indicator results
2026-06-24 22:43:52 | INFO     | scanner                   | Sector | XLK: BULLISH
2026-06-24 22:43:52 | INFO     | scanner                   | Sector | XLF: BEARISH
2026-06-24 22:43:52 | INFO     | scanner                   | Sector | XLE: BULLISH
2026-06-24 22:43:52 | INFO     | scanner                   | Sector | XLV: BULLISH
2026-06-24 22:43:52 | INFO     | scanner                   | Sector | XLI: BEARISH
2026-06-24 22:43:52 | INFO     | scanner                   | Sector | XLY: BEARISH
2026-06-24 22:43:52 | INFO     | scanner                   | Sector | XLP: BULLISH
2026-06-24 22:43:52 | INFO     | scanner                   | Sector | XLU: BEARISH
2026-06-24 22:43:52 | INFO     | scanner                   | Sector | XLB: BEARISH
2026-06-24 22:43:52 | INFO     | scanner                   | Sector | XLRE: BEARISH
2026-06-24 22:43:52 | INFO     | scanner                   | Sector | XLC: BULLISH
2026-06-24 22:43:52 | WARNING  | scanner                   | Sector check: XLK not found in indicator results
2026-06-24 22:43:52 | WARNING  | scanner                   | Sector check: XLF not found in indicator results
2026-06-24 22:43:52 | WARNING  | scanner                   | Sector check: XLE not found in indicator results
2026-06-24 22:43:52 | WARNING  | scanner                   | Sector check: XLV not found in indicator results
2026-06-24 22:43:52 | WARNING  | scanner                   | Sector check: XLI not found in indicator results
2026-06-24 22:43:52 | WARNING  | scanner                   | Sector check: XLY not found in indicator results
2026-06-24 22:43:52 | WARNING  | scanner                   | Sector check: XLP not found in indicator results
2026-06-24 22:43:52 | WARNING  | scanner                   | Sector check: XLU not found in indicator results
2026-06-24 22:43:52 | WARNING  | scanner                   | Sector check: XLB not found in indicator results
2026-06-24 22:43:52 | WARNING  | scanner                   | Sector check: XLRE not found in indicator results
2026-06-24 22:43:52 | WARNING  | scanner                   | Sector check: XLC not found in indicator results
2026-06-24 22:43:52 | INFO     | scanner                   | Sector | XLK: BULLISH
2026-06-24 22:43:52 | INFO     | scanner                   | Sector | XLF: BEARISH
2026-06-24 22:43:52 | INFO     | scanner                   | Sector | XLE: BULLISH
2026-06-24 22:43:52 | INFO     | scanner                   | Sector | XLV: BULLISH
2026-06-24 22:43:52 | INFO     | scanner                   | Sector | XLI: BEARISH
2026-06-24 22:43:52 | INFO     | scanner                   | Sector | XLY: BEARISH
2026-06-24 22:43:52 | INFO     | scanner                   | Sector | XLP: BULLISH
2026-06-24 22:43:52 | INFO     | scanner                   | Sector | XLU: BEARISH
2026-06-24 22:43:52 | INFO     | scanner                   | Sector | XLB: BEARISH
2026-06-24 22:43:52 | INFO     | scanner                   | Sector | XLRE: BEARISH
2026-06-24 22:43:52 | INFO     | scanner                   | Sector | XLC: BULLISH
2026-06-24 22:43:52 | WARNING  | scanner                   | Sector check: XLK not found in indicator results
2026-06-24 22:43:52 | WARNING  | scanner                   | Sector check: XLF not found in indicator results
2026-06-24 22:43:52 | WARNING  | scanner                   | Sector check: XLE not found in indicator results
2026-06-24 22:43:52 | WARNING  | scanner                   | Sector check: XLV not found in indicator results
2026-06-24 22:43:52 | WARNING  | scanner                   | Sector check: XLI not found in indicator results
2026-06-24 22:43:52 | WARNING  | scanner                   | Sector check: XLY not found in indicator results
2026-06-24 22:43:52 | WARNING  | scanner                   | Sector check: XLP not found in indicator results
2026-06-24 22:43:52 | WARNING  | scanner                   | Sector check: XLU not found in indicator results
2026-06-24 22:43:52 | WARNING  | scanner                   | Sector check: XLB not found in indicator results
2026-06-24 22:43:52 | WARNING  | scanner                   | Sector check: XLRE not found in indicator results
2026-06-24 22:43:52 | WARNING  | scanner                   | Sector check: XLC not found in indicator results
2026-06-24 22:43:52 | INFO     | scanner                   | Sector | XLK: BULLISH
2026-06-24 22:43:52 | INFO     | scanner                   | Sector | XLF: BEARISH
2026-06-24 22:43:52 | INFO     | scanner                   | Sector | XLE: BULLISH
2026-06-24 22:43:52 | INFO     | scanner                   | Sector | XLV: BULLISH
2026-06-24 22:43:52 | INFO     | scanner                   | Sector | XLI: BEARISH
2026-06-24 22:43:52 | INFO     | scanner                   | Sector | XLY: BEARISH
2026-06-24 22:43:52 | INFO     | scanner                   | Sector | XLP: BULLISH
2026-06-24 22:43:52 | INFO     | scanner                   | Sector | XLU: BEARISH
2026-06-24 22:43:52 | INFO     | scanner                   | Sector | XLB: BEARISH
2026-06-24 22:43:52 | INFO     | scanner                   | Sector | XLRE: BEARISH
2026-06-24 22:43:52 | INFO     | scanner                   | Sector | XLC: BULLISH
2026-06-24 22:43:52 | WARNING  | scanner                   | Sector check: XLK not found in indicator results
2026-06-24 22:43:52 | WARNING  | scanner                   | Sector check: XLF not found in indicator results
2026-06-24 22:43:52 | WARNING  | scanner                   | Sector check: XLE not found in indicator results
2026-06-24 22:43:52 | WARNING  | scanner                   | Sector check: XLV not found in indicator results
2026-06-24 22:43:52 | WARNING  | scanner                   | Sector check: XLI not found in indicator results
2026-06-24 22:43:52 | WARNING  | scanner                   | Sector check: XLY not found in indicator results
2026-06-24 22:43:52 | WARNING  | scanner                   | Sector check: XLP not found in indicator results
2026-06-24 22:43:52 | WARNING  | scanner                   | Sector check: XLU not found in indicator results
2026-06-24 22:43:52 | WARNING  | scanner                   | Sector check: XLB not found in indicator results
2026-06-24 22:43:52 | WARNING  | scanner                   | Sector check: XLRE not found in indicator results
2026-06-24 22:43:52 | WARNING  | scanner                   | Sector check: XLC not found in indicator results
2026-06-24 22:43:52 | INFO     | scanner                   | Sector | XLK: BULLISH
2026-06-24 22:43:52 | INFO     | scanner                   | Sector | XLF: BEARISH
2026-06-24 22:43:52 | INFO     | scanner                   | Sector | XLE: BULLISH
2026-06-24 22:43:52 | INFO     | scanner                   | Sector | XLV: BULLISH
2026-06-24 22:43:52 | INFO     | scanner                   | Sector | XLI: BEARISH
2026-06-24 22:43:52 | INFO     | scanner                   | Sector | XLY: BEARISH
2026-06-24 22:43:52 | INFO     | scanner                   | Sector | XLP: BULLISH
2026-06-24 22:43:52 | INFO     | scanner                   | Sector | XLU: BEARISH
2026-06-24 22:43:52 | INFO     | scanner                   | Sector | XLB: BEARISH
2026-06-24 22:43:52 | INFO     | scanner                   | Sector | XLRE: BEARISH
2026-06-24 22:43:52 | INFO     | scanner                   | Sector | XLC: BULLISH
2026-06-24 22:43:52 | WARNING  | scanner                   | Sector check: XLK not found in indicator results
2026-06-24 22:43:52 | WARNING  | scanner                   | Sector check: XLF not found in indicator results
2026-06-24 22:43:52 | WARNING  | scanner                   | Sector check: XLE not found in indicator results
2026-06-24 22:43:52 | WARNING  | scanner                   | Sector check: XLV not found in indicator results
2026-06-24 22:43:52 | WARNING  | scanner                   | Sector check: XLI not found in indicator results
2026-06-24 22:43:52 | WARNING  | scanner                   | Sector check: XLY not found in indicator results
2026-06-24 22:43:52 | WARNING  | scanner                   | Sector check: XLP not found in indicator results
2026-06-24 22:43:52 | WARNING  | scanner                   | Sector check: XLU not found in indicator results
2026-06-24 22:43:52 | WARNING  | scanner                   | Sector check: XLB not found in indicator results
2026-06-24 22:43:52 | WARNING  | scanner                   | Sector check: XLRE not found in indicator results
2026-06-24 22:43:52 | WARNING  | scanner                   | Sector check: XLC not found in indicator results
2026-06-24 22:43:52 | INFO     | scanner                   | Sector | XLK: BULLISH
2026-06-24 22:43:52 | INFO     | scanner                   | Sector | XLF: BEARISH
2026-06-24 22:43:52 | INFO     | scanner                   | Sector | XLE: BULLISH
2026-06-24 22:43:52 | INFO     | scanner                   | Sector | XLV: BULLISH
2026-06-24 22:43:52 | INFO     | scanner                   | Sector | XLI: BEARISH
2026-06-24 22:43:52 | INFO     | scanner                   | Sector | XLY: BEARISH
2026-06-24 22:43:52 | INFO     | scanner                   | Sector | XLP: BULLISH
2026-06-24 22:43:52 | INFO     | scanner                   | Sector | XLU: BEARISH
2026-06-24 22:43:52 | INFO     | scanner                   | Sector | XLB: BEARISH
2026-06-24 22:43:52 | INFO     | scanner                   | Sector | XLRE: BEARISH
2026-06-24 22:43:52 | INFO     | scanner                   | Sector | XLC: BEARISH
2026-06-24 22:43:52 | WARNING  | scanner                   | Sector check: XLK not found in indicator results
2026-06-24 22:43:52 | WARNING  | scanner                   | Sector check: XLF not found in indicator results
2026-06-24 22:43:52 | WARNING  | scanner                   | Sector check: XLE not found in indicator results
2026-06-24 22:43:52 | WARNING  | scanner                   | Sector check: XLV not found in indicator results
2026-06-24 22:43:52 | WARNING  | scanner                   | Sector check: XLI not found in indicator results
2026-06-24 22:43:52 | WARNING  | scanner                   | Sector check: XLY not found in indicator results
2026-06-24 22:43:52 | WARNING  | scanner                   | Sector check: XLP not found in indicator results
2026-06-24 22:43:52 | WARNING  | scanner                   | Sector check: XLU not found in indicator results
2026-06-24 22:43:52 | WARNING  | scanner                   | Sector check: XLB not found in indicator results
2026-06-24 22:43:52 | WARNING  | scanner                   | Sector check: XLRE not found in indicator results
2026-06-24 22:43:52 | WARNING  | scanner                   | Sector check: XLC not found in indicator results
2026-06-24 22:43:52 | INFO     | scanner                   | Sector | XLK: BULLISH
2026-06-24 22:43:52 | INFO     | scanner                   | Sector | XLF: BEARISH
2026-06-24 22:43:52 | INFO     | scanner                   | Sector | XLE: BULLISH
2026-06-24 22:43:52 | INFO     | scanner                   | Sector | XLV: BULLISH
2026-06-24 22:43:52 | INFO     | scanner                   | Sector | XLI: BEARISH
2026-06-24 22:43:52 | INFO     | scanner                   | Sector | XLY: BEARISH
2026-06-24 22:43:52 | INFO     | scanner                   | Sector | XLP: BULLISH
2026-06-24 22:43:52 | INFO     | scanner                   | Sector | XLU: BEARISH
2026-06-24 22:43:52 | INFO     | scanner                   | Sector | XLB: BEARISH
2026-06-24 22:43:52 | INFO     | scanner                   | Sector | XLRE: BEARISH
2026-06-24 22:43:52 | INFO     | scanner                   | Sector | XLC: BEARISH
2026-06-24 22:43:52 | WARNING  | scanner                   | Sector check: XLK not found in indicator results
2026-06-24 22:43:52 | WARNING  | scanner                   | Sector check: XLF not found in indicator results
2026-06-24 22:43:52 | WARNING  | scanner                   | Sector check: XLE not found in indicator results
2026-06-24 22:43:52 | WARNING  | scanner                   | Sector check: XLV not found in indicator results
2026-06-24 22:43:52 | WARNING  | scanner                   | Sector check: XLI not found in indicator results
2026-06-24 22:43:52 | WARNING  | scanner                   | Sector check: XLY not found in indicator results
2026-06-24 22:43:52 | WARNING  | scanner                   | Sector check: XLP not found in indicator results
2026-06-24 22:43:52 | WARNING  | scanner                   | Sector check: XLU not found in indicator results
2026-06-24 22:43:52 | WARNING  | scanner                   | Sector check: XLB not found in indicator results
2026-06-24 22:43:52 | WARNING  | scanner                   | Sector check: XLRE not found in indicator results
2026-06-24 22:43:52 | WARNING  | scanner                   | Sector check: XLC not found in indicator results
2026-06-24 22:43:52 | INFO     | scanner                   | Sector | XLK: BULLISH
2026-06-24 22:43:52 | INFO     | scanner                   | Sector | XLF: BEARISH
2026-06-24 22:43:52 | INFO     | scanner                   | Sector | XLE: BULLISH
2026-06-24 22:43:52 | INFO     | scanner                   | Sector | XLV: BULLISH
2026-06-24 22:43:52 | INFO     | scanner                   | Sector | XLI: BEARISH
2026-06-24 22:43:52 | INFO     | scanner                   | Sector | XLY: BEARISH
2026-06-24 22:43:52 | INFO     | scanner                   | Sector | XLP: BULLISH
2026-06-24 22:43:52 | INFO     | scanner                   | Sector | XLU: BEARISH
2026-06-24 22:43:52 | INFO     | scanner                   | Sector | XLB: BEARISH
2026-06-24 22:43:52 | INFO     | scanner                   | Sector | XLRE: BEARISH
2026-06-24 22:43:52 | INFO     | scanner                   | Sector | XLC: BEARISH
2026-06-24 22:43:52 | WARNING  | scanner                   | Sector check: XLK not found in indicator results
2026-06-24 22:43:52 | WARNING  | scanner                   | Sector check: XLF not found in indicator results
2026-06-24 22:43:52 | WARNING  | scanner                   | Sector check: XLE not found in indicator results
2026-06-24 22:43:52 | WARNING  | scanner                   | Sector check: XLV not found in indicator results
2026-06-24 22:43:52 | WARNING  | scanner                   | Sector check: XLI not found in indicator results
2026-06-24 22:43:52 | WARNING  | scanner                   | Sector check: XLY not found in indicator results
2026-06-24 22:43:52 | WARNING  | scanner                   | Sector check: XLP not found in indicator results
2026-06-24 22:43:52 | WARNING  | scanner                   | Sector check: XLU not found in indicator results
2026-06-24 22:43:52 | WARNING  | scanner                   | Sector check: XLB not found in indicator results
2026-06-24 22:43:52 | WARNING  | scanner                   | Sector check: XLRE not found in indicator results
2026-06-24 22:43:52 | WARNING  | scanner                   | Sector check: XLC not found in indicator results
2026-06-24 22:43:52 | INFO     | scanner                   | Sector | XLK: BULLISH
2026-06-24 22:43:52 | INFO     | scanner                   | Sector | XLF: BEARISH
2026-06-24 22:43:52 | INFO     | scanner                   | Sector | XLE: BULLISH
2026-06-24 22:43:52 | INFO     | scanner                   | Sector | XLV: BULLISH
2026-06-24 22:43:52 | INFO     | scanner                   | Sector | XLI: BEARISH
2026-06-24 22:43:52 | INFO     | scanner                   | Sector | XLY: BEARISH
2026-06-24 22:43:52 | INFO     | scanner                   | Sector | XLP: BULLISH
2026-06-24 22:43:52 | INFO     | scanner                   | Sector | XLU: BEARISH
2026-06-24 22:43:52 | INFO     | scanner                   | Sector | XLB: BEARISH
2026-06-24 22:43:52 | INFO     | scanner                   | Sector | XLRE: BEARISH
2026-06-24 22:43:52 | INFO     | scanner                   | Sector | XLC: BEARISH
2026-06-24 22:43:52 | WARNING  | scanner                   | Sector check: XLK not found in indicator results
2026-06-24 22:43:52 | WARNING  | scanner                   | Sector check: XLF not found in indicator results
2026-06-24 22:43:52 | WARNING  | scanner                   | Sector check: XLE not found in indicator results
2026-06-24 22:43:52 | WARNING  | scanner                   | Sector check: XLV not found in indicator results
2026-06-24 22:43:52 | WARNING  | scanner                   | Sector check: XLI not found in indicator results
2026-06-24 22:43:52 | WARNING  | scanner                   | Sector check: XLY not found in indicator results
2026-06-24 22:43:52 | WARNING  | scanner                   | Sector check: XLP not found in indicator results
2026-06-24 22:43:52 | WARNING  | scanner                   | Sector check: XLU not found in indicator results
2026-06-24 22:43:52 | WARNING  | scanner                   | Sector check: XLB not found in indicator results
2026-06-24 22:43:52 | WARNING  | scanner                   | Sector check: XLRE not found in indicator results
2026-06-24 22:43:52 | WARNING  | scanner                   | Sector check: XLC not found in indicator results
2026-06-24 22:43:52 | INFO     | scanner                   | Sector | XLK: BULLISH
2026-06-24 22:43:52 | INFO     | scanner                   | Sector | XLF: BEARISH
2026-06-24 22:43:52 | INFO     | scanner                   | Sector | XLE: BULLISH
2026-06-24 22:43:52 | INFO     | scanner                   | Sector | XLV: BULLISH
2026-06-24 22:43:52 | INFO     | scanner                   | Sector | XLI: BEARISH
2026-06-24 22:43:52 | INFO     | scanner                   | Sector | XLY: BEARISH
2026-06-24 22:43:52 | INFO     | scanner                   | Sector | XLP: BULLISH
2026-06-24 22:43:52 | INFO     | scanner                   | Sector | XLU: BEARISH
2026-06-24 22:43:52 | INFO     | scanner                   | Sector | XLB: BEARISH
2026-06-24 22:43:52 | INFO     | scanner                   | Sector | XLRE: BEARISH
2026-06-24 22:43:52 | INFO     | scanner                   | Sector | XLC: BEARISH
2026-06-24 22:43:52 | WARNING  | scanner                   | Sector check: XLK not found in indicator results
2026-06-24 22:43:52 | WARNING  | scanner                   | Sector check: XLF not found in indicator results
2026-06-24 22:43:52 | WARNING  | scanner                   | Sector check: XLE not found in indicator results
2026-06-24 22:43:52 | WARNING  | scanner                   | Sector check: XLV not found in indicator results
2026-06-24 22:43:52 | WARNING  | scanner                   | Sector check: XLI not found in indicator results
2026-06-24 22:43:52 | WARNING  | scanner                   | Sector check: XLY not found in indicator results
2026-06-24 22:43:52 | WARNING  | scanner                   | Sector check: XLP not found in indicator results
2026-06-24 22:43:52 | WARNING  | scanner                   | Sector check: XLU not found in indicator results
2026-06-24 22:43:52 | WARNING  | scanner                   | Sector check: XLB not found in indicator results
2026-06-24 22:43:52 | WARNING  | scanner                   | Sector check: XLRE not found in indicator results
2026-06-24 22:43:52 | WARNING  | scanner                   | Sector check: XLC not found in indicator results
2026-06-24 22:43:52 | INFO     | scanner                   | Sector | XLK: BULLISH
2026-06-24 22:43:52 | INFO     | scanner                   | Sector | XLF: BEARISH
2026-06-24 22:43:52 | INFO     | scanner                   | Sector | XLE: BULLISH
2026-06-24 22:43:52 | INFO     | scanner                   | Sector | XLV: BULLISH
2026-06-24 22:43:52 | INFO     | scanner                   | Sector | XLI: BEARISH
2026-06-24 22:43:52 | INFO     | scanner                   | Sector | XLY: BEARISH
2026-06-24 22:43:52 | INFO     | scanner                   | Sector | XLP: BULLISH
2026-06-24 22:43:52 | INFO     | scanner                   | Sector | XLU: BEARISH
2026-06-24 22:43:52 | INFO     | scanner                   | Sector | XLB: BEARISH
2026-06-24 22:43:52 | INFO     | scanner                   | Sector | XLRE: BEARISH
2026-06-24 22:43:52 | INFO     | scanner                   | Sector | XLC: BEARISH
2026-06-24 22:43:52 | WARNING  | scanner                   | Sector check: XLK not found in indicator results
2026-06-24 22:43:52 | WARNING  | scanner                   | Sector check: XLF not found in indicator results
2026-06-24 22:43:52 | WARNING  | scanner                   | Sector check: XLE not found in indicator results
2026-06-24 22:43:52 | WARNING  | scanner                   | Sector check: XLV not found in indicator results
2026-06-24 22:43:52 | WARNING  | scanner                   | Sector check: XLI not found in indicator results
2026-06-24 22:43:52 | WARNING  | scanner                   | Sector check: XLY not found in indicator results
2026-06-24 22:43:52 | WARNING  | scanner                   | Sector check: XLP not found in indicator results
2026-06-24 22:43:52 | WARNING  | scanner                   | Sector check: XLU not found in indicator results
2026-06-24 22:43:52 | WARNING  | scanner                   | Sector check: XLB not found in indicator results
2026-06-24 22:43:52 | WARNING  | scanner                   | Sector check: XLRE not found in indicator results
2026-06-24 22:43:52 | WARNING  | scanner                   | Sector check: XLC not found in indicator results
2026-06-24 22:43:52 | INFO     | scanner                   | Sector | XLK: BULLISH
2026-06-24 22:43:52 | INFO     | scanner                   | Sector | XLF: BEARISH
2026-06-24 22:43:52 | INFO     | scanner                   | Sector | XLE: BULLISH
2026-06-24 22:43:52 | INFO     | scanner                   | Sector | XLV: BULLISH
2026-06-24 22:43:52 | INFO     | scanner                   | Sector | XLI: BEARISH
2026-06-24 22:43:52 | INFO     | scanner                   | Sector | XLY: BEARISH
2026-06-24 22:43:52 | INFO     | scanner                   | Sector | XLP: BULLISH
2026-06-24 22:43:52 | INFO     | scanner                   | Sector | XLU: BEARISH
2026-06-24 22:43:52 | INFO     | scanner                   | Sector | XLB: BEARISH
2026-06-24 22:43:52 | INFO     | scanner                   | Sector | XLRE: BEARISH
2026-06-24 22:43:52 | INFO     | scanner                   | Sector | XLC: BEARISH
2026-06-24 22:43:52 | WARNING  | scanner                   | Sector check: XLK not found in indicator results
2026-06-24 22:43:52 | WARNING  | scanner                   | Sector check: XLF not found in indicator results
2026-06-24 22:43:52 | WARNING  | scanner                   | Sector check: XLE not found in indicator results
2026-06-24 22:43:52 | WARNING  | scanner                   | Sector check: XLV not found in indicator results
2026-06-24 22:43:52 | WARNING  | scanner                   | Sector check: XLI not found in indicator results
2026-06-24 22:43:52 | WARNING  | scanner                   | Sector check: XLY not found in indicator results
2026-06-24 22:43:52 | WARNING  | scanner                   | Sector check: XLP not found in indicator results
2026-06-24 22:43:52 | WARNING  | scanner                   | Sector check: XLU not found in indicator results
2026-06-24 22:43:52 | WARNING  | scanner                   | Sector check: XLB not found in indicator results
2026-06-24 22:43:52 | WARNING  | scanner                   | Sector check: XLRE not found in indicator results
2026-06-24 22:43:52 | WARNING  | scanner                   | Sector check: XLC not found in indicator results
2026-06-24 22:43:52 | INFO     | scanner                   | Sector | XLK: BULLISH
2026-06-24 22:43:52 | INFO     | scanner                   | Sector | XLF: BEARISH
2026-06-24 22:43:52 | INFO     | scanner                   | Sector | XLE: BULLISH
2026-06-24 22:43:52 | INFO     | scanner                   | Sector | XLV: BULLISH
2026-06-24 22:43:52 | INFO     | scanner                   | Sector | XLI: BEARISH
2026-06-24 22:43:52 | INFO     | scanner                   | Sector | XLY: BEARISH
2026-06-24 22:43:52 | INFO     | scanner                   | Sector | XLP: BULLISH
2026-06-24 22:43:52 | INFO     | scanner                   | Sector | XLU: BEARISH
2026-06-24 22:43:52 | INFO     | scanner                   | Sector | XLB: BEARISH
2026-06-24 22:43:52 | INFO     | scanner                   | Sector | XLRE: BEARISH
2026-06-24 22:43:52 | INFO     | scanner                   | Sector | XLC: BEARISH
2026-06-24 22:43:52 | WARNING  | scanner                   | Sector check: XLK not found in indicator results
2026-06-24 22:43:52 | WARNING  | scanner                   | Sector check: XLF not found in indicator results
2026-06-24 22:43:52 | WARNING  | scanner                   | Sector check: XLE not found in indicator results
2026-06-24 22:43:52 | WARNING  | scanner                   | Sector check: XLV not found in indicator results
2026-06-24 22:43:52 | WARNING  | scanner                   | Sector check: XLI not found in indicator results
2026-06-24 22:43:52 | WARNING  | scanner                   | Sector check: XLY not found in indicator results
2026-06-24 22:43:52 | WARNING  | scanner                   | Sector check: XLP not found in indicator results
2026-06-24 22:43:52 | WARNING  | scanner                   | Sector check: XLU not found in indicator results
2026-06-24 22:43:52 | WARNING  | scanner                   | Sector check: XLB not found in indicator results
2026-06-24 22:43:52 | WARNING  | scanner                   | Sector check: XLRE not found in indicator results
2026-06-24 22:43:52 | WARNING  | scanner                   | Sector check: XLC not found in indicator results
2026-06-24 22:43:53 | INFO     | scanner                   | Sector | XLK: BULLISH
2026-06-24 22:43:53 | INFO     | scanner                   | Sector | XLF: BEARISH
2026-06-24 22:43:53 | INFO     | scanner                   | Sector | XLE: BULLISH
2026-06-24 22:43:53 | INFO     | scanner                   | Sector | XLV: BULLISH
2026-06-24 22:43:53 | INFO     | scanner                   | Sector | XLI: BEARISH
2026-06-24 22:43:53 | INFO     | scanner                   | Sector | XLY: BEARISH
2026-06-24 22:43:53 | INFO     | scanner                   | Sector | XLP: BULLISH
2026-06-24 22:43:53 | INFO     | scanner                   | Sector | XLU: BEARISH
2026-06-24 22:43:53 | INFO     | scanner                   | Sector | XLB: BEARISH
2026-06-24 22:43:53 | INFO     | scanner                   | Sector | XLRE: BEARISH
2026-06-24 22:43:53 | INFO     | scanner                   | Sector | XLC: BEARISH
2026-06-24 22:43:53 | WARNING  | scanner                   | Sector check: XLK not found in indicator results
2026-06-24 22:43:53 | WARNING  | scanner                   | Sector check: XLF not found in indicator results
2026-06-24 22:43:53 | WARNING  | scanner                   | Sector check: XLE not found in indicator results
2026-06-24 22:43:53 | WARNING  | scanner                   | Sector check: XLV not found in indicator results
2026-06-24 22:43:53 | WARNING  | scanner                   | Sector check: XLI not found in indicator results
2026-06-24 22:43:53 | WARNING  | scanner                   | Sector check: XLY not found in indicator results
2026-06-24 22:43:53 | WARNING  | scanner                   | Sector check: XLP not found in indicator results
2026-06-24 22:43:53 | WARNING  | scanner                   | Sector check: XLU not found in indicator results
2026-06-24 22:43:53 | WARNING  | scanner                   | Sector check: XLB not found in indicator results
2026-06-24 22:43:53 | WARNING  | scanner                   | Sector check: XLRE not found in indicator results
2026-06-24 22:43:53 | WARNING  | scanner                   | Sector check: XLC not found in indicator results
2026-06-24 22:43:53 | INFO     | scanner                   | Sector | XLK: BULLISH
2026-06-24 22:43:53 | INFO     | scanner                   | Sector | XLF: BEARISH
2026-06-24 22:43:53 | INFO     | scanner                   | Sector | XLE: BULLISH
2026-06-24 22:43:53 | INFO     | scanner                   | Sector | XLV: BULLISH
2026-06-24 22:43:53 | INFO     | scanner                   | Sector | XLI: BEARISH
2026-06-24 22:43:53 | INFO     | scanner                   | Sector | XLY: BEARISH
2026-06-24 22:43:53 | INFO     | scanner                   | Sector | XLP: BULLISH
2026-06-24 22:43:53 | INFO     | scanner                   | Sector | XLU: BEARISH
2026-06-24 22:43:53 | INFO     | scanner                   | Sector | XLB: BEARISH
2026-06-24 22:43:53 | INFO     | scanner                   | Sector | XLRE: BEARISH
2026-06-24 22:43:53 | INFO     | scanner                   | Sector | XLC: BEARISH
2026-06-24 22:43:53 | WARNING  | scanner                   | Sector check: XLK not found in indicator results
2026-06-24 22:43:53 | WARNING  | scanner                   | Sector check: XLF not found in indicator results
2026-06-24 22:43:53 | WARNING  | scanner                   | Sector check: XLE not found in indicator results
2026-06-24 22:43:53 | WARNING  | scanner                   | Sector check: XLV not found in indicator results
2026-06-24 22:43:53 | WARNING  | scanner                   | Sector check: XLI not found in indicator results
2026-06-24 22:43:53 | WARNING  | scanner                   | Sector check: XLY not found in indicator results
2026-06-24 22:43:53 | WARNING  | scanner                   | Sector check: XLP not found in indicator results
2026-06-24 22:43:53 | WARNING  | scanner                   | Sector check: XLU not found in indicator results
2026-06-24 22:43:53 | WARNING  | scanner                   | Sector check: XLB not found in indicator results
2026-06-24 22:43:53 | WARNING  | scanner                   | Sector check: XLRE not found in indicator results
2026-06-24 22:43:53 | WARNING  | scanner                   | Sector check: XLC not found in indicator results
2026-06-24 22:43:53 | INFO     | scanner                   | Sector | XLK: BULLISH
2026-06-24 22:43:53 | INFO     | scanner                   | Sector | XLF: BEARISH
2026-06-24 22:43:53 | INFO     | scanner                   | Sector | XLE: BULLISH
2026-06-24 22:43:53 | INFO     | scanner                   | Sector | XLV: BULLISH
2026-06-24 22:43:53 | INFO     | scanner                   | Sector | XLI: BEARISH
2026-06-24 22:43:53 | INFO     | scanner                   | Sector | XLY: BEARISH
2026-06-24 22:43:53 | INFO     | scanner                   | Sector | XLP: BULLISH
2026-06-24 22:43:53 | INFO     | scanner                   | Sector | XLU: BEARISH
2026-06-24 22:43:53 | INFO     | scanner                   | Sector | XLB: BEARISH
2026-06-24 22:43:53 | INFO     | scanner                   | Sector | XLRE: BEARISH
2026-06-24 22:43:53 | INFO     | scanner                   | Sector | XLC: BEARISH
2026-06-24 22:43:53 | WARNING  | scanner                   | Sector check: XLK not found in indicator results
2026-06-24 22:43:53 | WARNING  | scanner                   | Sector check: XLF not found in indicator results
2026-06-24 22:43:53 | WARNING  | scanner                   | Sector check: XLE not found in indicator results
2026-06-24 22:43:53 | WARNING  | scanner                   | Sector check: XLV not found in indicator results
2026-06-24 22:43:53 | WARNING  | scanner                   | Sector check: XLI not found in indicator results
2026-06-24 22:43:53 | WARNING  | scanner                   | Sector check: XLY not found in indicator results
2026-06-24 22:43:53 | WARNING  | scanner                   | Sector check: XLP not found in indicator results
2026-06-24 22:43:53 | WARNING  | scanner                   | Sector check: XLU not found in indicator results
2026-06-24 22:43:53 | WARNING  | scanner                   | Sector check: XLB not found in indicator results
2026-06-24 22:43:53 | WARNING  | scanner                   | Sector check: XLRE not found in indicator results
2026-06-24 22:43:53 | WARNING  | scanner                   | Sector check: XLC not found in indicator results
2026-06-24 22:43:53 | INFO     | scanner                   | Sector | XLK: BULLISH
2026-06-24 22:43:53 | INFO     | scanner                   | Sector | XLF: BEARISH
2026-06-24 22:43:53 | INFO     | scanner                   | Sector | XLE: BULLISH
2026-06-24 22:43:53 | INFO     | scanner                   | Sector | XLV: BULLISH
2026-06-24 22:43:53 | INFO     | scanner                   | Sector | XLI: BEARISH
2026-06-24 22:43:53 | INFO     | scanner                   | Sector | XLY: BEARISH
2026-06-24 22:43:53 | INFO     | scanner                   | Sector | XLP: BULLISH
2026-06-24 22:43:53 | INFO     | scanner                   | Sector | XLU: BEARISH
2026-06-24 22:43:53 | INFO     | scanner                   | Sector | XLB: BEARISH
2026-06-24 22:43:53 | INFO     | scanner                   | Sector | XLRE: BEARISH
2026-06-24 22:43:53 | INFO     | scanner                   | Sector | XLC: BEARISH
2026-06-24 22:43:53 | WARNING  | scanner                   | Sector check: XLK not found in indicator results
2026-06-24 22:43:53 | WARNING  | scanner                   | Sector check: XLF not found in indicator results
2026-06-24 22:43:53 | WARNING  | scanner                   | Sector check: XLE not found in indicator results
2026-06-24 22:43:53 | WARNING  | scanner                   | Sector check: XLV not found in indicator results
2026-06-24 22:43:53 | WARNING  | scanner                   | Sector check: XLI not found in indicator results
2026-06-24 22:43:53 | WARNING  | scanner                   | Sector check: XLY not found in indicator results
2026-06-24 22:43:53 | WARNING  | scanner                   | Sector check: XLP not found in indicator results
2026-06-24 22:43:53 | WARNING  | scanner                   | Sector check: XLU not found in indicator results
2026-06-24 22:43:53 | WARNING  | scanner                   | Sector check: XLB not found in indicator results
2026-06-24 22:43:53 | WARNING  | scanner                   | Sector check: XLRE not found in indicator results
2026-06-24 22:43:53 | WARNING  | scanner                   | Sector check: XLC not found in indicator results
2026-06-24 22:43:53 | INFO     | scanner                   | Sector | XLK: BULLISH
2026-06-24 22:43:53 | INFO     | scanner                   | Sector | XLF: BEARISH
2026-06-24 22:43:53 | INFO     | scanner                   | Sector | XLE: BULLISH
2026-06-24 22:43:53 | INFO     | scanner                   | Sector | XLV: BULLISH
2026-06-24 22:43:53 | INFO     | scanner                   | Sector | XLI: BEARISH
2026-06-24 22:43:53 | INFO     | scanner                   | Sector | XLY: BEARISH
2026-06-24 22:43:53 | INFO     | scanner                   | Sector | XLP: BULLISH
2026-06-24 22:43:53 | INFO     | scanner                   | Sector | XLU: BEARISH
2026-06-24 22:43:53 | INFO     | scanner                   | Sector | XLB: BEARISH
2026-06-24 22:43:53 | INFO     | scanner                   | Sector | XLRE: BEARISH
2026-06-24 22:43:53 | INFO     | scanner                   | Sector | XLC: BEARISH
2026-06-24 22:43:53 | WARNING  | scanner                   | Sector check: XLK not found in indicator results
2026-06-24 22:43:53 | WARNING  | scanner                   | Sector check: XLF not found in indicator results
2026-06-24 22:43:53 | WARNING  | scanner                   | Sector check: XLE not found in indicator results
2026-06-24 22:43:53 | WARNING  | scanner                   | Sector check: XLV not found in indicator results
2026-06-24 22:43:53 | WARNING  | scanner                   | Sector check: XLI not found in indicator results
2026-06-24 22:43:53 | WARNING  | scanner                   | Sector check: XLY not found in indicator results
2026-06-24 22:43:53 | WARNING  | scanner                   | Sector check: XLP not found in indicator results
2026-06-24 22:43:53 | WARNING  | scanner                   | Sector check: XLU not found in indicator results
2026-06-24 22:43:53 | WARNING  | scanner                   | Sector check: XLB not found in indicator results
2026-06-24 22:43:53 | WARNING  | scanner                   | Sector check: XLRE not found in indicator results
2026-06-24 22:43:53 | WARNING  | scanner                   | Sector check: XLC not found in indicator results
2026-06-24 22:43:53 | INFO     | scanner                   | Sector | XLK: BULLISH
2026-06-24 22:43:53 | INFO     | scanner                   | Sector | XLF: BEARISH
2026-06-24 22:43:53 | INFO     | scanner                   | Sector | XLE: BULLISH
2026-06-24 22:43:53 | INFO     | scanner                   | Sector | XLV: BULLISH
2026-06-24 22:43:53 | INFO     | scanner                   | Sector | XLI: BEARISH
2026-06-24 22:43:53 | INFO     | scanner                   | Sector | XLY: BEARISH
2026-06-24 22:43:53 | INFO     | scanner                   | Sector | XLP: BULLISH
2026-06-24 22:43:53 | INFO     | scanner                   | Sector | XLU: BEARISH
2026-06-24 22:43:53 | INFO     | scanner                   | Sector | XLB: BEARISH
2026-06-24 22:43:53 | INFO     | scanner                   | Sector | XLRE: BEARISH
2026-06-24 22:43:53 | INFO     | scanner                   | Sector | XLC: BEARISH
2026-06-24 22:43:53 | WARNING  | scanner                   | Sector check: XLK not found in indicator results
2026-06-24 22:43:53 | WARNING  | scanner                   | Sector check: XLF not found in indicator results
2026-06-24 22:43:53 | WARNING  | scanner                   | Sector check: XLE not found in indicator results
2026-06-24 22:43:53 | WARNING  | scanner                   | Sector check: XLV not found in indicator results
2026-06-24 22:43:53 | WARNING  | scanner                   | Sector check: XLI not found in indicator results
2026-06-24 22:43:53 | WARNING  | scanner                   | Sector check: XLY not found in indicator results
2026-06-24 22:43:53 | WARNING  | scanner                   | Sector check: XLP not found in indicator results
2026-06-24 22:43:53 | WARNING  | scanner                   | Sector check: XLU not found in indicator results
2026-06-24 22:43:53 | WARNING  | scanner                   | Sector check: XLB not found in indicator results
2026-06-24 22:43:53 | WARNING  | scanner                   | Sector check: XLRE not found in indicator results
2026-06-24 22:43:53 | WARNING  | scanner                   | Sector check: XLC not found in indicator results
2026-06-24 22:43:53 | INFO     | scanner                   | Sector | XLK: BULLISH
2026-06-24 22:43:53 | INFO     | scanner                   | Sector | XLF: BULLISH
2026-06-24 22:43:53 | INFO     | scanner                   | Sector | XLE: BULLISH
2026-06-24 22:43:53 | INFO     | scanner                   | Sector | XLV: BULLISH
2026-06-24 22:43:53 | INFO     | scanner                   | Sector | XLI: BEARISH
2026-06-24 22:43:53 | INFO     | scanner                   | Sector | XLY: BEARISH
2026-06-24 22:43:53 | INFO     | scanner                   | Sector | XLP: BULLISH
2026-06-24 22:43:53 | INFO     | scanner                   | Sector | XLU: BEARISH
2026-06-24 22:43:53 | INFO     | scanner                   | Sector | XLB: BEARISH
2026-06-24 22:43:53 | INFO     | scanner                   | Sector | XLRE: BEARISH
2026-06-24 22:43:53 | INFO     | scanner                   | Sector | XLC: BEARISH
2026-06-24 22:43:53 | WARNING  | scanner                   | Sector check: XLK not found in indicator results
2026-06-24 22:43:53 | WARNING  | scanner                   | Sector check: XLF not found in indicator results
2026-06-24 22:43:53 | WARNING  | scanner                   | Sector check: XLE not found in indicator results
2026-06-24 22:43:53 | WARNING  | scanner                   | Sector check: XLV not found in indicator results
2026-06-24 22:43:53 | WARNING  | scanner                   | Sector check: XLI not found in indicator results
2026-06-24 22:43:53 | WARNING  | scanner                   | Sector check: XLY not found in indicator results
2026-06-24 22:43:53 | WARNING  | scanner                   | Sector check: XLP not found in indicator results
2026-06-24 22:43:53 | WARNING  | scanner                   | Sector check: XLU not found in indicator results
2026-06-24 22:43:53 | WARNING  | scanner                   | Sector check: XLB not found in indicator results
2026-06-24 22:43:53 | WARNING  | scanner                   | Sector check: XLRE not found in indicator results
2026-06-24 22:43:53 | WARNING  | scanner                   | Sector check: XLC not found in indicator results
2026-06-24 22:43:53 | INFO     | scanner                   | Sector | XLK: BULLISH
2026-06-24 22:43:53 | INFO     | scanner                   | Sector | XLF: BULLISH
2026-06-24 22:43:53 | INFO     | scanner                   | Sector | XLE: BULLISH
2026-06-24 22:43:53 | INFO     | scanner                   | Sector | XLV: BULLISH
2026-06-24 22:43:53 | INFO     | scanner                   | Sector | XLI: BEARISH
2026-06-24 22:43:53 | INFO     | scanner                   | Sector | XLY: BEARISH
2026-06-24 22:43:53 | INFO     | scanner                   | Sector | XLP: BULLISH
2026-06-24 22:43:53 | INFO     | scanner                   | Sector | XLU: BEARISH
2026-06-24 22:43:53 | INFO     | scanner                   | Sector | XLB: BEARISH
2026-06-24 22:43:53 | INFO     | scanner                   | Sector | XLRE: BEARISH
2026-06-24 22:43:53 | INFO     | scanner                   | Sector | XLC: BEARISH
2026-06-24 22:43:53 | WARNING  | scanner                   | Sector check: XLK not found in indicator results
2026-06-24 22:43:53 | WARNING  | scanner                   | Sector check: XLF not found in indicator results
2026-06-24 22:43:53 | WARNING  | scanner                   | Sector check: XLE not found in indicator results
2026-06-24 22:43:53 | WARNING  | scanner                   | Sector check: XLV not found in indicator results
2026-06-24 22:43:53 | WARNING  | scanner                   | Sector check: XLI not found in indicator results
2026-06-24 22:43:53 | WARNING  | scanner                   | Sector check: XLY not found in indicator results
2026-06-24 22:43:53 | WARNING  | scanner                   | Sector check: XLP not found in indicator results
2026-06-24 22:43:53 | WARNING  | scanner                   | Sector check: XLU not found in indicator results
2026-06-24 22:43:53 | WARNING  | scanner                   | Sector check: XLB not found in indicator results
2026-06-24 22:43:53 | WARNING  | scanner                   | Sector check: XLRE not found in indicator results
2026-06-24 22:43:53 | WARNING  | scanner                   | Sector check: XLC not found in indicator results
2026-06-24 22:43:53 | INFO     | scanner                   | Sector | XLK: BULLISH
2026-06-24 22:43:53 | INFO     | scanner                   | Sector | XLF: BULLISH
2026-06-24 22:43:53 | INFO     | scanner                   | Sector | XLE: BULLISH
2026-06-24 22:43:53 | INFO     | scanner                   | Sector | XLV: BULLISH
2026-06-24 22:43:53 | INFO     | scanner                   | Sector | XLI: BEARISH
2026-06-24 22:43:53 | INFO     | scanner                   | Sector | XLY: BEARISH
2026-06-24 22:43:53 | INFO     | scanner                   | Sector | XLP: BULLISH
2026-06-24 22:43:53 | INFO     | scanner                   | Sector | XLU: BEARISH
2026-06-24 22:43:53 | INFO     | scanner                   | Sector | XLB: BEARISH
2026-06-24 22:43:53 | INFO     | scanner                   | Sector | XLRE: BEARISH
2026-06-24 22:43:53 | INFO     | scanner                   | Sector | XLC: BEARISH
2026-06-24 22:43:53 | WARNING  | scanner                   | Sector check: XLK not found in indicator results
2026-06-24 22:43:53 | WARNING  | scanner                   | Sector check: XLF not found in indicator results
2026-06-24 22:43:53 | WARNING  | scanner                   | Sector check: XLE not found in indicator results
2026-06-24 22:43:53 | WARNING  | scanner                   | Sector check: XLV not found in indicator results
2026-06-24 22:43:53 | WARNING  | scanner                   | Sector check: XLI not found in indicator results
2026-06-24 22:43:53 | WARNING  | scanner                   | Sector check: XLY not found in indicator results
2026-06-24 22:43:53 | WARNING  | scanner                   | Sector check: XLP not found in indicator results
2026-06-24 22:43:53 | WARNING  | scanner                   | Sector check: XLU not found in indicator results
2026-06-24 22:43:53 | WARNING  | scanner                   | Sector check: XLB not found in indicator results
2026-06-24 22:43:53 | WARNING  | scanner                   | Sector check: XLRE not found in indicator results
2026-06-24 22:43:53 | WARNING  | scanner                   | Sector check: XLC not found in indicator results
2026-06-24 22:43:53 | INFO     | scanner                   | Sector | XLK: BULLISH
2026-06-24 22:43:53 | INFO     | scanner                   | Sector | XLF: BULLISH
2026-06-24 22:43:53 | INFO     | scanner                   | Sector | XLE: BULLISH
2026-06-24 22:43:53 | INFO     | scanner                   | Sector | XLV: BULLISH
2026-06-24 22:43:53 | INFO     | scanner                   | Sector | XLI: BEARISH
2026-06-24 22:43:53 | INFO     | scanner                   | Sector | XLY: BEARISH
2026-06-24 22:43:53 | INFO     | scanner                   | Sector | XLP: BULLISH
2026-06-24 22:43:53 | INFO     | scanner                   | Sector | XLU: BEARISH
2026-06-24 22:43:53 | INFO     | scanner                   | Sector | XLB: BEARISH
2026-06-24 22:43:53 | INFO     | scanner                   | Sector | XLRE: BEARISH
2026-06-24 22:43:53 | INFO     | scanner                   | Sector | XLC: BEARISH
2026-06-24 22:43:53 | WARNING  | scanner                   | Sector check: XLK not found in indicator results
2026-06-24 22:43:53 | WARNING  | scanner                   | Sector check: XLF not found in indicator results
2026-06-24 22:43:53 | WARNING  | scanner                   | Sector check: XLE not found in indicator results
2026-06-24 22:43:53 | WARNING  | scanner                   | Sector check: XLV not found in indicator results
2026-06-24 22:43:53 | WARNING  | scanner                   | Sector check: XLI not found in indicator results
2026-06-24 22:43:53 | WARNING  | scanner                   | Sector check: XLY not found in indicator results
2026-06-24 22:43:53 | WARNING  | scanner                   | Sector check: XLP not found in indicator results
2026-06-24 22:43:53 | WARNING  | scanner                   | Sector check: XLU not found in indicator results
2026-06-24 22:43:53 | WARNING  | scanner                   | Sector check: XLB not found in indicator results
2026-06-24 22:43:53 | WARNING  | scanner                   | Sector check: XLRE not found in indicator results
2026-06-24 22:43:53 | WARNING  | scanner                   | Sector check: XLC not found in indicator results
2026-06-24 22:43:53 | INFO     | scanner                   | Sector | XLK: BULLISH
2026-06-24 22:43:53 | INFO     | scanner                   | Sector | XLF: BULLISH
2026-06-24 22:43:53 | INFO     | scanner                   | Sector | XLE: BULLISH
2026-06-24 22:43:53 | INFO     | scanner                   | Sector | XLV: BULLISH
2026-06-24 22:43:53 | INFO     | scanner                   | Sector | XLI: BEARISH
2026-06-24 22:43:53 | INFO     | scanner                   | Sector | XLY: BEARISH
2026-06-24 22:43:53 | INFO     | scanner                   | Sector | XLP: BULLISH
2026-06-24 22:43:53 | INFO     | scanner                   | Sector | XLU: BEARISH
2026-06-24 22:43:53 | INFO     | scanner                   | Sector | XLB: BEARISH
2026-06-24 22:43:53 | INFO     | scanner                   | Sector | XLRE: BEARISH
2026-06-24 22:43:53 | INFO     | scanner                   | Sector | XLC: BEARISH
2026-06-24 22:43:53 | WARNING  | scanner                   | Sector check: XLK not found in indicator results
2026-06-24 22:43:53 | WARNING  | scanner                   | Sector check: XLF not found in indicator results
2026-06-24 22:43:53 | WARNING  | scanner                   | Sector check: XLE not found in indicator results
2026-06-24 22:43:53 | WARNING  | scanner                   | Sector check: XLV not found in indicator results
2026-06-24 22:43:53 | WARNING  | scanner                   | Sector check: XLI not found in indicator results
2026-06-24 22:43:53 | WARNING  | scanner                   | Sector check: XLY not found in indicator results
2026-06-24 22:43:53 | WARNING  | scanner                   | Sector check: XLP not found in indicator results
2026-06-24 22:43:53 | WARNING  | scanner                   | Sector check: XLU not found in indicator results
2026-06-24 22:43:53 | WARNING  | scanner                   | Sector check: XLB not found in indicator results
2026-06-24 22:43:53 | WARNING  | scanner                   | Sector check: XLRE not found in indicator results
2026-06-24 22:43:53 | WARNING  | scanner                   | Sector check: XLC not found in indicator results
2026-06-24 22:43:53 | INFO     | scanner                   | Sector | XLK: BULLISH
2026-06-24 22:43:53 | INFO     | scanner                   | Sector | XLF: BULLISH
2026-06-24 22:43:53 | INFO     | scanner                   | Sector | XLE: BULLISH
2026-06-24 22:43:53 | INFO     | scanner                   | Sector | XLV: BULLISH
2026-06-24 22:43:53 | INFO     | scanner                   | Sector | XLI: BEARISH
2026-06-24 22:43:53 | INFO     | scanner                   | Sector | XLY: BEARISH
2026-06-24 22:43:53 | INFO     | scanner                   | Sector | XLP: BULLISH
2026-06-24 22:43:53 | INFO     | scanner                   | Sector | XLU: BEARISH
2026-06-24 22:43:53 | INFO     | scanner                   | Sector | XLB: BEARISH
2026-06-24 22:43:53 | INFO     | scanner                   | Sector | XLRE: BEARISH
2026-06-24 22:43:53 | INFO     | scanner                   | Sector | XLC: BEARISH
2026-06-24 22:43:53 | WARNING  | scanner                   | Sector check: XLK not found in indicator results
2026-06-24 22:43:53 | WARNING  | scanner                   | Sector check: XLF not found in indicator results
2026-06-24 22:43:53 | WARNING  | scanner                   | Sector check: XLE not found in indicator results
2026-06-24 22:43:53 | WARNING  | scanner                   | Sector check: XLV not found in indicator results
2026-06-24 22:43:53 | WARNING  | scanner                   | Sector check: XLI not found in indicator results
2026-06-24 22:43:53 | WARNING  | scanner                   | Sector check: XLY not found in indicator results
2026-06-24 22:43:53 | WARNING  | scanner                   | Sector check: XLP not found in indicator results
2026-06-24 22:43:53 | WARNING  | scanner                   | Sector check: XLU not found in indicator results
2026-06-24 22:43:53 | WARNING  | scanner                   | Sector check: XLB not found in indicator results
2026-06-24 22:43:53 | WARNING  | scanner                   | Sector check: XLRE not found in indicator results
2026-06-24 22:43:53 | WARNING  | scanner                   | Sector check: XLC not found in indicator results
2026-06-24 22:43:53 | INFO     | scanner                   | Sector | XLK: BULLISH
2026-06-24 22:43:53 | INFO     | scanner                   | Sector | XLF: BULLISH
2026-06-24 22:43:53 | INFO     | scanner                   | Sector | XLE: BULLISH
2026-06-24 22:43:53 | INFO     | scanner                   | Sector | XLV: BULLISH
2026-06-24 22:43:53 | INFO     | scanner                   | Sector | XLI: BEARISH
2026-06-24 22:43:53 | INFO     | scanner                   | Sector | XLY: BEARISH
2026-06-24 22:43:53 | INFO     | scanner                   | Sector | XLP: BULLISH
2026-06-24 22:43:53 | INFO     | scanner                   | Sector | XLU: BEARISH
2026-06-24 22:43:53 | INFO     | scanner                   | Sector | XLB: BEARISH
2026-06-24 22:43:53 | INFO     | scanner                   | Sector | XLRE: BEARISH
2026-06-24 22:43:53 | INFO     | scanner                   | Sector | XLC: BEARISH
2026-06-24 22:43:53 | WARNING  | scanner                   | Sector check: XLK not found in indicator results
2026-06-24 22:43:53 | WARNING  | scanner                   | Sector check: XLF not found in indicator results
2026-06-24 22:43:53 | WARNING  | scanner                   | Sector check: XLE not found in indicator results
2026-06-24 22:43:53 | WARNING  | scanner                   | Sector check: XLV not found in indicator results
2026-06-24 22:43:53 | WARNING  | scanner                   | Sector check: XLI not found in indicator results
2026-06-24 22:43:53 | WARNING  | scanner                   | Sector check: XLY not found in indicator results
2026-06-24 22:43:53 | WARNING  | scanner                   | Sector check: XLP not found in indicator results
2026-06-24 22:43:53 | WARNING  | scanner                   | Sector check: XLU not found in indicator results
2026-06-24 22:43:53 | WARNING  | scanner                   | Sector check: XLB not found in indicator results
2026-06-24 22:43:53 | WARNING  | scanner                   | Sector check: XLRE not found in indicator results
2026-06-24 22:43:53 | WARNING  | scanner                   | Sector check: XLC not found in indicator results
2026-06-24 22:43:53 | INFO     | scanner                   | Sector | XLK: BULLISH
2026-06-24 22:43:53 | INFO     | scanner                   | Sector | XLF: BULLISH
2026-06-24 22:43:53 | INFO     | scanner                   | Sector | XLE: BULLISH
2026-06-24 22:43:53 | INFO     | scanner                   | Sector | XLV: BULLISH
2026-06-24 22:43:53 | INFO     | scanner                   | Sector | XLI: BEARISH
2026-06-24 22:43:53 | INFO     | scanner                   | Sector | XLY: BEARISH
2026-06-24 22:43:53 | INFO     | scanner                   | Sector | XLP: BULLISH
2026-06-24 22:43:53 | INFO     | scanner                   | Sector | XLU: BEARISH
2026-06-24 22:43:53 | INFO     | scanner                   | Sector | XLB: BEARISH
2026-06-24 22:43:53 | INFO     | scanner                   | Sector | XLRE: BEARISH
2026-06-24 22:43:53 | INFO     | scanner                   | Sector | XLC: BEARISH
2026-06-24 22:43:53 | WARNING  | scanner                   | Sector check: XLK not found in indicator results
2026-06-24 22:43:53 | WARNING  | scanner                   | Sector check: XLF not found in indicator results
2026-06-24 22:43:53 | WARNING  | scanner                   | Sector check: XLE not found in indicator results
2026-06-24 22:43:53 | WARNING  | scanner                   | Sector check: XLV not found in indicator results
2026-06-24 22:43:53 | WARNING  | scanner                   | Sector check: XLI not found in indicator results
2026-06-24 22:43:53 | WARNING  | scanner                   | Sector check: XLY not found in indicator results
2026-06-24 22:43:53 | WARNING  | scanner                   | Sector check: XLP not found in indicator results
2026-06-24 22:43:53 | WARNING  | scanner                   | Sector check: XLU not found in indicator results
2026-06-24 22:43:53 | WARNING  | scanner                   | Sector check: XLB not found in indicator results
2026-06-24 22:43:53 | WARNING  | scanner                   | Sector check: XLRE not found in indicator results
2026-06-24 22:43:53 | WARNING  | scanner                   | Sector check: XLC not found in indicator results
2026-06-24 22:43:53 | INFO     | scanner                   | Sector | XLK: BULLISH
2026-06-24 22:43:53 | INFO     | scanner                   | Sector | XLF: BULLISH
2026-06-24 22:43:53 | INFO     | scanner                   | Sector | XLE: BULLISH
2026-06-24 22:43:53 | INFO     | scanner                   | Sector | XLV: BULLISH
2026-06-24 22:43:53 | INFO     | scanner                   | Sector | XLI: BEARISH
2026-06-24 22:43:53 | INFO     | scanner                   | Sector | XLY: BEARISH
2026-06-24 22:43:53 | INFO     | scanner                   | Sector | XLP: BULLISH
2026-06-24 22:43:53 | INFO     | scanner                   | Sector | XLU: BEARISH
2026-06-24 22:43:53 | INFO     | scanner                   | Sector | XLB: BEARISH
2026-06-24 22:43:53 | INFO     | scanner                   | Sector | XLRE: BEARISH
2026-06-24 22:43:53 | INFO     | scanner                   | Sector | XLC: BEARISH
2026-06-24 22:43:53 | WARNING  | scanner                   | Sector check: XLK not found in indicator results
2026-06-24 22:43:53 | WARNING  | scanner                   | Sector check: XLF not found in indicator results
2026-06-24 22:43:53 | WARNING  | scanner                   | Sector check: XLE not found in indicator results
2026-06-24 22:43:53 | WARNING  | scanner                   | Sector check: XLV not found in indicator results
2026-06-24 22:43:53 | WARNING  | scanner                   | Sector check: XLI not found in indicator results
2026-06-24 22:43:53 | WARNING  | scanner                   | Sector check: XLY not found in indicator results
2026-06-24 22:43:53 | WARNING  | scanner                   | Sector check: XLP not found in indicator results
2026-06-24 22:43:53 | WARNING  | scanner                   | Sector check: XLU not found in indicator results
2026-06-24 22:43:53 | WARNING  | scanner                   | Sector check: XLB not found in indicator results
2026-06-24 22:43:53 | WARNING  | scanner                   | Sector check: XLRE not found in indicator results
2026-06-24 22:43:53 | WARNING  | scanner                   | Sector check: XLC not found in indicator results
2026-06-24 22:43:53 | INFO     | scanner                   | Sector | XLK: BULLISH
2026-06-24 22:43:53 | INFO     | scanner                   | Sector | XLF: BULLISH
2026-06-24 22:43:53 | INFO     | scanner                   | Sector | XLE: BULLISH
2026-06-24 22:43:53 | INFO     | scanner                   | Sector | XLV: BULLISH
2026-06-24 22:43:53 | INFO     | scanner                   | Sector | XLI: BEARISH
2026-06-24 22:43:53 | INFO     | scanner                   | Sector | XLY: BEARISH
2026-06-24 22:43:53 | INFO     | scanner                   | Sector | XLP: BULLISH
2026-06-24 22:43:53 | INFO     | scanner                   | Sector | XLU: BEARISH
2026-06-24 22:43:53 | INFO     | scanner                   | Sector | XLB: BEARISH
2026-06-24 22:43:53 | INFO     | scanner                   | Sector | XLRE: BEARISH
2026-06-24 22:43:53 | INFO     | scanner                   | Sector | XLC: BEARISH
2026-06-24 22:43:53 | WARNING  | scanner                   | Sector check: XLK not found in indicator results
2026-06-24 22:43:53 | WARNING  | scanner                   | Sector check: XLF not found in indicator results
2026-06-24 22:43:53 | WARNING  | scanner                   | Sector check: XLE not found in indicator results
2026-06-24 22:43:53 | WARNING  | scanner                   | Sector check: XLV not found in indicator results
2026-06-24 22:43:53 | WARNING  | scanner                   | Sector check: XLI not found in indicator results
2026-06-24 22:43:53 | WARNING  | scanner                   | Sector check: XLY not found in indicator results
2026-06-24 22:43:53 | WARNING  | scanner                   | Sector check: XLP not found in indicator results
2026-06-24 22:43:53 | WARNING  | scanner                   | Sector check: XLU not found in indicator results
2026-06-24 22:43:53 | WARNING  | scanner                   | Sector check: XLB not found in indicator results
2026-06-24 22:43:53 | WARNING  | scanner                   | Sector check: XLRE not found in indicator results
2026-06-24 22:43:53 | WARNING  | scanner                   | Sector check: XLC not found in indicator results
2026-06-24 22:43:53 | INFO     | scanner                   | Sector | XLK: BULLISH
2026-06-24 22:43:53 | INFO     | scanner                   | Sector | XLF: BULLISH
2026-06-24 22:43:53 | INFO     | scanner                   | Sector | XLE: BULLISH
2026-06-24 22:43:53 | INFO     | scanner                   | Sector | XLV: BULLISH
2026-06-24 22:43:53 | INFO     | scanner                   | Sector | XLI: BEARISH
2026-06-24 22:43:53 | INFO     | scanner                   | Sector | XLY: BEARISH
2026-06-24 22:43:53 | INFO     | scanner                   | Sector | XLP: BULLISH
2026-06-24 22:43:53 | INFO     | scanner                   | Sector | XLU: BEARISH
2026-06-24 22:43:53 | INFO     | scanner                   | Sector | XLB: BEARISH
2026-06-24 22:43:53 | INFO     | scanner                   | Sector | XLRE: BEARISH
2026-06-24 22:43:53 | INFO     | scanner                   | Sector | XLC: BEARISH
2026-06-24 22:43:53 | WARNING  | scanner                   | Sector check: XLK not found in indicator results
2026-06-24 22:43:53 | WARNING  | scanner                   | Sector check: XLF not found in indicator results
2026-06-24 22:43:53 | WARNING  | scanner                   | Sector check: XLE not found in indicator results
2026-06-24 22:43:53 | WARNING  | scanner                   | Sector check: XLV not found in indicator results
2026-06-24 22:43:53 | WARNING  | scanner                   | Sector check: XLI not found in indicator results
2026-06-24 22:43:53 | WARNING  | scanner                   | Sector check: XLY not found in indicator results
2026-06-24 22:43:53 | WARNING  | scanner                   | Sector check: XLP not found in indicator results
2026-06-24 22:43:53 | WARNING  | scanner                   | Sector check: XLU not found in indicator results
2026-06-24 22:43:53 | WARNING  | scanner                   | Sector check: XLB not found in indicator results
2026-06-24 22:43:53 | WARNING  | scanner                   | Sector check: XLRE not found in indicator results
2026-06-24 22:43:53 | WARNING  | scanner                   | Sector check: XLC not found in indicator results
2026-06-24 22:43:53 | INFO     | scanner                   | Sector | XLK: BULLISH
2026-06-24 22:43:53 | INFO     | scanner                   | Sector | XLF: BULLISH
2026-06-24 22:43:53 | INFO     | scanner                   | Sector | XLE: BULLISH
2026-06-24 22:43:53 | INFO     | scanner                   | Sector | XLV: BULLISH
2026-06-24 22:43:53 | INFO     | scanner                   | Sector | XLI: BEARISH
2026-06-24 22:43:53 | INFO     | scanner                   | Sector | XLY: BEARISH
2026-06-24 22:43:53 | INFO     | scanner                   | Sector | XLP: BULLISH
2026-06-24 22:43:53 | INFO     | scanner                   | Sector | XLU: BEARISH
2026-06-24 22:43:53 | INFO     | scanner                   | Sector | XLB: BEARISH
2026-06-24 22:43:53 | INFO     | scanner                   | Sector | XLRE: BEARISH
2026-06-24 22:43:53 | INFO     | scanner                   | Sector | XLC: BEARISH
2026-06-24 22:43:53 | WARNING  | scanner                   | Sector check: XLK not found in indicator results
2026-06-24 22:43:53 | WARNING  | scanner                   | Sector check: XLF not found in indicator results
2026-06-24 22:43:53 | WARNING  | scanner                   | Sector check: XLE not found in indicator results
2026-06-24 22:43:53 | WARNING  | scanner                   | Sector check: XLV not found in indicator results
2026-06-24 22:43:53 | WARNING  | scanner                   | Sector check: XLI not found in indicator results
2026-06-24 22:43:53 | WARNING  | scanner                   | Sector check: XLY not found in indicator results
2026-06-24 22:43:53 | WARNING  | scanner                   | Sector check: XLP not found in indicator results
2026-06-24 22:43:53 | WARNING  | scanner                   | Sector check: XLU not found in indicator results
2026-06-24 22:43:53 | WARNING  | scanner                   | Sector check: XLB not found in indicator results
2026-06-24 22:43:53 | WARNING  | scanner                   | Sector check: XLRE not found in indicator results
2026-06-24 22:43:53 | WARNING  | scanner                   | Sector check: XLC not found in indicator results
2026-06-24 22:43:53 | INFO     | scanner                   | Sector | XLK: BULLISH
2026-06-24 22:43:53 | INFO     | scanner                   | Sector | XLF: BULLISH
2026-06-24 22:43:53 | INFO     | scanner                   | Sector | XLE: BULLISH
2026-06-24 22:43:53 | INFO     | scanner                   | Sector | XLV: BULLISH
2026-06-24 22:43:53 | INFO     | scanner                   | Sector | XLI: BEARISH
2026-06-24 22:43:53 | INFO     | scanner                   | Sector | XLY: BEARISH
2026-06-24 22:43:53 | INFO     | scanner                   | Sector | XLP: BULLISH
2026-06-24 22:43:53 | INFO     | scanner                   | Sector | XLU: BEARISH
2026-06-24 22:43:53 | INFO     | scanner                   | Sector | XLB: BEARISH
2026-06-24 22:43:53 | INFO     | scanner                   | Sector | XLRE: BEARISH
2026-06-24 22:43:53 | INFO     | scanner                   | Sector | XLC: BEARISH
2026-06-24 22:43:53 | WARNING  | scanner                   | Sector check: XLK not found in indicator results
2026-06-24 22:43:53 | WARNING  | scanner                   | Sector check: XLF not found in indicator results
2026-06-24 22:43:53 | WARNING  | scanner                   | Sector check: XLE not found in indicator results
2026-06-24 22:43:53 | WARNING  | scanner                   | Sector check: XLV not found in indicator results
2026-06-24 22:43:53 | WARNING  | scanner                   | Sector check: XLI not found in indicator results
2026-06-24 22:43:53 | WARNING  | scanner                   | Sector check: XLY not found in indicator results
2026-06-24 22:43:53 | WARNING  | scanner                   | Sector check: XLP not found in indicator results
2026-06-24 22:43:53 | WARNING  | scanner                   | Sector check: XLU not found in indicator results
2026-06-24 22:43:53 | WARNING  | scanner                   | Sector check: XLB not found in indicator results
2026-06-24 22:43:53 | WARNING  | scanner                   | Sector check: XLRE not found in indicator results
2026-06-24 22:43:53 | WARNING  | scanner                   | Sector check: XLC not found in indicator results
2026-06-24 22:43:53 | INFO     | scanner                   | Sector | XLK: BULLISH
2026-06-24 22:43:53 | INFO     | scanner                   | Sector | XLF: BULLISH
2026-06-24 22:43:53 | INFO     | scanner                   | Sector | XLE: BULLISH
2026-06-24 22:43:53 | INFO     | scanner                   | Sector | XLV: BULLISH
2026-06-24 22:43:53 | INFO     | scanner                   | Sector | XLI: BEARISH
2026-06-24 22:43:53 | INFO     | scanner                   | Sector | XLY: BEARISH
2026-06-24 22:43:53 | INFO     | scanner                   | Sector | XLP: BULLISH
2026-06-24 22:43:53 | INFO     | scanner                   | Sector | XLU: BEARISH
2026-06-24 22:43:53 | INFO     | scanner                   | Sector | XLB: BEARISH
2026-06-24 22:43:53 | INFO     | scanner                   | Sector | XLRE: BEARISH
2026-06-24 22:43:53 | INFO     | scanner                   | Sector | XLC: BEARISH
2026-06-24 22:43:53 | WARNING  | scanner                   | Sector check: XLK not found in indicator results
2026-06-24 22:43:53 | WARNING  | scanner                   | Sector check: XLF not found in indicator results
2026-06-24 22:43:53 | WARNING  | scanner                   | Sector check: XLE not found in indicator results
2026-06-24 22:43:53 | WARNING  | scanner                   | Sector check: XLV not found in indicator results
2026-06-24 22:43:53 | WARNING  | scanner                   | Sector check: XLI not found in indicator results
2026-06-24 22:43:53 | WARNING  | scanner                   | Sector check: XLY not found in indicator results
2026-06-24 22:43:53 | WARNING  | scanner                   | Sector check: XLP not found in indicator results
2026-06-24 22:43:53 | WARNING  | scanner                   | Sector check: XLU not found in indicator results
2026-06-24 22:43:53 | WARNING  | scanner                   | Sector check: XLB not found in indicator results
2026-06-24 22:43:53 | WARNING  | scanner                   | Sector check: XLRE not found in indicator results
2026-06-24 22:43:53 | WARNING  | scanner                   | Sector check: XLC not found in indicator results
2026-06-24 22:43:53 | INFO     | scanner                   | Sector | XLK: BULLISH
2026-06-24 22:43:53 | INFO     | scanner                   | Sector | XLF: BULLISH
2026-06-24 22:43:53 | INFO     | scanner                   | Sector | XLE: BULLISH
2026-06-24 22:43:53 | INFO     | scanner                   | Sector | XLV: BULLISH
2026-06-24 22:43:53 | INFO     | scanner                   | Sector | XLI: BEARISH
2026-06-24 22:43:53 | INFO     | scanner                   | Sector | XLY: BEARISH
2026-06-24 22:43:53 | INFO     | scanner                   | Sector | XLP: BULLISH
2026-06-24 22:43:53 | INFO     | scanner                   | Sector | XLU: BEARISH
2026-06-24 22:43:53 | INFO     | scanner                   | Sector | XLB: BEARISH
2026-06-24 22:43:53 | INFO     | scanner                   | Sector | XLRE: BULLISH
2026-06-24 22:43:53 | INFO     | scanner                   | Sector | XLC: BEARISH
2026-06-24 22:43:53 | WARNING  | scanner                   | Sector check: XLK not found in indicator results
2026-06-24 22:43:53 | WARNING  | scanner                   | Sector check: XLF not found in indicator results
2026-06-24 22:43:53 | WARNING  | scanner                   | Sector check: XLE not found in indicator results
2026-06-24 22:43:53 | WARNING  | scanner                   | Sector check: XLV not found in indicator results
2026-06-24 22:43:53 | WARNING  | scanner                   | Sector check: XLI not found in indicator results
2026-06-24 22:43:53 | WARNING  | scanner                   | Sector check: XLY not found in indicator results
2026-06-24 22:43:53 | WARNING  | scanner                   | Sector check: XLP not found in indicator results
2026-06-24 22:43:53 | WARNING  | scanner                   | Sector check: XLU not found in indicator results
2026-06-24 22:43:53 | WARNING  | scanner                   | Sector check: XLB not found in indicator results
2026-06-24 22:43:53 | WARNING  | scanner                   | Sector check: XLRE not found in indicator results
2026-06-24 22:43:53 | WARNING  | scanner                   | Sector check: XLC not found in indicator results
2026-06-24 22:43:53 | INFO     | scanner                   | Sector | XLK: BULLISH
2026-06-24 22:43:53 | INFO     | scanner                   | Sector | XLF: BULLISH
2026-06-24 22:43:53 | INFO     | scanner                   | Sector | XLE: BULLISH
2026-06-24 22:43:53 | INFO     | scanner                   | Sector | XLV: BULLISH
2026-06-24 22:43:53 | INFO     | scanner                   | Sector | XLI: BEARISH
2026-06-24 22:43:53 | INFO     | scanner                   | Sector | XLY: BEARISH
2026-06-24 22:43:53 | INFO     | scanner                   | Sector | XLP: BULLISH
2026-06-24 22:43:53 | INFO     | scanner                   | Sector | XLU: BEARISH
2026-06-24 22:43:53 | INFO     | scanner                   | Sector | XLB: BEARISH
2026-06-24 22:43:53 | INFO     | scanner                   | Sector | XLRE: BULLISH
2026-06-24 22:43:53 | INFO     | scanner                   | Sector | XLC: BEARISH
2026-06-24 22:43:53 | WARNING  | scanner                   | Sector check: XLK not found in indicator results
2026-06-24 22:43:53 | WARNING  | scanner                   | Sector check: XLF not found in indicator results
2026-06-24 22:43:53 | WARNING  | scanner                   | Sector check: XLE not found in indicator results
2026-06-24 22:43:53 | WARNING  | scanner                   | Sector check: XLV not found in indicator results
2026-06-24 22:43:53 | WARNING  | scanner                   | Sector check: XLI not found in indicator results
2026-06-24 22:43:53 | WARNING  | scanner                   | Sector check: XLY not found in indicator results
2026-06-24 22:43:53 | WARNING  | scanner                   | Sector check: XLP not found in indicator results
2026-06-24 22:43:53 | WARNING  | scanner                   | Sector check: XLU not found in indicator results
2026-06-24 22:43:53 | WARNING  | scanner                   | Sector check: XLB not found in indicator results
2026-06-24 22:43:53 | WARNING  | scanner                   | Sector check: XLRE not found in indicator results
2026-06-24 22:43:53 | WARNING  | scanner                   | Sector check: XLC not found in indicator results
2026-06-24 22:43:53 | INFO     | scanner                   | Sector | XLK: BULLISH
2026-06-24 22:43:53 | INFO     | scanner                   | Sector | XLF: BULLISH
2026-06-24 22:43:53 | INFO     | scanner                   | Sector | XLE: BULLISH
2026-06-24 22:43:53 | INFO     | scanner                   | Sector | XLV: BULLISH
2026-06-24 22:43:53 | INFO     | scanner                   | Sector | XLI: BEARISH
2026-06-24 22:43:53 | INFO     | scanner                   | Sector | XLY: BULLISH
2026-06-24 22:43:53 | INFO     | scanner                   | Sector | XLP: BULLISH
2026-06-24 22:43:53 | INFO     | scanner                   | Sector | XLU: BEARISH
2026-06-24 22:43:53 | INFO     | scanner                   | Sector | XLB: BEARISH
2026-06-24 22:43:53 | INFO     | scanner                   | Sector | XLRE: BULLISH
2026-06-24 22:43:53 | INFO     | scanner                   | Sector | XLC: BEARISH
2026-06-24 22:43:53 | WARNING  | scanner                   | Sector check: XLK not found in indicator results
2026-06-24 22:43:53 | WARNING  | scanner                   | Sector check: XLF not found in indicator results
2026-06-24 22:43:53 | WARNING  | scanner                   | Sector check: XLE not found in indicator results
2026-06-24 22:43:53 | WARNING  | scanner                   | Sector check: XLV not found in indicator results
2026-06-24 22:43:53 | WARNING  | scanner                   | Sector check: XLI not found in indicator results
2026-06-24 22:43:53 | WARNING  | scanner                   | Sector check: XLY not found in indicator results
2026-06-24 22:43:53 | WARNING  | scanner                   | Sector check: XLP not found in indicator results
2026-06-24 22:43:53 | WARNING  | scanner                   | Sector check: XLU not found in indicator results
2026-06-24 22:43:53 | WARNING  | scanner                   | Sector check: XLB not found in indicator results
2026-06-24 22:43:53 | WARNING  | scanner                   | Sector check: XLRE not found in indicator results
2026-06-24 22:43:53 | WARNING  | scanner                   | Sector check: XLC not found in indicator results
2026-06-24 22:43:53 | INFO     | scanner                   | Sector | XLK: BULLISH
2026-06-24 22:43:53 | INFO     | scanner                   | Sector | XLF: BULLISH
2026-06-24 22:43:53 | INFO     | scanner                   | Sector | XLE: BULLISH
2026-06-24 22:43:53 | INFO     | scanner                   | Sector | XLV: BULLISH
2026-06-24 22:43:53 | INFO     | scanner                   | Sector | XLI: BEARISH
2026-06-24 22:43:53 | INFO     | scanner                   | Sector | XLY: BULLISH
2026-06-24 22:43:53 | INFO     | scanner                   | Sector | XLP: BULLISH
2026-06-24 22:43:53 | INFO     | scanner                   | Sector | XLU: BEARISH
2026-06-24 22:43:53 | INFO     | scanner                   | Sector | XLB: BEARISH
2026-06-24 22:43:53 | INFO     | scanner                   | Sector | XLRE: BULLISH
2026-06-24 22:43:53 | INFO     | scanner                   | Sector | XLC: BEARISH
2026-06-24 22:43:53 | WARNING  | scanner                   | Sector check: XLK not found in indicator results
2026-06-24 22:43:53 | WARNING  | scanner                   | Sector check: XLF not found in indicator results
2026-06-24 22:43:53 | WARNING  | scanner                   | Sector check: XLE not found in indicator results
2026-06-24 22:43:53 | WARNING  | scanner                   | Sector check: XLV not found in indicator results
2026-06-24 22:43:53 | WARNING  | scanner                   | Sector check: XLI not found in indicator results
2026-06-24 22:43:53 | WARNING  | scanner                   | Sector check: XLY not found in indicator results
2026-06-24 22:43:53 | WARNING  | scanner                   | Sector check: XLP not found in indicator results
2026-06-24 22:43:53 | WARNING  | scanner                   | Sector check: XLU not found in indicator results
2026-06-24 22:43:53 | WARNING  | scanner                   | Sector check: XLB not found in indicator results
2026-06-24 22:43:53 | WARNING  | scanner                   | Sector check: XLRE not found in indicator results
2026-06-24 22:43:53 | WARNING  | scanner                   | Sector check: XLC not found in indicator results
2026-06-24 22:43:53 | INFO     | scanner                   | Sector | XLK: BULLISH
2026-06-24 22:43:53 | INFO     | scanner                   | Sector | XLF: BULLISH
2026-06-24 22:43:53 | INFO     | scanner                   | Sector | XLE: BULLISH
2026-06-24 22:43:53 | INFO     | scanner                   | Sector | XLV: BULLISH
2026-06-24 22:43:53 | INFO     | scanner                   | Sector | XLI: BEARISH
2026-06-24 22:43:53 | INFO     | scanner                   | Sector | XLY: BULLISH
2026-06-24 22:43:53 | INFO     | scanner                   | Sector | XLP: BULLISH
2026-06-24 22:43:53 | INFO     | scanner                   | Sector | XLU: BEARISH
2026-06-24 22:43:53 | INFO     | scanner                   | Sector | XLB: BEARISH
2026-06-24 22:43:53 | INFO     | scanner                   | Sector | XLRE: BULLISH
2026-06-24 22:43:53 | INFO     | scanner                   | Sector | XLC: BEARISH
2026-06-24 22:43:53 | WARNING  | scanner                   | Sector check: XLK not found in indicator results
2026-06-24 22:43:53 | WARNING  | scanner                   | Sector check: XLF not found in indicator results
2026-06-24 22:43:53 | WARNING  | scanner                   | Sector check: XLE not found in indicator results
2026-06-24 22:43:53 | WARNING  | scanner                   | Sector check: XLV not found in indicator results
2026-06-24 22:43:53 | WARNING  | scanner                   | Sector check: XLI not found in indicator results
2026-06-24 22:43:53 | WARNING  | scanner                   | Sector check: XLY not found in indicator results
2026-06-24 22:43:53 | WARNING  | scanner                   | Sector check: XLP not found in indicator results
2026-06-24 22:43:53 | WARNING  | scanner                   | Sector check: XLU not found in indicator results
2026-06-24 22:43:53 | WARNING  | scanner                   | Sector check: XLB not found in indicator results
2026-06-24 22:43:53 | WARNING  | scanner                   | Sector check: XLRE not found in indicator results
2026-06-24 22:43:53 | WARNING  | scanner                   | Sector check: XLC not found in indicator results
2026-06-24 22:43:53 | INFO     | scanner                   | Sector | XLK: BULLISH
2026-06-24 22:43:53 | INFO     | scanner                   | Sector | XLF: BULLISH
2026-06-24 22:43:53 | INFO     | scanner                   | Sector | XLE: BULLISH
2026-06-24 22:43:53 | INFO     | scanner                   | Sector | XLV: BULLISH
2026-06-24 22:43:53 | INFO     | scanner                   | Sector | XLI: BEARISH
2026-06-24 22:43:53 | INFO     | scanner                   | Sector | XLY: BULLISH
2026-06-24 22:43:53 | INFO     | scanner                   | Sector | XLP: BULLISH
2026-06-24 22:43:53 | INFO     | scanner                   | Sector | XLU: BEARISH
2026-06-24 22:43:53 | INFO     | scanner                   | Sector | XLB: BEARISH
2026-06-24 22:43:53 | INFO     | scanner                   | Sector | XLRE: BULLISH
2026-06-24 22:43:53 | INFO     | scanner                   | Sector | XLC: BEARISH
2026-06-24 22:43:53 | WARNING  | scanner                   | Sector check: XLK not found in indicator results
2026-06-24 22:43:53 | WARNING  | scanner                   | Sector check: XLF not found in indicator results
2026-06-24 22:43:53 | WARNING  | scanner                   | Sector check: XLE not found in indicator results
2026-06-24 22:43:53 | WARNING  | scanner                   | Sector check: XLV not found in indicator results
2026-06-24 22:43:53 | WARNING  | scanner                   | Sector check: XLI not found in indicator results
2026-06-24 22:43:53 | WARNING  | scanner                   | Sector check: XLY not found in indicator results
2026-06-24 22:43:53 | WARNING  | scanner                   | Sector check: XLP not found in indicator results
2026-06-24 22:43:53 | WARNING  | scanner                   | Sector check: XLU not found in indicator results
2026-06-24 22:43:53 | WARNING  | scanner                   | Sector check: XLB not found in indicator results
2026-06-24 22:43:53 | WARNING  | scanner                   | Sector check: XLRE not found in indicator results
2026-06-24 22:43:53 | WARNING  | scanner                   | Sector check: XLC not found in indicator results
2026-06-24 22:43:53 | INFO     | scanner                   | Sector | XLK: BULLISH
2026-06-24 22:43:53 | INFO     | scanner                   | Sector | XLF: BULLISH
2026-06-24 22:43:53 | INFO     | scanner                   | Sector | XLE: BULLISH
2026-06-24 22:43:53 | INFO     | scanner                   | Sector | XLV: BULLISH
2026-06-24 22:43:53 | INFO     | scanner                   | Sector | XLI: BEARISH
2026-06-24 22:43:53 | INFO     | scanner                   | Sector | XLY: BULLISH
2026-06-24 22:43:53 | INFO     | scanner                   | Sector | XLP: BULLISH
2026-06-24 22:43:53 | INFO     | scanner                   | Sector | XLU: BULLISH
2026-06-24 22:43:53 | INFO     | scanner                   | Sector | XLB: BEARISH
2026-06-24 22:43:53 | INFO     | scanner                   | Sector | XLRE: BULLISH
2026-06-24 22:43:53 | INFO     | scanner                   | Sector | XLC: BEARISH
2026-06-24 22:43:53 | WARNING  | scanner                   | Sector check: XLK not found in indicator results
2026-06-24 22:43:53 | WARNING  | scanner                   | Sector check: XLF not found in indicator results
2026-06-24 22:43:53 | WARNING  | scanner                   | Sector check: XLE not found in indicator results
2026-06-24 22:43:53 | WARNING  | scanner                   | Sector check: XLV not found in indicator results
2026-06-24 22:43:53 | WARNING  | scanner                   | Sector check: XLI not found in indicator results
2026-06-24 22:43:53 | WARNING  | scanner                   | Sector check: XLY not found in indicator results
2026-06-24 22:43:53 | WARNING  | scanner                   | Sector check: XLP not found in indicator results
2026-06-24 22:43:53 | WARNING  | scanner                   | Sector check: XLU not found in indicator results
2026-06-24 22:43:53 | WARNING  | scanner                   | Sector check: XLB not found in indicator results
2026-06-24 22:43:53 | WARNING  | scanner                   | Sector check: XLRE not found in indicator results
2026-06-24 22:43:53 | WARNING  | scanner                   | Sector check: XLC not found in indicator results
2026-06-24 22:43:53 | INFO     | scanner                   | Sector | XLK: BULLISH
2026-06-24 22:43:53 | INFO     | scanner                   | Sector | XLF: BULLISH
2026-06-24 22:43:53 | INFO     | scanner                   | Sector | XLE: BULLISH
2026-06-24 22:43:53 | INFO     | scanner                   | Sector | XLV: BULLISH
2026-06-24 22:43:53 | INFO     | scanner                   | Sector | XLI: BEARISH
2026-06-24 22:43:53 | INFO     | scanner                   | Sector | XLY: BULLISH
2026-06-24 22:43:53 | INFO     | scanner                   | Sector | XLP: BULLISH
2026-06-24 22:43:53 | INFO     | scanner                   | Sector | XLU: BULLISH
2026-06-24 22:43:53 | INFO     | scanner                   | Sector | XLB: BEARISH
2026-06-24 22:43:53 | INFO     | scanner                   | Sector | XLRE: BULLISH
2026-06-24 22:43:53 | INFO     | scanner                   | Sector | XLC: BEARISH
2026-06-24 22:43:53 | WARNING  | scanner                   | Sector check: XLK not found in indicator results
2026-06-24 22:43:53 | WARNING  | scanner                   | Sector check: XLF not found in indicator results
2026-06-24 22:43:53 | WARNING  | scanner                   | Sector check: XLE not found in indicator results
2026-06-24 22:43:53 | WARNING  | scanner                   | Sector check: XLV not found in indicator results
2026-06-24 22:43:53 | WARNING  | scanner                   | Sector check: XLI not found in indicator results
2026-06-24 22:43:53 | WARNING  | scanner                   | Sector check: XLY not found in indicator results
2026-06-24 22:43:53 | WARNING  | scanner                   | Sector check: XLP not found in indicator results
2026-06-24 22:43:53 | WARNING  | scanner                   | Sector check: XLU not found in indicator results
2026-06-24 22:43:53 | WARNING  | scanner                   | Sector check: XLB not found in indicator results
2026-06-24 22:43:53 | WARNING  | scanner                   | Sector check: XLRE not found in indicator results
2026-06-24 22:43:53 | WARNING  | scanner                   | Sector check: XLC not found in indicator results
2026-06-24 22:43:53 | INFO     | scanner                   | Sector | XLK: BULLISH
2026-06-24 22:43:53 | INFO     | scanner                   | Sector | XLF: BULLISH
2026-06-24 22:43:53 | INFO     | scanner                   | Sector | XLE: BULLISH
2026-06-24 22:43:53 | INFO     | scanner                   | Sector | XLV: BULLISH
2026-06-24 22:43:53 | INFO     | scanner                   | Sector | XLI: BEARISH
2026-06-24 22:43:53 | INFO     | scanner                   | Sector | XLY: BULLISH
2026-06-24 22:43:53 | INFO     | scanner                   | Sector | XLP: BULLISH
2026-06-24 22:43:53 | INFO     | scanner                   | Sector | XLU: BULLISH
2026-06-24 22:43:53 | INFO     | scanner                   | Sector | XLB: BEARISH
2026-06-24 22:43:53 | INFO     | scanner                   | Sector | XLRE: BULLISH
2026-06-24 22:43:53 | INFO     | scanner                   | Sector | XLC: BEARISH
2026-06-24 22:43:53 | WARNING  | scanner                   | Sector check: XLK not found in indicator results
2026-06-24 22:43:53 | WARNING  | scanner                   | Sector check: XLF not found in indicator results
2026-06-24 22:43:53 | WARNING  | scanner                   | Sector check: XLE not found in indicator results
2026-06-24 22:43:53 | WARNING  | scanner                   | Sector check: XLV not found in indicator results
2026-06-24 22:43:53 | WARNING  | scanner                   | Sector check: XLI not found in indicator results
2026-06-24 22:43:53 | WARNING  | scanner                   | Sector check: XLY not found in indicator results
2026-06-24 22:43:53 | WARNING  | scanner                   | Sector check: XLP not found in indicator results
2026-06-24 22:43:53 | WARNING  | scanner                   | Sector check: XLU not found in indicator results
2026-06-24 22:43:53 | WARNING  | scanner                   | Sector check: XLB not found in indicator results
2026-06-24 22:43:53 | WARNING  | scanner                   | Sector check: XLRE not found in indicator results
2026-06-24 22:43:53 | WARNING  | scanner                   | Sector check: XLC not found in indicator results
2026-06-24 22:43:53 | INFO     | scanner                   | Sector | XLK: BULLISH
2026-06-24 22:43:53 | INFO     | scanner                   | Sector | XLF: BULLISH
2026-06-24 22:43:53 | INFO     | scanner                   | Sector | XLE: BULLISH
2026-06-24 22:43:53 | INFO     | scanner                   | Sector | XLV: BULLISH
2026-06-24 22:43:53 | INFO     | scanner                   | Sector | XLI: BEARISH
2026-06-24 22:43:53 | INFO     | scanner                   | Sector | XLY: BULLISH
2026-06-24 22:43:53 | INFO     | scanner                   | Sector | XLP: BEARISH
2026-06-24 22:43:53 | INFO     | scanner                   | Sector | XLU: BULLISH
2026-06-24 22:43:53 | INFO     | scanner                   | Sector | XLB: BEARISH
2026-06-24 22:43:53 | INFO     | scanner                   | Sector | XLRE: BULLISH
2026-06-24 22:43:53 | INFO     | scanner                   | Sector | XLC: BEARISH
2026-06-24 22:43:53 | WARNING  | scanner                   | Sector check: XLK not found in indicator results
2026-06-24 22:43:53 | WARNING  | scanner                   | Sector check: XLF not found in indicator results
2026-06-24 22:43:53 | WARNING  | scanner                   | Sector check: XLE not found in indicator results
2026-06-24 22:43:53 | WARNING  | scanner                   | Sector check: XLV not found in indicator results
2026-06-24 22:43:53 | WARNING  | scanner                   | Sector check: XLI not found in indicator results
2026-06-24 22:43:53 | WARNING  | scanner                   | Sector check: XLY not found in indicator results
2026-06-24 22:43:53 | WARNING  | scanner                   | Sector check: XLP not found in indicator results
2026-06-24 22:43:53 | WARNING  | scanner                   | Sector check: XLU not found in indicator results
2026-06-24 22:43:53 | WARNING  | scanner                   | Sector check: XLB not found in indicator results
2026-06-24 22:43:53 | WARNING  | scanner                   | Sector check: XLRE not found in indicator results
2026-06-24 22:43:53 | WARNING  | scanner                   | Sector check: XLC not found in indicator results
2026-06-24 22:43:53 | INFO     | scanner                   | Sector | XLK: BULLISH
2026-06-24 22:43:53 | INFO     | scanner                   | Sector | XLF: BULLISH
2026-06-24 22:43:53 | INFO     | scanner                   | Sector | XLE: BULLISH
2026-06-24 22:43:53 | INFO     | scanner                   | Sector | XLV: BULLISH
2026-06-24 22:43:53 | INFO     | scanner                   | Sector | XLI: BEARISH
2026-06-24 22:43:53 | INFO     | scanner                   | Sector | XLY: BULLISH
2026-06-24 22:43:53 | INFO     | scanner                   | Sector | XLP: BEARISH
2026-06-24 22:43:53 | INFO     | scanner                   | Sector | XLU: BULLISH
2026-06-24 22:43:53 | INFO     | scanner                   | Sector | XLB: BEARISH
2026-06-24 22:43:53 | INFO     | scanner                   | Sector | XLRE: BULLISH
2026-06-24 22:43:53 | INFO     | scanner                   | Sector | XLC: BEARISH
2026-06-24 22:43:53 | WARNING  | scanner                   | Sector check: XLK not found in indicator results
2026-06-24 22:43:53 | WARNING  | scanner                   | Sector check: XLF not found in indicator results
2026-06-24 22:43:53 | WARNING  | scanner                   | Sector check: XLE not found in indicator results
2026-06-24 22:43:53 | WARNING  | scanner                   | Sector check: XLV not found in indicator results
2026-06-24 22:43:53 | WARNING  | scanner                   | Sector check: XLI not found in indicator results
2026-06-24 22:43:53 | WARNING  | scanner                   | Sector check: XLY not found in indicator results
2026-06-24 22:43:53 | WARNING  | scanner                   | Sector check: XLP not found in indicator results
2026-06-24 22:43:53 | WARNING  | scanner                   | Sector check: XLU not found in indicator results
2026-06-24 22:43:53 | WARNING  | scanner                   | Sector check: XLB not found in indicator results
2026-06-24 22:43:53 | WARNING  | scanner                   | Sector check: XLRE not found in indicator results
2026-06-24 22:43:53 | WARNING  | scanner                   | Sector check: XLC not found in indicator results
2026-06-24 22:43:53 | INFO     | scanner                   | Sector | XLK: BULLISH
2026-06-24 22:43:53 | INFO     | scanner                   | Sector | XLF: BULLISH
2026-06-24 22:43:53 | INFO     | scanner                   | Sector | XLE: BULLISH
2026-06-24 22:43:53 | INFO     | scanner                   | Sector | XLV: BULLISH
2026-06-24 22:43:53 | INFO     | scanner                   | Sector | XLI: BEARISH
2026-06-24 22:43:53 | INFO     | scanner                   | Sector | XLY: BULLISH
2026-06-24 22:43:53 | INFO     | scanner                   | Sector | XLP: BEARISH
2026-06-24 22:43:53 | INFO     | scanner                   | Sector | XLU: BEARISH
2026-06-24 22:43:53 | INFO     | scanner                   | Sector | XLB: BEARISH
2026-06-24 22:43:53 | INFO     | scanner                   | Sector | XLRE: BULLISH
2026-06-24 22:43:53 | INFO     | scanner                   | Sector | XLC: BEARISH
2026-06-24 22:43:53 | WARNING  | scanner                   | Sector check: XLK not found in indicator results
2026-06-24 22:43:53 | WARNING  | scanner                   | Sector check: XLF not found in indicator results
2026-06-24 22:43:53 | WARNING  | scanner                   | Sector check: XLE not found in indicator results
2026-06-24 22:43:53 | WARNING  | scanner                   | Sector check: XLV not found in indicator results
2026-06-24 22:43:53 | WARNING  | scanner                   | Sector check: XLI not found in indicator results
2026-06-24 22:43:53 | WARNING  | scanner                   | Sector check: XLY not found in indicator results
2026-06-24 22:43:53 | WARNING  | scanner                   | Sector check: XLP not found in indicator results
2026-06-24 22:43:53 | WARNING  | scanner                   | Sector check: XLU not found in indicator results
2026-06-24 22:43:53 | WARNING  | scanner                   | Sector check: XLB not found in indicator results
2026-06-24 22:43:53 | WARNING  | scanner                   | Sector check: XLRE not found in indicator results
2026-06-24 22:43:53 | WARNING  | scanner                   | Sector check: XLC not found in indicator results
2026-06-24 22:43:53 | INFO     | scanner                   | Sector | XLK: BULLISH
2026-06-24 22:43:53 | INFO     | scanner                   | Sector | XLF: BULLISH
2026-06-24 22:43:53 | INFO     | scanner                   | Sector | XLE: BULLISH
2026-06-24 22:43:53 | INFO     | scanner                   | Sector | XLV: BULLISH
2026-06-24 22:43:53 | INFO     | scanner                   | Sector | XLI: BEARISH
2026-06-24 22:43:53 | INFO     | scanner                   | Sector | XLY: BULLISH
2026-06-24 22:43:53 | INFO     | scanner                   | Sector | XLP: BEARISH
2026-06-24 22:43:53 | INFO     | scanner                   | Sector | XLU: BEARISH
2026-06-24 22:43:53 | INFO     | scanner                   | Sector | XLB: BEARISH
2026-06-24 22:43:53 | INFO     | scanner                   | Sector | XLRE: BULLISH
2026-06-24 22:43:53 | INFO     | scanner                   | Sector | XLC: BEARISH
2026-06-24 22:43:53 | WARNING  | scanner                   | Sector check: XLK not found in indicator results
2026-06-24 22:43:53 | WARNING  | scanner                   | Sector check: XLF not found in indicator results
2026-06-24 22:43:53 | WARNING  | scanner                   | Sector check: XLE not found in indicator results
2026-06-24 22:43:53 | WARNING  | scanner                   | Sector check: XLV not found in indicator results
2026-06-24 22:43:53 | WARNING  | scanner                   | Sector check: XLI not found in indicator results
2026-06-24 22:43:53 | WARNING  | scanner                   | Sector check: XLY not found in indicator results
2026-06-24 22:43:53 | WARNING  | scanner                   | Sector check: XLP not found in indicator results
2026-06-24 22:43:53 | WARNING  | scanner                   | Sector check: XLU not found in indicator results
2026-06-24 22:43:53 | WARNING  | scanner                   | Sector check: XLB not found in indicator results
2026-06-24 22:43:53 | WARNING  | scanner                   | Sector check: XLRE not found in indicator results
2026-06-24 22:43:53 | WARNING  | scanner                   | Sector check: XLC not found in indicator results
2026-06-24 22:43:53 | INFO     | scanner                   | Sector | XLK: BULLISH
2026-06-24 22:43:53 | INFO     | scanner                   | Sector | XLF: BULLISH
2026-06-24 22:43:53 | INFO     | scanner                   | Sector | XLE: BULLISH
2026-06-24 22:43:53 | INFO     | scanner                   | Sector | XLV: BULLISH
2026-06-24 22:43:53 | INFO     | scanner                   | Sector | XLI: BEARISH
2026-06-24 22:43:53 | INFO     | scanner                   | Sector | XLY: BULLISH
2026-06-24 22:43:53 | INFO     | scanner                   | Sector | XLP: BEARISH
2026-06-24 22:43:53 | INFO     | scanner                   | Sector | XLU: BEARISH
2026-06-24 22:43:53 | INFO     | scanner                   | Sector | XLB: BEARISH
2026-06-24 22:43:53 | INFO     | scanner                   | Sector | XLRE: BULLISH
2026-06-24 22:43:53 | INFO     | scanner                   | Sector | XLC: BEARISH
2026-06-24 22:43:53 | WARNING  | scanner                   | Sector check: XLK not found in indicator results
2026-06-24 22:43:53 | WARNING  | scanner                   | Sector check: XLF not found in indicator results
2026-06-24 22:43:53 | WARNING  | scanner                   | Sector check: XLE not found in indicator results
2026-06-24 22:43:53 | WARNING  | scanner                   | Sector check: XLV not found in indicator results
2026-06-24 22:43:53 | WARNING  | scanner                   | Sector check: XLI not found in indicator results
2026-06-24 22:43:53 | WARNING  | scanner                   | Sector check: XLY not found in indicator results
2026-06-24 22:43:53 | WARNING  | scanner                   | Sector check: XLP not found in indicator results
2026-06-24 22:43:53 | WARNING  | scanner                   | Sector check: XLU not found in indicator results
2026-06-24 22:43:53 | WARNING  | scanner                   | Sector check: XLB not found in indicator results
2026-06-24 22:43:53 | WARNING  | scanner                   | Sector check: XLRE not found in indicator results
2026-06-24 22:43:53 | WARNING  | scanner                   | Sector check: XLC not found in indicator results
2026-06-24 22:43:53 | INFO     | scanner                   | Sector | XLK: BULLISH
2026-06-24 22:43:53 | INFO     | scanner                   | Sector | XLF: BULLISH
2026-06-24 22:43:53 | INFO     | scanner                   | Sector | XLE: BULLISH
2026-06-24 22:43:53 | INFO     | scanner                   | Sector | XLV: BULLISH
2026-06-24 22:43:53 | INFO     | scanner                   | Sector | XLI: BEARISH
2026-06-24 22:43:53 | INFO     | scanner                   | Sector | XLY: BULLISH
2026-06-24 22:43:53 | INFO     | scanner                   | Sector | XLP: BEARISH
2026-06-24 22:43:53 | INFO     | scanner                   | Sector | XLU: BEARISH
2026-06-24 22:43:53 | INFO     | scanner                   | Sector | XLB: BEARISH
2026-06-24 22:43:53 | INFO     | scanner                   | Sector | XLRE: BULLISH
2026-06-24 22:43:53 | INFO     | scanner                   | Sector | XLC: BEARISH
2026-06-24 22:43:53 | WARNING  | scanner                   | Sector check: XLK not found in indicator results
2026-06-24 22:43:53 | WARNING  | scanner                   | Sector check: XLF not found in indicator results
2026-06-24 22:43:53 | WARNING  | scanner                   | Sector check: XLE not found in indicator results
2026-06-24 22:43:53 | WARNING  | scanner                   | Sector check: XLV not found in indicator results
2026-06-24 22:43:53 | WARNING  | scanner                   | Sector check: XLI not found in indicator results
2026-06-24 22:43:53 | WARNING  | scanner                   | Sector check: XLY not found in indicator results
2026-06-24 22:43:53 | WARNING  | scanner                   | Sector check: XLP not found in indicator results
2026-06-24 22:43:53 | WARNING  | scanner                   | Sector check: XLU not found in indicator results
2026-06-24 22:43:53 | WARNING  | scanner                   | Sector check: XLB not found in indicator results
2026-06-24 22:43:53 | WARNING  | scanner                   | Sector check: XLRE not found in indicator results
2026-06-24 22:43:53 | WARNING  | scanner                   | Sector check: XLC not found in indicator results
2026-06-24 22:43:53 | INFO     | scanner                   | Sector | XLK: BULLISH
2026-06-24 22:43:53 | INFO     | scanner                   | Sector | XLF: BULLISH
2026-06-24 22:43:53 | INFO     | scanner                   | Sector | XLE: BEARISH
2026-06-24 22:43:53 | INFO     | scanner                   | Sector | XLV: BULLISH
2026-06-24 22:43:53 | INFO     | scanner                   | Sector | XLI: BEARISH
2026-06-24 22:43:54 | INFO     | scanner                   | Sector | XLY: BULLISH
2026-06-24 22:43:54 | INFO     | scanner                   | Sector | XLP: BEARISH
2026-06-24 22:43:54 | INFO     | scanner                   | Sector | XLU: BEARISH
2026-06-24 22:43:54 | INFO     | scanner                   | Sector | XLB: BEARISH
2026-06-24 22:43:54 | INFO     | scanner                   | Sector | XLRE: BULLISH
2026-06-24 22:43:54 | INFO     | scanner                   | Sector | XLC: BEARISH
2026-06-24 22:43:54 | WARNING  | scanner                   | Sector check: XLK not found in indicator results
2026-06-24 22:43:54 | WARNING  | scanner                   | Sector check: XLF not found in indicator results
2026-06-24 22:43:54 | WARNING  | scanner                   | Sector check: XLE not found in indicator results
2026-06-24 22:43:54 | WARNING  | scanner                   | Sector check: XLV not found in indicator results
2026-06-24 22:43:54 | WARNING  | scanner                   | Sector check: XLI not found in indicator results
2026-06-24 22:43:54 | WARNING  | scanner                   | Sector check: XLY not found in indicator results
2026-06-24 22:43:54 | WARNING  | scanner                   | Sector check: XLP not found in indicator results
2026-06-24 22:43:54 | WARNING  | scanner                   | Sector check: XLU not found in indicator results
2026-06-24 22:43:54 | WARNING  | scanner                   | Sector check: XLB not found in indicator results
2026-06-24 22:43:54 | WARNING  | scanner                   | Sector check: XLRE not found in indicator results
2026-06-24 22:43:54 | WARNING  | scanner                   | Sector check: XLC not found in indicator results
2026-06-24 22:43:54 | INFO     | scanner                   | Sector | XLK: BULLISH
2026-06-24 22:43:54 | INFO     | scanner                   | Sector | XLF: BULLISH
2026-06-24 22:43:54 | INFO     | scanner                   | Sector | XLE: BEARISH
2026-06-24 22:43:54 | INFO     | scanner                   | Sector | XLV: BULLISH
2026-06-24 22:43:54 | INFO     | scanner                   | Sector | XLI: BEARISH
2026-06-24 22:43:54 | INFO     | scanner                   | Sector | XLY: BULLISH
2026-06-24 22:43:54 | INFO     | scanner                   | Sector | XLP: BEARISH
2026-06-24 22:43:54 | INFO     | scanner                   | Sector | XLU: BEARISH
2026-06-24 22:43:54 | INFO     | scanner                   | Sector | XLB: BEARISH
2026-06-24 22:43:54 | INFO     | scanner                   | Sector | XLRE: BULLISH
2026-06-24 22:43:54 | INFO     | scanner                   | Sector | XLC: BEARISH
2026-06-24 22:43:54 | WARNING  | scanner                   | Sector check: XLK not found in indicator results
2026-06-24 22:43:54 | WARNING  | scanner                   | Sector check: XLF not found in indicator results
2026-06-24 22:43:54 | WARNING  | scanner                   | Sector check: XLE not found in indicator results
2026-06-24 22:43:54 | WARNING  | scanner                   | Sector check: XLV not found in indicator results
2026-06-24 22:43:54 | WARNING  | scanner                   | Sector check: XLI not found in indicator results
2026-06-24 22:43:54 | WARNING  | scanner                   | Sector check: XLY not found in indicator results
2026-06-24 22:43:54 | WARNING  | scanner                   | Sector check: XLP not found in indicator results
2026-06-24 22:43:54 | WARNING  | scanner                   | Sector check: XLU not found in indicator results
2026-06-24 22:43:54 | WARNING  | scanner                   | Sector check: XLB not found in indicator results
2026-06-24 22:43:54 | WARNING  | scanner                   | Sector check: XLRE not found in indicator results
2026-06-24 22:43:54 | WARNING  | scanner                   | Sector check: XLC not found in indicator results
2026-06-24 22:43:54 | INFO     | scanner                   | Sector | XLK: BULLISH
2026-06-24 22:43:54 | INFO     | scanner                   | Sector | XLF: BULLISH
2026-06-24 22:43:54 | INFO     | scanner                   | Sector | XLE: BEARISH
2026-06-24 22:43:54 | INFO     | scanner                   | Sector | XLV: BULLISH
2026-06-24 22:43:54 | INFO     | scanner                   | Sector | XLI: BEARISH
2026-06-24 22:43:54 | INFO     | scanner                   | Sector | XLY: BULLISH
2026-06-24 22:43:54 | INFO     | scanner                   | Sector | XLP: BEARISH
2026-06-24 22:43:54 | INFO     | scanner                   | Sector | XLU: BEARISH
2026-06-24 22:43:54 | INFO     | scanner                   | Sector | XLB: BEARISH
2026-06-24 22:43:54 | INFO     | scanner                   | Sector | XLRE: BEARISH
2026-06-24 22:43:54 | INFO     | scanner                   | Sector | XLC: BEARISH
2026-06-24 22:43:54 | WARNING  | scanner                   | Sector check: XLK not found in indicator results
2026-06-24 22:43:54 | WARNING  | scanner                   | Sector check: XLF not found in indicator results
2026-06-24 22:43:54 | WARNING  | scanner                   | Sector check: XLE not found in indicator results
2026-06-24 22:43:54 | WARNING  | scanner                   | Sector check: XLV not found in indicator results
2026-06-24 22:43:54 | WARNING  | scanner                   | Sector check: XLI not found in indicator results
2026-06-24 22:43:54 | WARNING  | scanner                   | Sector check: XLY not found in indicator results
2026-06-24 22:43:54 | WARNING  | scanner                   | Sector check: XLP not found in indicator results
2026-06-24 22:43:54 | WARNING  | scanner                   | Sector check: XLU not found in indicator results
2026-06-24 22:43:54 | WARNING  | scanner                   | Sector check: XLB not found in indicator results
2026-06-24 22:43:54 | WARNING  | scanner                   | Sector check: XLRE not found in indicator results
2026-06-24 22:43:54 | WARNING  | scanner                   | Sector check: XLC not found in indicator results
2026-06-24 22:43:54 | INFO     | scanner                   | Sector | XLK: BULLISH
2026-06-24 22:43:54 | INFO     | scanner                   | Sector | XLF: BULLISH
2026-06-24 22:43:54 | INFO     | scanner                   | Sector | XLE: BEARISH
2026-06-24 22:43:54 | INFO     | scanner                   | Sector | XLV: BULLISH
2026-06-24 22:43:54 | INFO     | scanner                   | Sector | XLI: BEARISH
2026-06-24 22:43:54 | INFO     | scanner                   | Sector | XLY: BULLISH
2026-06-24 22:43:54 | INFO     | scanner                   | Sector | XLP: BEARISH
2026-06-24 22:43:54 | INFO     | scanner                   | Sector | XLU: BEARISH
2026-06-24 22:43:54 | INFO     | scanner                   | Sector | XLB: BEARISH
2026-06-24 22:43:54 | INFO     | scanner                   | Sector | XLRE: BEARISH
2026-06-24 22:43:54 | INFO     | scanner                   | Sector | XLC: BEARISH
2026-06-24 22:43:54 | WARNING  | scanner                   | Sector check: XLK not found in indicator results
2026-06-24 22:43:54 | WARNING  | scanner                   | Sector check: XLF not found in indicator results
2026-06-24 22:43:54 | WARNING  | scanner                   | Sector check: XLE not found in indicator results
2026-06-24 22:43:54 | WARNING  | scanner                   | Sector check: XLV not found in indicator results
2026-06-24 22:43:54 | WARNING  | scanner                   | Sector check: XLI not found in indicator results
2026-06-24 22:43:54 | WARNING  | scanner                   | Sector check: XLY not found in indicator results
2026-06-24 22:43:54 | WARNING  | scanner                   | Sector check: XLP not found in indicator results
2026-06-24 22:43:54 | WARNING  | scanner                   | Sector check: XLU not found in indicator results
2026-06-24 22:43:54 | WARNING  | scanner                   | Sector check: XLB not found in indicator results
2026-06-24 22:43:54 | WARNING  | scanner                   | Sector check: XLRE not found in indicator results
2026-06-24 22:43:54 | WARNING  | scanner                   | Sector check: XLC not found in indicator results
2026-06-24 22:43:54 | INFO     | scanner                   | Sector | XLK: BULLISH
2026-06-24 22:43:54 | INFO     | scanner                   | Sector | XLF: BULLISH
2026-06-24 22:43:54 | INFO     | scanner                   | Sector | XLE: BEARISH
2026-06-24 22:43:54 | INFO     | scanner                   | Sector | XLV: BULLISH
2026-06-24 22:43:54 | INFO     | scanner                   | Sector | XLI: BULLISH
2026-06-24 22:43:54 | INFO     | scanner                   | Sector | XLY: BULLISH
2026-06-24 22:43:54 | INFO     | scanner                   | Sector | XLP: BEARISH
2026-06-24 22:43:54 | INFO     | scanner                   | Sector | XLU: BEARISH
2026-06-24 22:43:54 | INFO     | scanner                   | Sector | XLB: BEARISH
2026-06-24 22:43:54 | INFO     | scanner                   | Sector | XLRE: BEARISH
2026-06-24 22:43:54 | INFO     | scanner                   | Sector | XLC: BEARISH
2026-06-24 22:43:54 | WARNING  | scanner                   | Sector check: XLK not found in indicator results
2026-06-24 22:43:54 | WARNING  | scanner                   | Sector check: XLF not found in indicator results
2026-06-24 22:43:54 | WARNING  | scanner                   | Sector check: XLE not found in indicator results
2026-06-24 22:43:54 | WARNING  | scanner                   | Sector check: XLV not found in indicator results
2026-06-24 22:43:54 | WARNING  | scanner                   | Sector check: XLI not found in indicator results
2026-06-24 22:43:54 | WARNING  | scanner                   | Sector check: XLY not found in indicator results
2026-06-24 22:43:54 | WARNING  | scanner                   | Sector check: XLP not found in indicator results
2026-06-24 22:43:54 | WARNING  | scanner                   | Sector check: XLU not found in indicator results
2026-06-24 22:43:54 | WARNING  | scanner                   | Sector check: XLB not found in indicator results
2026-06-24 22:43:54 | WARNING  | scanner                   | Sector check: XLRE not found in indicator results
2026-06-24 22:43:54 | WARNING  | scanner                   | Sector check: XLC not found in indicator results
2026-06-24 22:43:54 | INFO     | scanner                   | Sector | XLK: BULLISH
2026-06-24 22:43:54 | INFO     | scanner                   | Sector | XLF: BULLISH
2026-06-24 22:43:54 | INFO     | scanner                   | Sector | XLE: BEARISH
2026-06-24 22:43:54 | INFO     | scanner                   | Sector | XLV: BULLISH
2026-06-24 22:43:54 | INFO     | scanner                   | Sector | XLI: BULLISH
2026-06-24 22:43:54 | INFO     | scanner                   | Sector | XLY: BULLISH
2026-06-24 22:43:54 | INFO     | scanner                   | Sector | XLP: BEARISH
2026-06-24 22:43:54 | INFO     | scanner                   | Sector | XLU: BEARISH
2026-06-24 22:43:54 | INFO     | scanner                   | Sector | XLB: BEARISH
2026-06-24 22:43:54 | INFO     | scanner                   | Sector | XLRE: BEARISH
2026-06-24 22:43:54 | INFO     | scanner                   | Sector | XLC: BEARISH
2026-06-24 22:43:54 | WARNING  | scanner                   | Sector check: XLK not found in indicator results
2026-06-24 22:43:54 | WARNING  | scanner                   | Sector check: XLF not found in indicator results
2026-06-24 22:43:54 | WARNING  | scanner                   | Sector check: XLE not found in indicator results
2026-06-24 22:43:54 | WARNING  | scanner                   | Sector check: XLV not found in indicator results
2026-06-24 22:43:54 | WARNING  | scanner                   | Sector check: XLI not found in indicator results
2026-06-24 22:43:54 | WARNING  | scanner                   | Sector check: XLY not found in indicator results
2026-06-24 22:43:54 | WARNING  | scanner                   | Sector check: XLP not found in indicator results
2026-06-24 22:43:54 | WARNING  | scanner                   | Sector check: XLU not found in indicator results
2026-06-24 22:43:54 | WARNING  | scanner                   | Sector check: XLB not found in indicator results
2026-06-24 22:43:54 | WARNING  | scanner                   | Sector check: XLRE not found in indicator results
2026-06-24 22:43:54 | WARNING  | scanner                   | Sector check: XLC not found in indicator results
2026-06-24 22:43:54 | INFO     | scanner                   | Sector | XLK: BULLISH
2026-06-24 22:43:54 | INFO     | scanner                   | Sector | XLF: BULLISH
2026-06-24 22:43:54 | INFO     | scanner                   | Sector | XLE: BEARISH
2026-06-24 22:43:54 | INFO     | scanner                   | Sector | XLV: BULLISH
2026-06-24 22:43:54 | INFO     | scanner                   | Sector | XLI: BULLISH
2026-06-24 22:43:54 | INFO     | scanner                   | Sector | XLY: BULLISH
2026-06-24 22:43:54 | INFO     | scanner                   | Sector | XLP: BEARISH
2026-06-24 22:43:54 | INFO     | scanner                   | Sector | XLU: BEARISH
2026-06-24 22:43:54 | INFO     | scanner                   | Sector | XLB: BEARISH
2026-06-24 22:43:54 | INFO     | scanner                   | Sector | XLRE: BEARISH
2026-06-24 22:43:54 | INFO     | scanner                   | Sector | XLC: BEARISH
2026-06-24 22:43:54 | WARNING  | scanner                   | Sector check: XLK not found in indicator results
2026-06-24 22:43:54 | WARNING  | scanner                   | Sector check: XLF not found in indicator results
2026-06-24 22:43:54 | WARNING  | scanner                   | Sector check: XLE not found in indicator results
2026-06-24 22:43:54 | WARNING  | scanner                   | Sector check: XLV not found in indicator results
2026-06-24 22:43:54 | WARNING  | scanner                   | Sector check: XLI not found in indicator results
2026-06-24 22:43:54 | WARNING  | scanner                   | Sector check: XLY not found in indicator results
2026-06-24 22:43:54 | WARNING  | scanner                   | Sector check: XLP not found in indicator results
2026-06-24 22:43:54 | WARNING  | scanner                   | Sector check: XLU not found in indicator results
2026-06-24 22:43:54 | WARNING  | scanner                   | Sector check: XLB not found in indicator results
2026-06-24 22:43:54 | WARNING  | scanner                   | Sector check: XLRE not found in indicator results
2026-06-24 22:43:54 | WARNING  | scanner                   | Sector check: XLC not found in indicator results
2026-06-24 22:43:54 | INFO     | scanner                   | Sector | XLK: BULLISH
2026-06-24 22:43:54 | INFO     | scanner                   | Sector | XLF: BULLISH
2026-06-24 22:43:54 | INFO     | scanner                   | Sector | XLE: BEARISH
2026-06-24 22:43:54 | INFO     | scanner                   | Sector | XLV: BULLISH
2026-06-24 22:43:54 | INFO     | scanner                   | Sector | XLI: BULLISH
2026-06-24 22:43:54 | INFO     | scanner                   | Sector | XLY: BULLISH
2026-06-24 22:43:54 | INFO     | scanner                   | Sector | XLP: BEARISH
2026-06-24 22:43:54 | INFO     | scanner                   | Sector | XLU: BEARISH
2026-06-24 22:43:54 | INFO     | scanner                   | Sector | XLB: BEARISH
2026-06-24 22:43:54 | INFO     | scanner                   | Sector | XLRE: BEARISH
2026-06-24 22:43:54 | INFO     | scanner                   | Sector | XLC: BEARISH
2026-06-24 22:43:54 | WARNING  | scanner                   | Sector check: XLK not found in indicator results
2026-06-24 22:43:54 | WARNING  | scanner                   | Sector check: XLF not found in indicator results
2026-06-24 22:43:54 | WARNING  | scanner                   | Sector check: XLE not found in indicator results
2026-06-24 22:43:54 | WARNING  | scanner                   | Sector check: XLV not found in indicator results
2026-06-24 22:43:54 | WARNING  | scanner                   | Sector check: XLI not found in indicator results
2026-06-24 22:43:54 | WARNING  | scanner                   | Sector check: XLY not found in indicator results
2026-06-24 22:43:54 | WARNING  | scanner                   | Sector check: XLP not found in indicator results
2026-06-24 22:43:54 | WARNING  | scanner                   | Sector check: XLU not found in indicator results
2026-06-24 22:43:54 | WARNING  | scanner                   | Sector check: XLB not found in indicator results
2026-06-24 22:43:54 | WARNING  | scanner                   | Sector check: XLRE not found in indicator results
2026-06-24 22:43:54 | WARNING  | scanner                   | Sector check: XLC not found in indicator results
2026-06-24 22:43:54 | INFO     | scanner                   | Sector | XLK: BULLISH
2026-06-24 22:43:54 | INFO     | scanner                   | Sector | XLF: BULLISH
2026-06-24 22:43:54 | INFO     | scanner                   | Sector | XLE: BEARISH
2026-06-24 22:43:54 | INFO     | scanner                   | Sector | XLV: BULLISH
2026-06-24 22:43:54 | INFO     | scanner                   | Sector | XLI: BULLISH
2026-06-24 22:43:54 | INFO     | scanner                   | Sector | XLY: BULLISH
2026-06-24 22:43:54 | INFO     | scanner                   | Sector | XLP: BEARISH
2026-06-24 22:43:54 | INFO     | scanner                   | Sector | XLU: BEARISH
2026-06-24 22:43:54 | INFO     | scanner                   | Sector | XLB: BEARISH
2026-06-24 22:43:54 | INFO     | scanner                   | Sector | XLRE: BEARISH
2026-06-24 22:43:54 | INFO     | scanner                   | Sector | XLC: BEARISH
2026-06-24 22:43:54 | WARNING  | scanner                   | Sector check: XLK not found in indicator results
2026-06-24 22:43:54 | WARNING  | scanner                   | Sector check: XLF not found in indicator results
2026-06-24 22:43:54 | WARNING  | scanner                   | Sector check: XLE not found in indicator results
2026-06-24 22:43:54 | WARNING  | scanner                   | Sector check: XLV not found in indicator results
2026-06-24 22:43:54 | WARNING  | scanner                   | Sector check: XLI not found in indicator results
2026-06-24 22:43:54 | WARNING  | scanner                   | Sector check: XLY not found in indicator results
2026-06-24 22:43:54 | WARNING  | scanner                   | Sector check: XLP not found in indicator results
2026-06-24 22:43:54 | WARNING  | scanner                   | Sector check: XLU not found in indicator results
2026-06-24 22:43:54 | WARNING  | scanner                   | Sector check: XLB not found in indicator results
2026-06-24 22:43:54 | WARNING  | scanner                   | Sector check: XLRE not found in indicator results
2026-06-24 22:43:54 | WARNING  | scanner                   | Sector check: XLC not found in indicator results
2026-06-24 22:43:54 | INFO     | scanner                   | Sector | XLK: BULLISH
2026-06-24 22:43:54 | INFO     | scanner                   | Sector | XLF: BULLISH
2026-06-24 22:43:54 | INFO     | scanner                   | Sector | XLE: BEARISH
2026-06-24 22:43:54 | INFO     | scanner                   | Sector | XLV: BULLISH
2026-06-24 22:43:54 | INFO     | scanner                   | Sector | XLI: BULLISH
2026-06-24 22:43:54 | INFO     | scanner                   | Sector | XLY: BULLISH
2026-06-24 22:43:54 | INFO     | scanner                   | Sector | XLP: BEARISH
2026-06-24 22:43:54 | INFO     | scanner                   | Sector | XLU: BEARISH
2026-06-24 22:43:54 | INFO     | scanner                   | Sector | XLB: BEARISH
2026-06-24 22:43:54 | INFO     | scanner                   | Sector | XLRE: BEARISH
2026-06-24 22:43:54 | INFO     | scanner                   | Sector | XLC: BEARISH
2026-06-24 22:43:54 | WARNING  | scanner                   | Sector check: XLK not found in indicator results
2026-06-24 22:43:54 | WARNING  | scanner                   | Sector check: XLF not found in indicator results
2026-06-24 22:43:54 | WARNING  | scanner                   | Sector check: XLE not found in indicator results
2026-06-24 22:43:54 | WARNING  | scanner                   | Sector check: XLV not found in indicator results
2026-06-24 22:43:54 | WARNING  | scanner                   | Sector check: XLI not found in indicator results
2026-06-24 22:43:54 | WARNING  | scanner                   | Sector check: XLY not found in indicator results
2026-06-24 22:43:54 | WARNING  | scanner                   | Sector check: XLP not found in indicator results
2026-06-24 22:43:54 | WARNING  | scanner                   | Sector check: XLU not found in indicator results
2026-06-24 22:43:54 | WARNING  | scanner                   | Sector check: XLB not found in indicator results
2026-06-24 22:43:54 | WARNING  | scanner                   | Sector check: XLRE not found in indicator results
2026-06-24 22:43:54 | WARNING  | scanner                   | Sector check: XLC not found in indicator results
2026-06-24 22:43:54 | INFO     | scanner                   | Sector | XLK: BULLISH
2026-06-24 22:43:54 | INFO     | scanner                   | Sector | XLF: BULLISH
2026-06-24 22:43:54 | INFO     | scanner                   | Sector | XLE: BEARISH
2026-06-24 22:43:54 | INFO     | scanner                   | Sector | XLV: BULLISH
2026-06-24 22:43:54 | INFO     | scanner                   | Sector | XLI: BULLISH
2026-06-24 22:43:54 | INFO     | scanner                   | Sector | XLY: BULLISH
2026-06-24 22:43:54 | INFO     | scanner                   | Sector | XLP: BEARISH
2026-06-24 22:43:54 | INFO     | scanner                   | Sector | XLU: BEARISH
2026-06-24 22:43:54 | INFO     | scanner                   | Sector | XLB: BEARISH
2026-06-24 22:43:54 | INFO     | scanner                   | Sector | XLRE: BEARISH
2026-06-24 22:43:54 | INFO     | scanner                   | Sector | XLC: BEARISH
2026-06-24 22:43:54 | WARNING  | scanner                   | Sector check: XLK not found in indicator results
2026-06-24 22:43:54 | WARNING  | scanner                   | Sector check: XLF not found in indicator results
2026-06-24 22:43:54 | WARNING  | scanner                   | Sector check: XLE not found in indicator results
2026-06-24 22:43:54 | WARNING  | scanner                   | Sector check: XLV not found in indicator results
2026-06-24 22:43:54 | WARNING  | scanner                   | Sector check: XLI not found in indicator results
2026-06-24 22:43:54 | WARNING  | scanner                   | Sector check: XLY not found in indicator results
2026-06-24 22:43:54 | WARNING  | scanner                   | Sector check: XLP not found in indicator results
2026-06-24 22:43:54 | WARNING  | scanner                   | Sector check: XLU not found in indicator results
2026-06-24 22:43:54 | WARNING  | scanner                   | Sector check: XLB not found in indicator results
2026-06-24 22:43:54 | WARNING  | scanner                   | Sector check: XLRE not found in indicator results
2026-06-24 22:43:54 | WARNING  | scanner                   | Sector check: XLC not found in indicator results
2026-06-24 22:43:54 | INFO     | scanner                   | Sector | XLK: BULLISH
2026-06-24 22:43:54 | INFO     | scanner                   | Sector | XLF: BULLISH
2026-06-24 22:43:54 | INFO     | scanner                   | Sector | XLE: BEARISH
2026-06-24 22:43:54 | INFO     | scanner                   | Sector | XLV: BULLISH
2026-06-24 22:43:54 | INFO     | scanner                   | Sector | XLI: BULLISH
2026-06-24 22:43:54 | INFO     | scanner                   | Sector | XLY: BULLISH
2026-06-24 22:43:54 | INFO     | scanner                   | Sector | XLP: BEARISH
2026-06-24 22:43:54 | INFO     | scanner                   | Sector | XLU: BEARISH
2026-06-24 22:43:54 | INFO     | scanner                   | Sector | XLB: BULLISH
2026-06-24 22:43:54 | INFO     | scanner                   | Sector | XLRE: BEARISH
2026-06-24 22:43:54 | INFO     | scanner                   | Sector | XLC: BEARISH
2026-06-24 22:43:54 | WARNING  | scanner                   | Sector check: XLK not found in indicator results
2026-06-24 22:43:54 | WARNING  | scanner                   | Sector check: XLF not found in indicator results
2026-06-24 22:43:54 | WARNING  | scanner                   | Sector check: XLE not found in indicator results
2026-06-24 22:43:54 | WARNING  | scanner                   | Sector check: XLV not found in indicator results
2026-06-24 22:43:54 | WARNING  | scanner                   | Sector check: XLI not found in indicator results
2026-06-24 22:43:54 | WARNING  | scanner                   | Sector check: XLY not found in indicator results
2026-06-24 22:43:54 | WARNING  | scanner                   | Sector check: XLP not found in indicator results
2026-06-24 22:43:54 | WARNING  | scanner                   | Sector check: XLU not found in indicator results
2026-06-24 22:43:54 | WARNING  | scanner                   | Sector check: XLB not found in indicator results
2026-06-24 22:43:54 | WARNING  | scanner                   | Sector check: XLRE not found in indicator results
2026-06-24 22:43:54 | WARNING  | scanner                   | Sector check: XLC not found in indicator results
2026-06-24 22:43:54 | INFO     | scanner                   | Sector | XLK: BULLISH
2026-06-24 22:43:54 | INFO     | scanner                   | Sector | XLF: BULLISH
2026-06-24 22:43:54 | INFO     | scanner                   | Sector | XLE: BEARISH
2026-06-24 22:43:54 | INFO     | scanner                   | Sector | XLV: BULLISH
2026-06-24 22:43:54 | INFO     | scanner                   | Sector | XLI: BULLISH
2026-06-24 22:43:54 | INFO     | scanner                   | Sector | XLY: BULLISH
2026-06-24 22:43:54 | INFO     | scanner                   | Sector | XLP: BEARISH
2026-06-24 22:43:54 | INFO     | scanner                   | Sector | XLU: BEARISH
2026-06-24 22:43:54 | INFO     | scanner                   | Sector | XLB: BULLISH
2026-06-24 22:43:54 | INFO     | scanner                   | Sector | XLRE: BEARISH
2026-06-24 22:43:54 | INFO     | scanner                   | Sector | XLC: BEARISH
2026-06-24 22:43:54 | WARNING  | scanner                   | Sector check: XLK not found in indicator results
2026-06-24 22:43:54 | WARNING  | scanner                   | Sector check: XLF not found in indicator results
2026-06-24 22:43:54 | WARNING  | scanner                   | Sector check: XLE not found in indicator results
2026-06-24 22:43:54 | WARNING  | scanner                   | Sector check: XLV not found in indicator results
2026-06-24 22:43:54 | WARNING  | scanner                   | Sector check: XLI not found in indicator results
2026-06-24 22:43:54 | WARNING  | scanner                   | Sector check: XLY not found in indicator results
2026-06-24 22:43:54 | WARNING  | scanner                   | Sector check: XLP not found in indicator results
2026-06-24 22:43:54 | WARNING  | scanner                   | Sector check: XLU not found in indicator results
2026-06-24 22:43:54 | WARNING  | scanner                   | Sector check: XLB not found in indicator results
2026-06-24 22:43:54 | WARNING  | scanner                   | Sector check: XLRE not found in indicator results
2026-06-24 22:43:54 | WARNING  | scanner                   | Sector check: XLC not found in indicator results
2026-06-24 22:43:54 | INFO     | scanner                   | Sector | XLK: BULLISH
2026-06-24 22:43:54 | INFO     | scanner                   | Sector | XLF: BEARISH
2026-06-24 22:43:54 | INFO     | scanner                   | Sector | XLE: BEARISH
2026-06-24 22:43:54 | INFO     | scanner                   | Sector | XLV: BULLISH
2026-06-24 22:43:54 | INFO     | scanner                   | Sector | XLI: BULLISH
2026-06-24 22:43:54 | INFO     | scanner                   | Sector | XLY: BULLISH
2026-06-24 22:43:54 | INFO     | scanner                   | Sector | XLP: BEARISH
2026-06-24 22:43:54 | INFO     | scanner                   | Sector | XLU: BEARISH
2026-06-24 22:43:54 | INFO     | scanner                   | Sector | XLB: BULLISH
2026-06-24 22:43:54 | INFO     | scanner                   | Sector | XLRE: BEARISH
2026-06-24 22:43:54 | INFO     | scanner                   | Sector | XLC: BEARISH
2026-06-24 22:43:54 | WARNING  | scanner                   | Sector check: XLK not found in indicator results
2026-06-24 22:43:54 | WARNING  | scanner                   | Sector check: XLF not found in indicator results
2026-06-24 22:43:54 | WARNING  | scanner                   | Sector check: XLE not found in indicator results
2026-06-24 22:43:54 | WARNING  | scanner                   | Sector check: XLV not found in indicator results
2026-06-24 22:43:54 | WARNING  | scanner                   | Sector check: XLI not found in indicator results
2026-06-24 22:43:54 | WARNING  | scanner                   | Sector check: XLY not found in indicator results
2026-06-24 22:43:54 | WARNING  | scanner                   | Sector check: XLP not found in indicator results
2026-06-24 22:43:54 | WARNING  | scanner                   | Sector check: XLU not found in indicator results
2026-06-24 22:43:54 | WARNING  | scanner                   | Sector check: XLB not found in indicator results
2026-06-24 22:43:54 | WARNING  | scanner                   | Sector check: XLRE not found in indicator results
2026-06-24 22:43:54 | WARNING  | scanner                   | Sector check: XLC not found in indicator results
2026-06-24 22:43:54 | INFO     | scanner                   | Sector | XLK: BULLISH
2026-06-24 22:43:54 | INFO     | scanner                   | Sector | XLF: BEARISH
2026-06-24 22:43:54 | INFO     | scanner                   | Sector | XLE: BEARISH
2026-06-24 22:43:54 | INFO     | scanner                   | Sector | XLV: BULLISH
2026-06-24 22:43:54 | INFO     | scanner                   | Sector | XLI: BULLISH
2026-06-24 22:43:54 | INFO     | scanner                   | Sector | XLY: BULLISH
2026-06-24 22:43:54 | INFO     | scanner                   | Sector | XLP: BEARISH
2026-06-24 22:43:54 | INFO     | scanner                   | Sector | XLU: BEARISH
2026-06-24 22:43:54 | INFO     | scanner                   | Sector | XLB: BULLISH
2026-06-24 22:43:54 | INFO     | scanner                   | Sector | XLRE: BEARISH
2026-06-24 22:43:54 | INFO     | scanner                   | Sector | XLC: BEARISH
2026-06-24 22:43:54 | WARNING  | scanner                   | Sector check: XLK not found in indicator results
2026-06-24 22:43:54 | WARNING  | scanner                   | Sector check: XLF not found in indicator results
2026-06-24 22:43:54 | WARNING  | scanner                   | Sector check: XLE not found in indicator results
2026-06-24 22:43:54 | WARNING  | scanner                   | Sector check: XLV not found in indicator results
2026-06-24 22:43:54 | WARNING  | scanner                   | Sector check: XLI not found in indicator results
2026-06-24 22:43:54 | WARNING  | scanner                   | Sector check: XLY not found in indicator results
2026-06-24 22:43:54 | WARNING  | scanner                   | Sector check: XLP not found in indicator results
2026-06-24 22:43:54 | WARNING  | scanner                   | Sector check: XLU not found in indicator results
2026-06-24 22:43:54 | WARNING  | scanner                   | Sector check: XLB not found in indicator results
2026-06-24 22:43:54 | WARNING  | scanner                   | Sector check: XLRE not found in indicator results
2026-06-24 22:43:54 | WARNING  | scanner                   | Sector check: XLC not found in indicator results
2026-06-24 22:43:54 | INFO     | scanner                   | Sector | XLK: BULLISH
2026-06-24 22:43:54 | INFO     | scanner                   | Sector | XLF: BEARISH
2026-06-24 22:43:54 | INFO     | scanner                   | Sector | XLE: BEARISH
2026-06-24 22:43:54 | INFO     | scanner                   | Sector | XLV: BULLISH
2026-06-24 22:43:54 | INFO     | scanner                   | Sector | XLI: BULLISH
2026-06-24 22:43:54 | INFO     | scanner                   | Sector | XLY: BULLISH
2026-06-24 22:43:54 | INFO     | scanner                   | Sector | XLP: BEARISH
2026-06-24 22:43:54 | INFO     | scanner                   | Sector | XLU: BEARISH
2026-06-24 22:43:54 | INFO     | scanner                   | Sector | XLB: BULLISH
2026-06-24 22:43:54 | INFO     | scanner                   | Sector | XLRE: BEARISH
2026-06-24 22:43:54 | INFO     | scanner                   | Sector | XLC: BEARISH
2026-06-24 22:43:54 | WARNING  | scanner                   | Sector check: XLK not found in indicator results
2026-06-24 22:43:54 | WARNING  | scanner                   | Sector check: XLF not found in indicator results
2026-06-24 22:43:54 | WARNING  | scanner                   | Sector check: XLE not found in indicator results
2026-06-24 22:43:54 | WARNING  | scanner                   | Sector check: XLV not found in indicator results
2026-06-24 22:43:54 | WARNING  | scanner                   | Sector check: XLI not found in indicator results
2026-06-24 22:43:54 | WARNING  | scanner                   | Sector check: XLY not found in indicator results
2026-06-24 22:43:54 | WARNING  | scanner                   | Sector check: XLP not found in indicator results
2026-06-24 22:43:54 | WARNING  | scanner                   | Sector check: XLU not found in indicator results
2026-06-24 22:43:54 | WARNING  | scanner                   | Sector check: XLB not found in indicator results
2026-06-24 22:43:54 | WARNING  | scanner                   | Sector check: XLRE not found in indicator results
2026-06-24 22:43:54 | WARNING  | scanner                   | Sector check: XLC not found in indicator results
2026-06-24 22:43:54 | INFO     | scanner                   | Sector | XLK: BULLISH
2026-06-24 22:43:54 | INFO     | scanner                   | Sector | XLF: BULLISH
2026-06-24 22:43:54 | INFO     | scanner                   | Sector | XLE: BEARISH
2026-06-24 22:43:54 | INFO     | scanner                   | Sector | XLV: BULLISH
2026-06-24 22:43:54 | INFO     | scanner                   | Sector | XLI: BULLISH
2026-06-24 22:43:54 | INFO     | scanner                   | Sector | XLY: BULLISH
2026-06-24 22:43:54 | INFO     | scanner                   | Sector | XLP: BEARISH
2026-06-24 22:43:54 | INFO     | scanner                   | Sector | XLU: BEARISH
2026-06-24 22:43:54 | INFO     | scanner                   | Sector | XLB: BULLISH
2026-06-24 22:43:54 | INFO     | scanner                   | Sector | XLRE: BEARISH
2026-06-24 22:43:54 | INFO     | scanner                   | Sector | XLC: BEARISH
2026-06-24 22:43:54 | WARNING  | scanner                   | Sector check: XLK not found in indicator results
2026-06-24 22:43:54 | WARNING  | scanner                   | Sector check: XLF not found in indicator results
2026-06-24 22:43:54 | WARNING  | scanner                   | Sector check: XLE not found in indicator results
2026-06-24 22:43:54 | WARNING  | scanner                   | Sector check: XLV not found in indicator results
2026-06-24 22:43:54 | WARNING  | scanner                   | Sector check: XLI not found in indicator results
2026-06-24 22:43:54 | WARNING  | scanner                   | Sector check: XLY not found in indicator results
2026-06-24 22:43:54 | WARNING  | scanner                   | Sector check: XLP not found in indicator results
2026-06-24 22:43:54 | WARNING  | scanner                   | Sector check: XLU not found in indicator results
2026-06-24 22:43:54 | WARNING  | scanner                   | Sector check: XLB not found in indicator results
2026-06-24 22:43:54 | WARNING  | scanner                   | Sector check: XLRE not found in indicator results
2026-06-24 22:43:54 | WARNING  | scanner                   | Sector check: XLC not found in indicator results
2026-06-24 22:43:54 | INFO     | scanner                   | Sector | XLK: BULLISH
2026-06-24 22:43:54 | INFO     | scanner                   | Sector | XLF: BULLISH
2026-06-24 22:43:54 | INFO     | scanner                   | Sector | XLE: BEARISH
2026-06-24 22:43:54 | INFO     | scanner                   | Sector | XLV: BULLISH
2026-06-24 22:43:54 | INFO     | scanner                   | Sector | XLI: BULLISH
2026-06-24 22:43:54 | INFO     | scanner                   | Sector | XLY: BULLISH
2026-06-24 22:43:54 | INFO     | scanner                   | Sector | XLP: BEARISH
2026-06-24 22:43:54 | INFO     | scanner                   | Sector | XLU: BEARISH
2026-06-24 22:43:54 | INFO     | scanner                   | Sector | XLB: BULLISH
2026-06-24 22:43:54 | INFO     | scanner                   | Sector | XLRE: BEARISH
2026-06-24 22:43:54 | INFO     | scanner                   | Sector | XLC: BEARISH
2026-06-24 22:43:54 | WARNING  | scanner                   | Sector check: XLK not found in indicator results
2026-06-24 22:43:54 | WARNING  | scanner                   | Sector check: XLF not found in indicator results
2026-06-24 22:43:54 | WARNING  | scanner                   | Sector check: XLE not found in indicator results
2026-06-24 22:43:54 | WARNING  | scanner                   | Sector check: XLV not found in indicator results
2026-06-24 22:43:54 | WARNING  | scanner                   | Sector check: XLI not found in indicator results
2026-06-24 22:43:54 | WARNING  | scanner                   | Sector check: XLY not found in indicator results
2026-06-24 22:43:54 | WARNING  | scanner                   | Sector check: XLP not found in indicator results
2026-06-24 22:43:54 | WARNING  | scanner                   | Sector check: XLU not found in indicator results
2026-06-24 22:43:54 | WARNING  | scanner                   | Sector check: XLB not found in indicator results
2026-06-24 22:43:54 | WARNING  | scanner                   | Sector check: XLRE not found in indicator results
2026-06-24 22:43:54 | WARNING  | scanner                   | Sector check: XLC not found in indicator results
2026-06-24 22:43:54 | INFO     | scanner                   | Sector | XLK: BULLISH
2026-06-24 22:43:54 | INFO     | scanner                   | Sector | XLF: BULLISH
2026-06-24 22:43:54 | INFO     | scanner                   | Sector | XLE: BEARISH
2026-06-24 22:43:54 | INFO     | scanner                   | Sector | XLV: BULLISH
2026-06-24 22:43:54 | INFO     | scanner                   | Sector | XLI: BULLISH
2026-06-24 22:43:54 | INFO     | scanner                   | Sector | XLY: BULLISH
2026-06-24 22:43:54 | INFO     | scanner                   | Sector | XLP: BEARISH
2026-06-24 22:43:54 | INFO     | scanner                   | Sector | XLU: BEARISH
2026-06-24 22:43:54 | INFO     | scanner                   | Sector | XLB: BULLISH
2026-06-24 22:43:54 | INFO     | scanner                   | Sector | XLRE: BEARISH
2026-06-24 22:43:54 | INFO     | scanner                   | Sector | XLC: BEARISH
2026-06-24 22:43:54 | WARNING  | scanner                   | Sector check: XLK not found in indicator results
2026-06-24 22:43:54 | WARNING  | scanner                   | Sector check: XLF not found in indicator results
2026-06-24 22:43:54 | WARNING  | scanner                   | Sector check: XLE not found in indicator results
2026-06-24 22:43:54 | WARNING  | scanner                   | Sector check: XLV not found in indicator results
2026-06-24 22:43:54 | WARNING  | scanner                   | Sector check: XLI not found in indicator results
2026-06-24 22:43:54 | WARNING  | scanner                   | Sector check: XLY not found in indicator results
2026-06-24 22:43:54 | WARNING  | scanner                   | Sector check: XLP not found in indicator results
2026-06-24 22:43:54 | WARNING  | scanner                   | Sector check: XLU not found in indicator results
2026-06-24 22:43:54 | WARNING  | scanner                   | Sector check: XLB not found in indicator results
2026-06-24 22:43:54 | WARNING  | scanner                   | Sector check: XLRE not found in indicator results
2026-06-24 22:43:54 | WARNING  | scanner                   | Sector check: XLC not found in indicator results
2026-06-24 22:43:54 | INFO     | scanner                   | Sector | XLK: BULLISH
2026-06-24 22:43:54 | INFO     | scanner                   | Sector | XLF: BULLISH
2026-06-24 22:43:54 | INFO     | scanner                   | Sector | XLE: BEARISH
2026-06-24 22:43:54 | INFO     | scanner                   | Sector | XLV: BULLISH
2026-06-24 22:43:54 | INFO     | scanner                   | Sector | XLI: BULLISH
2026-06-24 22:43:54 | INFO     | scanner                   | Sector | XLY: BULLISH
2026-06-24 22:43:54 | INFO     | scanner                   | Sector | XLP: BEARISH
2026-06-24 22:43:54 | INFO     | scanner                   | Sector | XLU: BEARISH
2026-06-24 22:43:54 | INFO     | scanner                   | Sector | XLB: BULLISH
2026-06-24 22:43:54 | INFO     | scanner                   | Sector | XLRE: BEARISH
2026-06-24 22:43:54 | INFO     | scanner                   | Sector | XLC: BEARISH
2026-06-24 22:43:54 | WARNING  | scanner                   | Sector check: XLK not found in indicator results
2026-06-24 22:43:54 | WARNING  | scanner                   | Sector check: XLF not found in indicator results
2026-06-24 22:43:54 | WARNING  | scanner                   | Sector check: XLE not found in indicator results
2026-06-24 22:43:54 | WARNING  | scanner                   | Sector check: XLV not found in indicator results
2026-06-24 22:43:54 | WARNING  | scanner                   | Sector check: XLI not found in indicator results
2026-06-24 22:43:54 | WARNING  | scanner                   | Sector check: XLY not found in indicator results
2026-06-24 22:43:54 | WARNING  | scanner                   | Sector check: XLP not found in indicator results
2026-06-24 22:43:54 | WARNING  | scanner                   | Sector check: XLU not found in indicator results
2026-06-24 22:43:54 | WARNING  | scanner                   | Sector check: XLB not found in indicator results
2026-06-24 22:43:54 | WARNING  | scanner                   | Sector check: XLRE not found in indicator results
2026-06-24 22:43:54 | WARNING  | scanner                   | Sector check: XLC not found in indicator results
2026-06-24 22:43:54 | INFO     | scanner                   | Sector | XLK: BULLISH
2026-06-24 22:43:54 | INFO     | scanner                   | Sector | XLF: BULLISH
2026-06-24 22:43:54 | INFO     | scanner                   | Sector | XLE: BEARISH
2026-06-24 22:43:54 | INFO     | scanner                   | Sector | XLV: BULLISH
2026-06-24 22:43:54 | INFO     | scanner                   | Sector | XLI: BULLISH
2026-06-24 22:43:54 | INFO     | scanner                   | Sector | XLY: BULLISH
2026-06-24 22:43:54 | INFO     | scanner                   | Sector | XLP: BEARISH
2026-06-24 22:43:54 | INFO     | scanner                   | Sector | XLU: BEARISH
2026-06-24 22:43:54 | INFO     | scanner                   | Sector | XLB: BULLISH
2026-06-24 22:43:54 | INFO     | scanner                   | Sector | XLRE: BEARISH
2026-06-24 22:43:54 | INFO     | scanner                   | Sector | XLC: BEARISH
2026-06-24 22:43:54 | WARNING  | scanner                   | Sector check: XLK not found in indicator results
2026-06-24 22:43:54 | WARNING  | scanner                   | Sector check: XLF not found in indicator results
2026-06-24 22:43:54 | WARNING  | scanner                   | Sector check: XLE not found in indicator results
2026-06-24 22:43:54 | WARNING  | scanner                   | Sector check: XLV not found in indicator results
2026-06-24 22:43:54 | WARNING  | scanner                   | Sector check: XLI not found in indicator results
2026-06-24 22:43:54 | WARNING  | scanner                   | Sector check: XLY not found in indicator results
2026-06-24 22:43:54 | WARNING  | scanner                   | Sector check: XLP not found in indicator results
2026-06-24 22:43:54 | WARNING  | scanner                   | Sector check: XLU not found in indicator results
2026-06-24 22:43:54 | WARNING  | scanner                   | Sector check: XLB not found in indicator results
2026-06-24 22:43:54 | WARNING  | scanner                   | Sector check: XLRE not found in indicator results
2026-06-24 22:43:54 | WARNING  | scanner                   | Sector check: XLC not found in indicator results
2026-06-24 22:43:54 | INFO     | scanner                   | Sector | XLK: BULLISH
2026-06-24 22:43:54 | INFO     | scanner                   | Sector | XLF: BULLISH
2026-06-24 22:43:54 | INFO     | scanner                   | Sector | XLE: BEARISH
2026-06-24 22:43:54 | INFO     | scanner                   | Sector | XLV: BULLISH
2026-06-24 22:43:54 | INFO     | scanner                   | Sector | XLI: BULLISH
2026-06-24 22:43:54 | INFO     | scanner                   | Sector | XLY: BULLISH
2026-06-24 22:43:54 | INFO     | scanner                   | Sector | XLP: BEARISH
2026-06-24 22:43:54 | INFO     | scanner                   | Sector | XLU: BEARISH
2026-06-24 22:43:54 | INFO     | scanner                   | Sector | XLB: BULLISH
2026-06-24 22:43:54 | INFO     | scanner                   | Sector | XLRE: BEARISH
2026-06-24 22:43:54 | INFO     | scanner                   | Sector | XLC: BEARISH
2026-06-24 22:43:54 | WARNING  | scanner                   | Sector check: XLK not found in indicator results
2026-06-24 22:43:54 | WARNING  | scanner                   | Sector check: XLF not found in indicator results
2026-06-24 22:43:54 | WARNING  | scanner                   | Sector check: XLE not found in indicator results
2026-06-24 22:43:54 | WARNING  | scanner                   | Sector check: XLV not found in indicator results
2026-06-24 22:43:54 | WARNING  | scanner                   | Sector check: XLI not found in indicator results
2026-06-24 22:43:54 | WARNING  | scanner                   | Sector check: XLY not found in indicator results
2026-06-24 22:43:54 | WARNING  | scanner                   | Sector check: XLP not found in indicator results
2026-06-24 22:43:54 | WARNING  | scanner                   | Sector check: XLU not found in indicator results
2026-06-24 22:43:54 | WARNING  | scanner                   | Sector check: XLB not found in indicator results
2026-06-24 22:43:54 | WARNING  | scanner                   | Sector check: XLRE not found in indicator results
2026-06-24 22:43:54 | WARNING  | scanner                   | Sector check: XLC not found in indicator results
2026-06-24 22:43:54 | INFO     | scanner                   | Sector | XLK: BULLISH
2026-06-24 22:43:54 | INFO     | scanner                   | Sector | XLF: BULLISH
2026-06-24 22:43:54 | INFO     | scanner                   | Sector | XLE: BEARISH
2026-06-24 22:43:54 | INFO     | scanner                   | Sector | XLV: BULLISH
2026-06-24 22:43:54 | INFO     | scanner                   | Sector | XLI: BULLISH
2026-06-24 22:43:54 | INFO     | scanner                   | Sector | XLY: BULLISH
2026-06-24 22:43:54 | INFO     | scanner                   | Sector | XLP: BEARISH
2026-06-24 22:43:54 | INFO     | scanner                   | Sector | XLU: BEARISH
2026-06-24 22:43:54 | INFO     | scanner                   | Sector | XLB: BULLISH
2026-06-24 22:43:54 | INFO     | scanner                   | Sector | XLRE: BULLISH
2026-06-24 22:43:54 | INFO     | scanner                   | Sector | XLC: BEARISH
2026-06-24 22:43:54 | WARNING  | scanner                   | Sector check: XLK not found in indicator results
2026-06-24 22:43:54 | WARNING  | scanner                   | Sector check: XLF not found in indicator results
2026-06-24 22:43:54 | WARNING  | scanner                   | Sector check: XLE not found in indicator results
2026-06-24 22:43:54 | WARNING  | scanner                   | Sector check: XLV not found in indicator results
2026-06-24 22:43:54 | WARNING  | scanner                   | Sector check: XLI not found in indicator results
2026-06-24 22:43:54 | WARNING  | scanner                   | Sector check: XLY not found in indicator results
2026-06-24 22:43:54 | WARNING  | scanner                   | Sector check: XLP not found in indicator results
2026-06-24 22:43:54 | WARNING  | scanner                   | Sector check: XLU not found in indicator results
2026-06-24 22:43:54 | WARNING  | scanner                   | Sector check: XLB not found in indicator results
2026-06-24 22:43:54 | WARNING  | scanner                   | Sector check: XLRE not found in indicator results
2026-06-24 22:43:54 | WARNING  | scanner                   | Sector check: XLC not found in indicator results
2026-06-24 22:43:54 | INFO     | scanner                   | Sector | XLK: BULLISH
2026-06-24 22:43:54 | INFO     | scanner                   | Sector | XLF: BULLISH
2026-06-24 22:43:54 | INFO     | scanner                   | Sector | XLE: BEARISH
2026-06-24 22:43:54 | INFO     | scanner                   | Sector | XLV: BULLISH
2026-06-24 22:43:54 | INFO     | scanner                   | Sector | XLI: BULLISH
2026-06-24 22:43:54 | INFO     | scanner                   | Sector | XLY: BULLISH
2026-06-24 22:43:54 | INFO     | scanner                   | Sector | XLP: BEARISH
2026-06-24 22:43:54 | INFO     | scanner                   | Sector | XLU: BEARISH
2026-06-24 22:43:54 | INFO     | scanner                   | Sector | XLB: BULLISH
2026-06-24 22:43:54 | INFO     | scanner                   | Sector | XLRE: BULLISH
2026-06-24 22:43:54 | INFO     | scanner                   | Sector | XLC: BEARISH
2026-06-24 22:43:54 | WARNING  | scanner                   | Sector check: XLK not found in indicator results
2026-06-24 22:43:54 | WARNING  | scanner                   | Sector check: XLF not found in indicator results
2026-06-24 22:43:54 | WARNING  | scanner                   | Sector check: XLE not found in indicator results
2026-06-24 22:43:54 | WARNING  | scanner                   | Sector check: XLV not found in indicator results
2026-06-24 22:43:54 | WARNING  | scanner                   | Sector check: XLI not found in indicator results
2026-06-24 22:43:54 | WARNING  | scanner                   | Sector check: XLY not found in indicator results
2026-06-24 22:43:54 | WARNING  | scanner                   | Sector check: XLP not found in indicator results
2026-06-24 22:43:54 | WARNING  | scanner                   | Sector check: XLU not found in indicator results
2026-06-24 22:43:54 | WARNING  | scanner                   | Sector check: XLB not found in indicator results
2026-06-24 22:43:54 | WARNING  | scanner                   | Sector check: XLRE not found in indicator results
2026-06-24 22:43:54 | WARNING  | scanner                   | Sector check: XLC not found in indicator results
2026-06-24 22:43:54 | INFO     | scanner                   | Sector | XLK: BULLISH
2026-06-24 22:43:54 | INFO     | scanner                   | Sector | XLF: BULLISH
2026-06-24 22:43:54 | INFO     | scanner                   | Sector | XLE: BEARISH
2026-06-24 22:43:54 | INFO     | scanner                   | Sector | XLV: BULLISH
2026-06-24 22:43:54 | INFO     | scanner                   | Sector | XLI: BULLISH
2026-06-24 22:43:54 | INFO     | scanner                   | Sector | XLY: BULLISH
2026-06-24 22:43:54 | INFO     | scanner                   | Sector | XLP: BEARISH
2026-06-24 22:43:54 | INFO     | scanner                   | Sector | XLU: BEARISH
2026-06-24 22:43:54 | INFO     | scanner                   | Sector | XLB: BULLISH
2026-06-24 22:43:54 | INFO     | scanner                   | Sector | XLRE: BULLISH
2026-06-24 22:43:54 | INFO     | scanner                   | Sector | XLC: BEARISH
2026-06-24 22:43:54 | WARNING  | scanner                   | Sector check: XLK not found in indicator results
2026-06-24 22:43:54 | WARNING  | scanner                   | Sector check: XLF not found in indicator results
2026-06-24 22:43:54 | WARNING  | scanner                   | Sector check: XLE not found in indicator results
2026-06-24 22:43:54 | WARNING  | scanner                   | Sector check: XLV not found in indicator results
2026-06-24 22:43:54 | WARNING  | scanner                   | Sector check: XLI not found in indicator results
2026-06-24 22:43:54 | WARNING  | scanner                   | Sector check: XLY not found in indicator results
2026-06-24 22:43:54 | WARNING  | scanner                   | Sector check: XLP not found in indicator results
2026-06-24 22:43:54 | WARNING  | scanner                   | Sector check: XLU not found in indicator results
2026-06-24 22:43:54 | WARNING  | scanner                   | Sector check: XLB not found in indicator results
2026-06-24 22:43:54 | WARNING  | scanner                   | Sector check: XLRE not found in indicator results
2026-06-24 22:43:54 | WARNING  | scanner                   | Sector check: XLC not found in indicator results
2026-06-24 22:43:54 | INFO     | scanner                   | Sector | XLK: BULLISH
2026-06-24 22:43:54 | INFO     | scanner                   | Sector | XLF: BULLISH
2026-06-24 22:43:54 | INFO     | scanner                   | Sector | XLE: BEARISH
2026-06-24 22:43:54 | INFO     | scanner                   | Sector | XLV: BULLISH
2026-06-24 22:43:54 | INFO     | scanner                   | Sector | XLI: BULLISH
2026-06-24 22:43:54 | INFO     | scanner                   | Sector | XLY: BULLISH
2026-06-24 22:43:54 | INFO     | scanner                   | Sector | XLP: BEARISH
2026-06-24 22:43:54 | INFO     | scanner                   | Sector | XLU: BEARISH
2026-06-24 22:43:54 | INFO     | scanner                   | Sector | XLB: BULLISH
2026-06-24 22:43:54 | INFO     | scanner                   | Sector | XLRE: BULLISH
2026-06-24 22:43:54 | INFO     | scanner                   | Sector | XLC: BEARISH
2026-06-24 22:43:54 | WARNING  | scanner                   | Sector check: XLK not found in indicator results
2026-06-24 22:43:54 | WARNING  | scanner                   | Sector check: XLF not found in indicator results
2026-06-24 22:43:54 | WARNING  | scanner                   | Sector check: XLE not found in indicator results
2026-06-24 22:43:54 | WARNING  | scanner                   | Sector check: XLV not found in indicator results
2026-06-24 22:43:54 | WARNING  | scanner                   | Sector check: XLI not found in indicator results
2026-06-24 22:43:54 | WARNING  | scanner                   | Sector check: XLY not found in indicator results
2026-06-24 22:43:54 | WARNING  | scanner                   | Sector check: XLP not found in indicator results
2026-06-24 22:43:54 | WARNING  | scanner                   | Sector check: XLU not found in indicator results
2026-06-24 22:43:54 | WARNING  | scanner                   | Sector check: XLB not found in indicator results
2026-06-24 22:43:54 | WARNING  | scanner                   | Sector check: XLRE not found in indicator results
2026-06-24 22:43:54 | WARNING  | scanner                   | Sector check: XLC not found in indicator results
2026-06-24 22:43:54 | INFO     | scanner                   | Sector | XLK: BULLISH
2026-06-24 22:43:54 | INFO     | scanner                   | Sector | XLF: BULLISH
2026-06-24 22:43:54 | INFO     | scanner                   | Sector | XLE: BEARISH
2026-06-24 22:43:54 | INFO     | scanner                   | Sector | XLV: BULLISH
2026-06-24 22:43:54 | INFO     | scanner                   | Sector | XLI: BULLISH
2026-06-24 22:43:54 | INFO     | scanner                   | Sector | XLY: BULLISH
2026-06-24 22:43:54 | INFO     | scanner                   | Sector | XLP: BEARISH
2026-06-24 22:43:54 | INFO     | scanner                   | Sector | XLU: BEARISH
2026-06-24 22:43:54 | INFO     | scanner                   | Sector | XLB: BULLISH
2026-06-24 22:43:54 | INFO     | scanner                   | Sector | XLRE: BULLISH
2026-06-24 22:43:54 | INFO     | scanner                   | Sector | XLC: BEARISH
2026-06-24 22:43:54 | WARNING  | scanner                   | Sector check: XLK not found in indicator results
2026-06-24 22:43:54 | WARNING  | scanner                   | Sector check: XLF not found in indicator results
2026-06-24 22:43:54 | WARNING  | scanner                   | Sector check: XLE not found in indicator results
2026-06-24 22:43:54 | WARNING  | scanner                   | Sector check: XLV not found in indicator results
2026-06-24 22:43:54 | WARNING  | scanner                   | Sector check: XLI not found in indicator results
2026-06-24 22:43:54 | WARNING  | scanner                   | Sector check: XLY not found in indicator results
2026-06-24 22:43:54 | WARNING  | scanner                   | Sector check: XLP not found in indicator results
2026-06-24 22:43:54 | WARNING  | scanner                   | Sector check: XLU not found in indicator results
2026-06-24 22:43:54 | WARNING  | scanner                   | Sector check: XLB not found in indicator results
2026-06-24 22:43:54 | WARNING  | scanner                   | Sector check: XLRE not found in indicator results
2026-06-24 22:43:54 | WARNING  | scanner                   | Sector check: XLC not found in indicator results
2026-06-24 22:43:54 | INFO     | scanner                   | Sector | XLK: BULLISH
2026-06-24 22:43:54 | INFO     | scanner                   | Sector | XLF: BULLISH
2026-06-24 22:43:54 | INFO     | scanner                   | Sector | XLE: BEARISH
2026-06-24 22:43:54 | INFO     | scanner                   | Sector | XLV: BULLISH
2026-06-24 22:43:54 | INFO     | scanner                   | Sector | XLI: BULLISH
2026-06-24 22:43:54 | INFO     | scanner                   | Sector | XLY: BULLISH
2026-06-24 22:43:54 | INFO     | scanner                   | Sector | XLP: BEARISH
2026-06-24 22:43:54 | INFO     | scanner                   | Sector | XLU: BEARISH
2026-06-24 22:43:54 | INFO     | scanner                   | Sector | XLB: BULLISH
2026-06-24 22:43:54 | INFO     | scanner                   | Sector | XLRE: BULLISH
2026-06-24 22:43:54 | INFO     | scanner                   | Sector | XLC: BEARISH
2026-06-24 22:43:54 | WARNING  | scanner                   | Sector check: XLK not found in indicator results
2026-06-24 22:43:54 | WARNING  | scanner                   | Sector check: XLF not found in indicator results
2026-06-24 22:43:54 | WARNING  | scanner                   | Sector check: XLE not found in indicator results
2026-06-24 22:43:54 | WARNING  | scanner                   | Sector check: XLV not found in indicator results
2026-06-24 22:43:54 | WARNING  | scanner                   | Sector check: XLI not found in indicator results
2026-06-24 22:43:54 | WARNING  | scanner                   | Sector check: XLY not found in indicator results
2026-06-24 22:43:54 | WARNING  | scanner                   | Sector check: XLP not found in indicator results
2026-06-24 22:43:54 | WARNING  | scanner                   | Sector check: XLU not found in indicator results
2026-06-24 22:43:54 | WARNING  | scanner                   | Sector check: XLB not found in indicator results
2026-06-24 22:43:54 | WARNING  | scanner                   | Sector check: XLRE not found in indicator results
2026-06-24 22:43:54 | WARNING  | scanner                   | Sector check: XLC not found in indicator results
2026-06-24 22:43:54 | INFO     | scanner                   | Sector | XLK: BULLISH
2026-06-24 22:43:54 | INFO     | scanner                   | Sector | XLF: BULLISH
2026-06-24 22:43:54 | INFO     | scanner                   | Sector | XLE: BEARISH
2026-06-24 22:43:54 | INFO     | scanner                   | Sector | XLV: BULLISH
2026-06-24 22:43:54 | INFO     | scanner                   | Sector | XLI: BULLISH
2026-06-24 22:43:54 | INFO     | scanner                   | Sector | XLY: BULLISH
2026-06-24 22:43:54 | INFO     | scanner                   | Sector | XLP: BEARISH
2026-06-24 22:43:54 | INFO     | scanner                   | Sector | XLU: BEARISH
2026-06-24 22:43:54 | INFO     | scanner                   | Sector | XLB: BULLISH
2026-06-24 22:43:54 | INFO     | scanner                   | Sector | XLRE: BULLISH
2026-06-24 22:43:54 | INFO     | scanner                   | Sector | XLC: BEARISH
2026-06-24 22:43:54 | WARNING  | scanner                   | Sector check: XLK not found in indicator results
2026-06-24 22:43:54 | WARNING  | scanner                   | Sector check: XLF not found in indicator results
2026-06-24 22:43:54 | WARNING  | scanner                   | Sector check: XLE not found in indicator results
2026-06-24 22:43:54 | WARNING  | scanner                   | Sector check: XLV not found in indicator results
2026-06-24 22:43:54 | WARNING  | scanner                   | Sector check: XLI not found in indicator results
2026-06-24 22:43:54 | WARNING  | scanner                   | Sector check: XLY not found in indicator results
2026-06-24 22:43:54 | WARNING  | scanner                   | Sector check: XLP not found in indicator results
2026-06-24 22:43:54 | WARNING  | scanner                   | Sector check: XLU not found in indicator results
2026-06-24 22:43:54 | WARNING  | scanner                   | Sector check: XLB not found in indicator results
2026-06-24 22:43:54 | WARNING  | scanner                   | Sector check: XLRE not found in indicator results
2026-06-24 22:43:55 | WARNING  | scanner                   | Sector check: XLC not found in indicator results
2026-06-24 22:43:55 | INFO     | scanner                   | Sector | XLK: BULLISH
2026-06-24 22:43:55 | INFO     | scanner                   | Sector | XLF: BULLISH
2026-06-24 22:43:55 | INFO     | scanner                   | Sector | XLE: BEARISH
2026-06-24 22:43:55 | INFO     | scanner                   | Sector | XLV: BULLISH
2026-06-24 22:43:55 | INFO     | scanner                   | Sector | XLI: BULLISH
2026-06-24 22:43:55 | INFO     | scanner                   | Sector | XLY: BULLISH
2026-06-24 22:43:55 | INFO     | scanner                   | Sector | XLP: BEARISH
2026-06-24 22:43:55 | INFO     | scanner                   | Sector | XLU: BEARISH
2026-06-24 22:43:55 | INFO     | scanner                   | Sector | XLB: BULLISH
2026-06-24 22:43:55 | INFO     | scanner                   | Sector | XLRE: BULLISH
2026-06-24 22:43:55 | INFO     | scanner                   | Sector | XLC: BEARISH
2026-06-24 22:43:55 | WARNING  | scanner                   | Sector check: XLK not found in indicator results
2026-06-24 22:43:55 | WARNING  | scanner                   | Sector check: XLF not found in indicator results
2026-06-24 22:43:55 | WARNING  | scanner                   | Sector check: XLE not found in indicator results
2026-06-24 22:43:55 | WARNING  | scanner                   | Sector check: XLV not found in indicator results
2026-06-24 22:43:55 | WARNING  | scanner                   | Sector check: XLI not found in indicator results
2026-06-24 22:43:55 | WARNING  | scanner                   | Sector check: XLY not found in indicator results
2026-06-24 22:43:55 | WARNING  | scanner                   | Sector check: XLP not found in indicator results
2026-06-24 22:43:55 | WARNING  | scanner                   | Sector check: XLU not found in indicator results
2026-06-24 22:43:55 | WARNING  | scanner                   | Sector check: XLB not found in indicator results
2026-06-24 22:43:55 | WARNING  | scanner                   | Sector check: XLRE not found in indicator results
2026-06-24 22:43:55 | WARNING  | scanner                   | Sector check: XLC not found in indicator results
2026-06-24 22:43:55 | INFO     | scanner                   | Sector | XLK: BULLISH
2026-06-24 22:43:55 | INFO     | scanner                   | Sector | XLF: BULLISH
2026-06-24 22:43:55 | INFO     | scanner                   | Sector | XLE: BEARISH
2026-06-24 22:43:55 | INFO     | scanner                   | Sector | XLV: BULLISH
2026-06-24 22:43:55 | INFO     | scanner                   | Sector | XLI: BULLISH
2026-06-24 22:43:55 | INFO     | scanner                   | Sector | XLY: BULLISH
2026-06-24 22:43:55 | INFO     | scanner                   | Sector | XLP: BEARISH
2026-06-24 22:43:55 | INFO     | scanner                   | Sector | XLU: BEARISH
2026-06-24 22:43:55 | INFO     | scanner                   | Sector | XLB: BULLISH
2026-06-24 22:43:55 | INFO     | scanner                   | Sector | XLRE: BULLISH
2026-06-24 22:43:55 | INFO     | scanner                   | Sector | XLC: BEARISH
2026-06-24 22:43:55 | WARNING  | scanner                   | Sector check: XLK not found in indicator results
2026-06-24 22:43:55 | WARNING  | scanner                   | Sector check: XLF not found in indicator results
2026-06-24 22:43:55 | WARNING  | scanner                   | Sector check: XLE not found in indicator results
2026-06-24 22:43:55 | WARNING  | scanner                   | Sector check: XLV not found in indicator results
2026-06-24 22:43:55 | WARNING  | scanner                   | Sector check: XLI not found in indicator results
2026-06-24 22:43:55 | WARNING  | scanner                   | Sector check: XLY not found in indicator results
2026-06-24 22:43:55 | WARNING  | scanner                   | Sector check: XLP not found in indicator results
2026-06-24 22:43:55 | WARNING  | scanner                   | Sector check: XLU not found in indicator results
2026-06-24 22:43:55 | WARNING  | scanner                   | Sector check: XLB not found in indicator results
2026-06-24 22:43:55 | WARNING  | scanner                   | Sector check: XLRE not found in indicator results
2026-06-24 22:43:55 | WARNING  | scanner                   | Sector check: XLC not found in indicator results
2026-06-24 22:43:55 | INFO     | scanner                   | Sector | XLK: BULLISH
2026-06-24 22:43:55 | INFO     | scanner                   | Sector | XLF: BULLISH
2026-06-24 22:43:55 | INFO     | scanner                   | Sector | XLE: BEARISH
2026-06-24 22:43:55 | INFO     | scanner                   | Sector | XLV: BULLISH
2026-06-24 22:43:55 | INFO     | scanner                   | Sector | XLI: BULLISH
2026-06-24 22:43:55 | INFO     | scanner                   | Sector | XLY: BULLISH
2026-06-24 22:43:55 | INFO     | scanner                   | Sector | XLP: BEARISH
2026-06-24 22:43:55 | INFO     | scanner                   | Sector | XLU: BEARISH
2026-06-24 22:43:55 | INFO     | scanner                   | Sector | XLB: BULLISH
2026-06-24 22:43:55 | INFO     | scanner                   | Sector | XLRE: BULLISH
2026-06-24 22:43:55 | INFO     | scanner                   | Sector | XLC: BEARISH
2026-06-24 22:43:55 | WARNING  | scanner                   | Sector check: XLK not found in indicator results
2026-06-24 22:43:55 | WARNING  | scanner                   | Sector check: XLF not found in indicator results
2026-06-24 22:43:55 | WARNING  | scanner                   | Sector check: XLE not found in indicator results
2026-06-24 22:43:55 | WARNING  | scanner                   | Sector check: XLV not found in indicator results
2026-06-24 22:43:55 | WARNING  | scanner                   | Sector check: XLI not found in indicator results
2026-06-24 22:43:55 | WARNING  | scanner                   | Sector check: XLY not found in indicator results
2026-06-24 22:43:55 | WARNING  | scanner                   | Sector check: XLP not found in indicator results
2026-06-24 22:43:55 | WARNING  | scanner                   | Sector check: XLU not found in indicator results
2026-06-24 22:43:55 | WARNING  | scanner                   | Sector check: XLB not found in indicator results
2026-06-24 22:43:55 | WARNING  | scanner                   | Sector check: XLRE not found in indicator results
2026-06-24 22:43:55 | WARNING  | scanner                   | Sector check: XLC not found in indicator results
2026-06-24 22:43:55 | INFO     | scanner                   | Sector | XLK: BULLISH
2026-06-24 22:43:55 | INFO     | scanner                   | Sector | XLF: BULLISH
2026-06-24 22:43:55 | INFO     | scanner                   | Sector | XLE: BEARISH
2026-06-24 22:43:55 | INFO     | scanner                   | Sector | XLV: BULLISH
2026-06-24 22:43:55 | INFO     | scanner                   | Sector | XLI: BULLISH
2026-06-24 22:43:55 | INFO     | scanner                   | Sector | XLY: BULLISH
2026-06-24 22:43:55 | INFO     | scanner                   | Sector | XLP: BEARISH
2026-06-24 22:43:55 | INFO     | scanner                   | Sector | XLU: BEARISH
2026-06-24 22:43:55 | INFO     | scanner                   | Sector | XLB: BULLISH
2026-06-24 22:43:55 | INFO     | scanner                   | Sector | XLRE: BULLISH
2026-06-24 22:43:55 | INFO     | scanner                   | Sector | XLC: BEARISH
2026-06-24 22:43:55 | WARNING  | scanner                   | Sector check: XLK not found in indicator results
2026-06-24 22:43:55 | WARNING  | scanner                   | Sector check: XLF not found in indicator results
2026-06-24 22:43:55 | WARNING  | scanner                   | Sector check: XLE not found in indicator results
2026-06-24 22:43:55 | WARNING  | scanner                   | Sector check: XLV not found in indicator results
2026-06-24 22:43:55 | WARNING  | scanner                   | Sector check: XLI not found in indicator results
2026-06-24 22:43:55 | WARNING  | scanner                   | Sector check: XLY not found in indicator results
2026-06-24 22:43:55 | WARNING  | scanner                   | Sector check: XLP not found in indicator results
2026-06-24 22:43:55 | WARNING  | scanner                   | Sector check: XLU not found in indicator results
2026-06-24 22:43:55 | WARNING  | scanner                   | Sector check: XLB not found in indicator results
2026-06-24 22:43:55 | WARNING  | scanner                   | Sector check: XLRE not found in indicator results
2026-06-24 22:43:55 | WARNING  | scanner                   | Sector check: XLC not found in indicator results
2026-06-24 22:43:55 | INFO     | scanner                   | Sector | XLK: BULLISH
2026-06-24 22:43:55 | INFO     | scanner                   | Sector | XLF: BULLISH
2026-06-24 22:43:55 | INFO     | scanner                   | Sector | XLE: BEARISH
2026-06-24 22:43:55 | INFO     | scanner                   | Sector | XLV: BULLISH
2026-06-24 22:43:55 | INFO     | scanner                   | Sector | XLI: BULLISH
2026-06-24 22:43:55 | INFO     | scanner                   | Sector | XLY: BEARISH
2026-06-24 22:43:55 | INFO     | scanner                   | Sector | XLP: BEARISH
2026-06-24 22:43:55 | INFO     | scanner                   | Sector | XLU: BEARISH
2026-06-24 22:43:55 | INFO     | scanner                   | Sector | XLB: BULLISH
2026-06-24 22:43:55 | INFO     | scanner                   | Sector | XLRE: BULLISH
2026-06-24 22:43:55 | INFO     | scanner                   | Sector | XLC: BEARISH
2026-06-24 22:43:55 | WARNING  | scanner                   | Sector check: XLK not found in indicator results
2026-06-24 22:43:55 | WARNING  | scanner                   | Sector check: XLF not found in indicator results
2026-06-24 22:43:55 | WARNING  | scanner                   | Sector check: XLE not found in indicator results
2026-06-24 22:43:55 | WARNING  | scanner                   | Sector check: XLV not found in indicator results
2026-06-24 22:43:55 | WARNING  | scanner                   | Sector check: XLI not found in indicator results
2026-06-24 22:43:55 | WARNING  | scanner                   | Sector check: XLY not found in indicator results
2026-06-24 22:43:55 | WARNING  | scanner                   | Sector check: XLP not found in indicator results
2026-06-24 22:43:55 | WARNING  | scanner                   | Sector check: XLU not found in indicator results
2026-06-24 22:43:55 | WARNING  | scanner                   | Sector check: XLB not found in indicator results
2026-06-24 22:43:55 | WARNING  | scanner                   | Sector check: XLRE not found in indicator results
2026-06-24 22:43:55 | WARNING  | scanner                   | Sector check: XLC not found in indicator results
2026-06-24 22:43:55 | INFO     | scanner                   | Sector | XLK: BULLISH
2026-06-24 22:43:55 | INFO     | scanner                   | Sector | XLF: BULLISH
2026-06-24 22:43:55 | INFO     | scanner                   | Sector | XLE: BEARISH
2026-06-24 22:43:55 | INFO     | scanner                   | Sector | XLV: BULLISH
2026-06-24 22:43:55 | INFO     | scanner                   | Sector | XLI: BULLISH
2026-06-24 22:43:55 | INFO     | scanner                   | Sector | XLY: BEARISH
2026-06-24 22:43:55 | INFO     | scanner                   | Sector | XLP: BEARISH
2026-06-24 22:43:55 | INFO     | scanner                   | Sector | XLU: BEARISH
2026-06-24 22:43:55 | INFO     | scanner                   | Sector | XLB: BULLISH
2026-06-24 22:43:55 | INFO     | scanner                   | Sector | XLRE: BULLISH
2026-06-24 22:43:55 | INFO     | scanner                   | Sector | XLC: BEARISH
2026-06-24 22:43:55 | WARNING  | scanner                   | Sector check: XLK not found in indicator results
2026-06-24 22:43:55 | WARNING  | scanner                   | Sector check: XLF not found in indicator results
2026-06-24 22:43:55 | WARNING  | scanner                   | Sector check: XLE not found in indicator results
2026-06-24 22:43:55 | WARNING  | scanner                   | Sector check: XLV not found in indicator results
2026-06-24 22:43:55 | WARNING  | scanner                   | Sector check: XLI not found in indicator results
2026-06-24 22:43:55 | WARNING  | scanner                   | Sector check: XLY not found in indicator results
2026-06-24 22:43:55 | WARNING  | scanner                   | Sector check: XLP not found in indicator results
2026-06-24 22:43:55 | WARNING  | scanner                   | Sector check: XLU not found in indicator results
2026-06-24 22:43:55 | WARNING  | scanner                   | Sector check: XLB not found in indicator results
2026-06-24 22:43:55 | WARNING  | scanner                   | Sector check: XLRE not found in indicator results
2026-06-24 22:43:55 | WARNING  | scanner                   | Sector check: XLC not found in indicator results
2026-06-24 22:43:55 | INFO     | scanner                   | Sector | XLK: BULLISH
2026-06-24 22:43:55 | INFO     | scanner                   | Sector | XLF: BULLISH
2026-06-24 22:43:55 | INFO     | scanner                   | Sector | XLE: BEARISH
2026-06-24 22:43:55 | INFO     | scanner                   | Sector | XLV: BULLISH
2026-06-24 22:43:55 | INFO     | scanner                   | Sector | XLI: BULLISH
2026-06-24 22:43:55 | INFO     | scanner                   | Sector | XLY: BEARISH
2026-06-24 22:43:55 | INFO     | scanner                   | Sector | XLP: BEARISH
2026-06-24 22:43:55 | INFO     | scanner                   | Sector | XLU: BEARISH
2026-06-24 22:43:55 | INFO     | scanner                   | Sector | XLB: BULLISH
2026-06-24 22:43:55 | INFO     | scanner                   | Sector | XLRE: BULLISH
2026-06-24 22:43:55 | INFO     | scanner                   | Sector | XLC: BEARISH
2026-06-24 22:43:55 | WARNING  | scanner                   | Sector check: XLK not found in indicator results
2026-06-24 22:43:55 | WARNING  | scanner                   | Sector check: XLF not found in indicator results
2026-06-24 22:43:55 | WARNING  | scanner                   | Sector check: XLE not found in indicator results
2026-06-24 22:43:55 | WARNING  | scanner                   | Sector check: XLV not found in indicator results
2026-06-24 22:43:55 | WARNING  | scanner                   | Sector check: XLI not found in indicator results
2026-06-24 22:43:55 | WARNING  | scanner                   | Sector check: XLY not found in indicator results
2026-06-24 22:43:55 | WARNING  | scanner                   | Sector check: XLP not found in indicator results
2026-06-24 22:43:55 | WARNING  | scanner                   | Sector check: XLU not found in indicator results
2026-06-24 22:43:55 | WARNING  | scanner                   | Sector check: XLB not found in indicator results
2026-06-24 22:43:55 | WARNING  | scanner                   | Sector check: XLRE not found in indicator results
2026-06-24 22:43:55 | WARNING  | scanner                   | Sector check: XLC not found in indicator results
2026-06-24 22:43:55 | INFO     | scanner                   | Sector | XLK: BULLISH
2026-06-24 22:43:55 | INFO     | scanner                   | Sector | XLF: BULLISH
2026-06-24 22:43:55 | INFO     | scanner                   | Sector | XLE: BEARISH
2026-06-24 22:43:55 | INFO     | scanner                   | Sector | XLV: BULLISH
2026-06-24 22:43:55 | INFO     | scanner                   | Sector | XLI: BULLISH
2026-06-24 22:43:55 | INFO     | scanner                   | Sector | XLY: BEARISH
2026-06-24 22:43:55 | INFO     | scanner                   | Sector | XLP: BEARISH
2026-06-24 22:43:55 | INFO     | scanner                   | Sector | XLU: BEARISH
2026-06-24 22:43:55 | INFO     | scanner                   | Sector | XLB: BULLISH
2026-06-24 22:43:55 | INFO     | scanner                   | Sector | XLRE: BULLISH
2026-06-24 22:43:55 | INFO     | scanner                   | Sector | XLC: BEARISH
2026-06-24 22:43:55 | WARNING  | scanner                   | Sector check: XLK not found in indicator results
2026-06-24 22:43:55 | WARNING  | scanner                   | Sector check: XLF not found in indicator results
2026-06-24 22:43:55 | WARNING  | scanner                   | Sector check: XLE not found in indicator results
2026-06-24 22:43:55 | WARNING  | scanner                   | Sector check: XLV not found in indicator results
2026-06-24 22:43:55 | WARNING  | scanner                   | Sector check: XLI not found in indicator results
2026-06-24 22:43:55 | WARNING  | scanner                   | Sector check: XLY not found in indicator results
2026-06-24 22:43:55 | WARNING  | scanner                   | Sector check: XLP not found in indicator results
2026-06-24 22:43:55 | WARNING  | scanner                   | Sector check: XLU not found in indicator results
2026-06-24 22:43:55 | WARNING  | scanner                   | Sector check: XLB not found in indicator results
2026-06-24 22:43:55 | WARNING  | scanner                   | Sector check: XLRE not found in indicator results
2026-06-24 22:43:55 | WARNING  | scanner                   | Sector check: XLC not found in indicator results
2026-06-24 22:43:55 | INFO     | scanner                   | Sector | XLK: BULLISH
2026-06-24 22:43:55 | INFO     | scanner                   | Sector | XLF: BULLISH
2026-06-24 22:43:55 | INFO     | scanner                   | Sector | XLE: BEARISH
2026-06-24 22:43:55 | INFO     | scanner                   | Sector | XLV: BULLISH
2026-06-24 22:43:55 | INFO     | scanner                   | Sector | XLI: BULLISH
2026-06-24 22:43:55 | INFO     | scanner                   | Sector | XLY: BEARISH
2026-06-24 22:43:55 | INFO     | scanner                   | Sector | XLP: BEARISH
2026-06-24 22:43:55 | INFO     | scanner                   | Sector | XLU: BEARISH
2026-06-24 22:43:55 | INFO     | scanner                   | Sector | XLB: BULLISH
2026-06-24 22:43:55 | INFO     | scanner                   | Sector | XLRE: BULLISH
2026-06-24 22:43:55 | INFO     | scanner                   | Sector | XLC: BEARISH
2026-06-24 22:43:55 | WARNING  | scanner                   | Sector check: XLK not found in indicator results
2026-06-24 22:43:55 | WARNING  | scanner                   | Sector check: XLF not found in indicator results
2026-06-24 22:43:55 | WARNING  | scanner                   | Sector check: XLE not found in indicator results
2026-06-24 22:43:55 | WARNING  | scanner                   | Sector check: XLV not found in indicator results
2026-06-24 22:43:55 | WARNING  | scanner                   | Sector check: XLI not found in indicator results
2026-06-24 22:43:55 | WARNING  | scanner                   | Sector check: XLY not found in indicator results
2026-06-24 22:43:55 | WARNING  | scanner                   | Sector check: XLP not found in indicator results
2026-06-24 22:43:55 | WARNING  | scanner                   | Sector check: XLU not found in indicator results
2026-06-24 22:43:55 | WARNING  | scanner                   | Sector check: XLB not found in indicator results
2026-06-24 22:43:55 | WARNING  | scanner                   | Sector check: XLRE not found in indicator results
2026-06-24 22:43:55 | WARNING  | scanner                   | Sector check: XLC not found in indicator results
2026-06-24 22:43:55 | INFO     | scanner                   | Sector | XLK: BULLISH
2026-06-24 22:43:55 | INFO     | scanner                   | Sector | XLF: BULLISH
2026-06-24 22:43:55 | INFO     | scanner                   | Sector | XLE: BEARISH
2026-06-24 22:43:55 | INFO     | scanner                   | Sector | XLV: BULLISH
2026-06-24 22:43:55 | INFO     | scanner                   | Sector | XLI: BULLISH
2026-06-24 22:43:55 | INFO     | scanner                   | Sector | XLY: BEARISH
2026-06-24 22:43:55 | INFO     | scanner                   | Sector | XLP: BEARISH
2026-06-24 22:43:55 | INFO     | scanner                   | Sector | XLU: BEARISH
2026-06-24 22:43:55 | INFO     | scanner                   | Sector | XLB: BULLISH
2026-06-24 22:43:55 | INFO     | scanner                   | Sector | XLRE: BULLISH
2026-06-24 22:43:55 | INFO     | scanner                   | Sector | XLC: BEARISH
2026-06-24 22:43:55 | WARNING  | scanner                   | Sector check: XLK not found in indicator results
2026-06-24 22:43:55 | WARNING  | scanner                   | Sector check: XLF not found in indicator results
2026-06-24 22:43:55 | WARNING  | scanner                   | Sector check: XLE not found in indicator results
2026-06-24 22:43:55 | WARNING  | scanner                   | Sector check: XLV not found in indicator results
2026-06-24 22:43:55 | WARNING  | scanner                   | Sector check: XLI not found in indicator results
2026-06-24 22:43:55 | WARNING  | scanner                   | Sector check: XLY not found in indicator results
2026-06-24 22:43:55 | WARNING  | scanner                   | Sector check: XLP not found in indicator results
2026-06-24 22:43:55 | WARNING  | scanner                   | Sector check: XLU not found in indicator results
2026-06-24 22:43:55 | WARNING  | scanner                   | Sector check: XLB not found in indicator results
2026-06-24 22:43:55 | WARNING  | scanner                   | Sector check: XLRE not found in indicator results
2026-06-24 22:43:55 | WARNING  | scanner                   | Sector check: XLC not found in indicator results
2026-06-24 22:43:55 | INFO     | scanner                   | Sector | XLK: BULLISH
2026-06-24 22:43:55 | INFO     | scanner                   | Sector | XLF: BULLISH
2026-06-24 22:43:55 | INFO     | scanner                   | Sector | XLE: BEARISH
2026-06-24 22:43:55 | INFO     | scanner                   | Sector | XLV: BULLISH
2026-06-24 22:43:55 | INFO     | scanner                   | Sector | XLI: BULLISH
2026-06-24 22:43:55 | INFO     | scanner                   | Sector | XLY: BEARISH
2026-06-24 22:43:55 | INFO     | scanner                   | Sector | XLP: BEARISH
2026-06-24 22:43:55 | INFO     | scanner                   | Sector | XLU: BEARISH
2026-06-24 22:43:55 | INFO     | scanner                   | Sector | XLB: BULLISH
2026-06-24 22:43:55 | INFO     | scanner                   | Sector | XLRE: BULLISH
2026-06-24 22:43:55 | INFO     | scanner                   | Sector | XLC: BEARISH
2026-06-24 22:43:55 | WARNING  | scanner                   | Sector check: XLK not found in indicator results
2026-06-24 22:43:55 | WARNING  | scanner                   | Sector check: XLF not found in indicator results
2026-06-24 22:43:55 | WARNING  | scanner                   | Sector check: XLE not found in indicator results
2026-06-24 22:43:55 | WARNING  | scanner                   | Sector check: XLV not found in indicator results
2026-06-24 22:43:55 | WARNING  | scanner                   | Sector check: XLI not found in indicator results
2026-06-24 22:43:55 | WARNING  | scanner                   | Sector check: XLY not found in indicator results
2026-06-24 22:43:55 | WARNING  | scanner                   | Sector check: XLP not found in indicator results
2026-06-24 22:43:55 | WARNING  | scanner                   | Sector check: XLU not found in indicator results
2026-06-24 22:43:55 | WARNING  | scanner                   | Sector check: XLB not found in indicator results
2026-06-24 22:43:55 | WARNING  | scanner                   | Sector check: XLRE not found in indicator results
2026-06-24 22:43:55 | WARNING  | scanner                   | Sector check: XLC not found in indicator results
2026-06-24 22:43:55 | INFO     | scanner                   | Sector | XLK: BULLISH
2026-06-24 22:43:55 | INFO     | scanner                   | Sector | XLF: BULLISH
2026-06-24 22:43:55 | INFO     | scanner                   | Sector | XLE: BEARISH
2026-06-24 22:43:55 | INFO     | scanner                   | Sector | XLV: BULLISH
2026-06-24 22:43:55 | INFO     | scanner                   | Sector | XLI: BULLISH
2026-06-24 22:43:55 | INFO     | scanner                   | Sector | XLY: BEARISH
2026-06-24 22:43:55 | INFO     | scanner                   | Sector | XLP: BEARISH
2026-06-24 22:43:55 | INFO     | scanner                   | Sector | XLU: BEARISH
2026-06-24 22:43:55 | INFO     | scanner                   | Sector | XLB: BULLISH
2026-06-24 22:43:55 | INFO     | scanner                   | Sector | XLRE: BULLISH
2026-06-24 22:43:55 | INFO     | scanner                   | Sector | XLC: BEARISH
2026-06-24 22:43:55 | WARNING  | scanner                   | Sector check: XLK not found in indicator results
2026-06-24 22:43:55 | WARNING  | scanner                   | Sector check: XLF not found in indicator results
2026-06-24 22:43:55 | WARNING  | scanner                   | Sector check: XLE not found in indicator results
2026-06-24 22:43:55 | WARNING  | scanner                   | Sector check: XLV not found in indicator results
2026-06-24 22:43:55 | WARNING  | scanner                   | Sector check: XLI not found in indicator results
2026-06-24 22:43:55 | WARNING  | scanner                   | Sector check: XLY not found in indicator results
2026-06-24 22:43:55 | WARNING  | scanner                   | Sector check: XLP not found in indicator results
2026-06-24 22:43:55 | WARNING  | scanner                   | Sector check: XLU not found in indicator results
2026-06-24 22:43:55 | WARNING  | scanner                   | Sector check: XLB not found in indicator results
2026-06-24 22:43:55 | WARNING  | scanner                   | Sector check: XLRE not found in indicator results
2026-06-24 22:43:55 | WARNING  | scanner                   | Sector check: XLC not found in indicator results
2026-06-24 22:43:55 | INFO     | scanner                   | Sector | XLK: BULLISH
2026-06-24 22:43:55 | INFO     | scanner                   | Sector | XLF: BULLISH
2026-06-24 22:43:55 | INFO     | scanner                   | Sector | XLE: BEARISH
2026-06-24 22:43:55 | INFO     | scanner                   | Sector | XLV: BULLISH
2026-06-24 22:43:55 | INFO     | scanner                   | Sector | XLI: BULLISH
2026-06-24 22:43:55 | INFO     | scanner                   | Sector | XLY: BEARISH
2026-06-24 22:43:55 | INFO     | scanner                   | Sector | XLP: BEARISH
2026-06-24 22:43:55 | INFO     | scanner                   | Sector | XLU: BEARISH
2026-06-24 22:43:55 | INFO     | scanner                   | Sector | XLB: BULLISH
2026-06-24 22:43:55 | INFO     | scanner                   | Sector | XLRE: BULLISH
2026-06-24 22:43:55 | INFO     | scanner                   | Sector | XLC: BEARISH
2026-06-24 22:43:55 | WARNING  | scanner                   | Sector check: XLK not found in indicator results
2026-06-24 22:43:55 | WARNING  | scanner                   | Sector check: XLF not found in indicator results
2026-06-24 22:43:55 | WARNING  | scanner                   | Sector check: XLE not found in indicator results
2026-06-24 22:43:55 | WARNING  | scanner                   | Sector check: XLV not found in indicator results
2026-06-24 22:43:55 | WARNING  | scanner                   | Sector check: XLI not found in indicator results
2026-06-24 22:43:55 | WARNING  | scanner                   | Sector check: XLY not found in indicator results
2026-06-24 22:43:55 | WARNING  | scanner                   | Sector check: XLP not found in indicator results
2026-06-24 22:43:55 | WARNING  | scanner                   | Sector check: XLU not found in indicator results
2026-06-24 22:43:55 | WARNING  | scanner                   | Sector check: XLB not found in indicator results
2026-06-24 22:43:55 | WARNING  | scanner                   | Sector check: XLRE not found in indicator results
2026-06-24 22:43:55 | WARNING  | scanner                   | Sector check: XLC not found in indicator results
2026-06-24 22:43:55 | INFO     | scanner                   | Sector | XLK: BULLISH
2026-06-24 22:43:55 | INFO     | scanner                   | Sector | XLF: BULLISH
2026-06-24 22:43:55 | INFO     | scanner                   | Sector | XLE: BEARISH
2026-06-24 22:43:55 | INFO     | scanner                   | Sector | XLV: BULLISH
2026-06-24 22:43:55 | INFO     | scanner                   | Sector | XLI: BULLISH
2026-06-24 22:43:55 | INFO     | scanner                   | Sector | XLY: BEARISH
2026-06-24 22:43:55 | INFO     | scanner                   | Sector | XLP: BEARISH
2026-06-24 22:43:55 | INFO     | scanner                   | Sector | XLU: BEARISH
2026-06-24 22:43:55 | INFO     | scanner                   | Sector | XLB: BULLISH
2026-06-24 22:43:55 | INFO     | scanner                   | Sector | XLRE: BULLISH
2026-06-24 22:43:55 | INFO     | scanner                   | Sector | XLC: BEARISH
2026-06-24 22:43:55 | WARNING  | scanner                   | Sector check: XLK not found in indicator results
2026-06-24 22:43:55 | WARNING  | scanner                   | Sector check: XLF not found in indicator results
2026-06-24 22:43:55 | WARNING  | scanner                   | Sector check: XLE not found in indicator results
2026-06-24 22:43:55 | WARNING  | scanner                   | Sector check: XLV not found in indicator results
2026-06-24 22:43:55 | WARNING  | scanner                   | Sector check: XLI not found in indicator results
2026-06-24 22:43:55 | WARNING  | scanner                   | Sector check: XLY not found in indicator results
2026-06-24 22:43:55 | WARNING  | scanner                   | Sector check: XLP not found in indicator results
2026-06-24 22:43:55 | WARNING  | scanner                   | Sector check: XLU not found in indicator results
2026-06-24 22:43:55 | WARNING  | scanner                   | Sector check: XLB not found in indicator results
2026-06-24 22:43:55 | WARNING  | scanner                   | Sector check: XLRE not found in indicator results
2026-06-24 22:43:55 | WARNING  | scanner                   | Sector check: XLC not found in indicator results
2026-06-24 22:43:55 | INFO     | scanner                   | Sector | XLK: BULLISH
2026-06-24 22:43:55 | INFO     | scanner                   | Sector | XLF: BULLISH
2026-06-24 22:43:55 | INFO     | scanner                   | Sector | XLE: BEARISH
2026-06-24 22:43:55 | INFO     | scanner                   | Sector | XLV: BULLISH
2026-06-24 22:43:55 | INFO     | scanner                   | Sector | XLI: BULLISH
2026-06-24 22:43:55 | INFO     | scanner                   | Sector | XLY: BEARISH
2026-06-24 22:43:55 | INFO     | scanner                   | Sector | XLP: BEARISH
2026-06-24 22:43:55 | INFO     | scanner                   | Sector | XLU: BEARISH
2026-06-24 22:43:55 | INFO     | scanner                   | Sector | XLB: BULLISH
2026-06-24 22:43:55 | INFO     | scanner                   | Sector | XLRE: BULLISH
2026-06-24 22:43:55 | INFO     | scanner                   | Sector | XLC: BEARISH
2026-06-24 22:43:55 | WARNING  | scanner                   | Sector check: XLK not found in indicator results
2026-06-24 22:43:55 | WARNING  | scanner                   | Sector check: XLF not found in indicator results
2026-06-24 22:43:55 | WARNING  | scanner                   | Sector check: XLE not found in indicator results
2026-06-24 22:43:55 | WARNING  | scanner                   | Sector check: XLV not found in indicator results
2026-06-24 22:43:55 | WARNING  | scanner                   | Sector check: XLI not found in indicator results
2026-06-24 22:43:55 | WARNING  | scanner                   | Sector check: XLY not found in indicator results
2026-06-24 22:43:55 | WARNING  | scanner                   | Sector check: XLP not found in indicator results
2026-06-24 22:43:55 | WARNING  | scanner                   | Sector check: XLU not found in indicator results
2026-06-24 22:43:55 | WARNING  | scanner                   | Sector check: XLB not found in indicator results
2026-06-24 22:43:55 | WARNING  | scanner                   | Sector check: XLRE not found in indicator results
2026-06-24 22:43:55 | WARNING  | scanner                   | Sector check: XLC not found in indicator results
2026-06-24 22:43:55 | INFO     | scanner                   | Sector | XLK: BULLISH
2026-06-24 22:43:55 | INFO     | scanner                   | Sector | XLF: BULLISH
2026-06-24 22:43:55 | INFO     | scanner                   | Sector | XLE: BEARISH
2026-06-24 22:43:55 | INFO     | scanner                   | Sector | XLV: BULLISH
2026-06-24 22:43:55 | INFO     | scanner                   | Sector | XLI: BULLISH
2026-06-24 22:43:55 | INFO     | scanner                   | Sector | XLY: BEARISH
2026-06-24 22:43:55 | INFO     | scanner                   | Sector | XLP: BEARISH
2026-06-24 22:43:55 | INFO     | scanner                   | Sector | XLU: BEARISH
2026-06-24 22:43:55 | INFO     | scanner                   | Sector | XLB: BULLISH
2026-06-24 22:43:55 | INFO     | scanner                   | Sector | XLRE: BULLISH
2026-06-24 22:43:55 | INFO     | scanner                   | Sector | XLC: BEARISH
2026-06-24 22:43:55 | WARNING  | scanner                   | Sector check: XLK not found in indicator results
2026-06-24 22:43:55 | WARNING  | scanner                   | Sector check: XLF not found in indicator results
2026-06-24 22:43:55 | WARNING  | scanner                   | Sector check: XLE not found in indicator results
2026-06-24 22:43:55 | WARNING  | scanner                   | Sector check: XLV not found in indicator results
2026-06-24 22:43:55 | WARNING  | scanner                   | Sector check: XLI not found in indicator results
2026-06-24 22:43:55 | WARNING  | scanner                   | Sector check: XLY not found in indicator results
2026-06-24 22:43:55 | WARNING  | scanner                   | Sector check: XLP not found in indicator results
2026-06-24 22:43:55 | WARNING  | scanner                   | Sector check: XLU not found in indicator results
2026-06-24 22:43:55 | WARNING  | scanner                   | Sector check: XLB not found in indicator results
2026-06-24 22:43:55 | WARNING  | scanner                   | Sector check: XLRE not found in indicator results
2026-06-24 22:43:55 | WARNING  | scanner                   | Sector check: XLC not found in indicator results
2026-06-24 22:43:55 | INFO     | scanner                   | Sector | XLK: BULLISH
2026-06-24 22:43:55 | INFO     | scanner                   | Sector | XLF: BULLISH
2026-06-24 22:43:55 | INFO     | scanner                   | Sector | XLE: BEARISH
2026-06-24 22:43:55 | INFO     | scanner                   | Sector | XLV: BULLISH
2026-06-24 22:43:55 | INFO     | scanner                   | Sector | XLI: BULLISH
2026-06-24 22:43:55 | INFO     | scanner                   | Sector | XLY: BEARISH
2026-06-24 22:43:55 | INFO     | scanner                   | Sector | XLP: BEARISH
2026-06-24 22:43:55 | INFO     | scanner                   | Sector | XLU: BEARISH
2026-06-24 22:43:55 | INFO     | scanner                   | Sector | XLB: BULLISH
2026-06-24 22:43:55 | INFO     | scanner                   | Sector | XLRE: BULLISH
2026-06-24 22:43:55 | INFO     | scanner                   | Sector | XLC: BEARISH
2026-06-24 22:43:55 | WARNING  | scanner                   | Sector check: XLK not found in indicator results
2026-06-24 22:43:55 | WARNING  | scanner                   | Sector check: XLF not found in indicator results
2026-06-24 22:43:55 | WARNING  | scanner                   | Sector check: XLE not found in indicator results
2026-06-24 22:43:55 | WARNING  | scanner                   | Sector check: XLV not found in indicator results
2026-06-24 22:43:55 | WARNING  | scanner                   | Sector check: XLI not found in indicator results
2026-06-24 22:43:55 | WARNING  | scanner                   | Sector check: XLY not found in indicator results
2026-06-24 22:43:55 | WARNING  | scanner                   | Sector check: XLP not found in indicator results
2026-06-24 22:43:55 | WARNING  | scanner                   | Sector check: XLU not found in indicator results
2026-06-24 22:43:55 | WARNING  | scanner                   | Sector check: XLB not found in indicator results
2026-06-24 22:43:55 | WARNING  | scanner                   | Sector check: XLRE not found in indicator results
2026-06-24 22:43:55 | WARNING  | scanner                   | Sector check: XLC not found in indicator results
2026-06-24 22:43:55 | INFO     | scanner                   | Sector | XLK: BULLISH
2026-06-24 22:43:55 | INFO     | scanner                   | Sector | XLF: BULLISH
2026-06-24 22:43:55 | INFO     | scanner                   | Sector | XLE: BEARISH
2026-06-24 22:43:55 | INFO     | scanner                   | Sector | XLV: BULLISH
2026-06-24 22:43:55 | INFO     | scanner                   | Sector | XLI: BULLISH
2026-06-24 22:43:55 | INFO     | scanner                   | Sector | XLY: BEARISH
2026-06-24 22:43:55 | INFO     | scanner                   | Sector | XLP: BEARISH
2026-06-24 22:43:55 | INFO     | scanner                   | Sector | XLU: BEARISH
2026-06-24 22:43:55 | INFO     | scanner                   | Sector | XLB: BULLISH
2026-06-24 22:43:55 | INFO     | scanner                   | Sector | XLRE: BULLISH
2026-06-24 22:43:55 | INFO     | scanner                   | Sector | XLC: BEARISH
2026-06-24 22:43:55 | WARNING  | scanner                   | Sector check: XLK not found in indicator results
2026-06-24 22:43:55 | WARNING  | scanner                   | Sector check: XLF not found in indicator results
2026-06-24 22:43:55 | WARNING  | scanner                   | Sector check: XLE not found in indicator results
2026-06-24 22:43:55 | WARNING  | scanner                   | Sector check: XLV not found in indicator results
2026-06-24 22:43:55 | WARNING  | scanner                   | Sector check: XLI not found in indicator results
2026-06-24 22:43:55 | WARNING  | scanner                   | Sector check: XLY not found in indicator results
2026-06-24 22:43:55 | WARNING  | scanner                   | Sector check: XLP not found in indicator results
2026-06-24 22:43:55 | WARNING  | scanner                   | Sector check: XLU not found in indicator results
2026-06-24 22:43:55 | WARNING  | scanner                   | Sector check: XLB not found in indicator results
2026-06-24 22:43:55 | WARNING  | scanner                   | Sector check: XLRE not found in indicator results
2026-06-24 22:43:55 | WARNING  | scanner                   | Sector check: XLC not found in indicator results
2026-06-24 22:43:55 | INFO     | scanner                   | Sector | XLK: BULLISH
2026-06-24 22:43:55 | INFO     | scanner                   | Sector | XLF: BULLISH
2026-06-24 22:43:55 | INFO     | scanner                   | Sector | XLE: BEARISH
2026-06-24 22:43:55 | INFO     | scanner                   | Sector | XLV: BULLISH
2026-06-24 22:43:55 | INFO     | scanner                   | Sector | XLI: BULLISH
2026-06-24 22:43:55 | INFO     | scanner                   | Sector | XLY: BEARISH
2026-06-24 22:43:55 | INFO     | scanner                   | Sector | XLP: BEARISH
2026-06-24 22:43:55 | INFO     | scanner                   | Sector | XLU: BEARISH
2026-06-24 22:43:55 | INFO     | scanner                   | Sector | XLB: BULLISH
2026-06-24 22:43:55 | INFO     | scanner                   | Sector | XLRE: BULLISH
2026-06-24 22:43:55 | INFO     | scanner                   | Sector | XLC: BEARISH
2026-06-24 22:43:55 | WARNING  | scanner                   | Sector check: XLK not found in indicator results
2026-06-24 22:43:55 | WARNING  | scanner                   | Sector check: XLF not found in indicator results
2026-06-24 22:43:55 | WARNING  | scanner                   | Sector check: XLE not found in indicator results
2026-06-24 22:43:55 | WARNING  | scanner                   | Sector check: XLV not found in indicator results
2026-06-24 22:43:55 | WARNING  | scanner                   | Sector check: XLI not found in indicator results
2026-06-24 22:43:55 | WARNING  | scanner                   | Sector check: XLY not found in indicator results
2026-06-24 22:43:55 | WARNING  | scanner                   | Sector check: XLP not found in indicator results
2026-06-24 22:43:55 | WARNING  | scanner                   | Sector check: XLU not found in indicator results
2026-06-24 22:43:55 | WARNING  | scanner                   | Sector check: XLB not found in indicator results
2026-06-24 22:43:55 | WARNING  | scanner                   | Sector check: XLRE not found in indicator results
2026-06-24 22:43:55 | WARNING  | scanner                   | Sector check: XLC not found in indicator results
2026-06-24 22:43:55 | INFO     | scanner                   | Sector | XLK: BULLISH
2026-06-24 22:43:55 | INFO     | scanner                   | Sector | XLF: BULLISH
2026-06-24 22:43:55 | INFO     | scanner                   | Sector | XLE: BEARISH
2026-06-24 22:43:55 | INFO     | scanner                   | Sector | XLV: BULLISH
2026-06-24 22:43:55 | INFO     | scanner                   | Sector | XLI: BULLISH
2026-06-24 22:43:55 | INFO     | scanner                   | Sector | XLY: BEARISH
2026-06-24 22:43:55 | INFO     | scanner                   | Sector | XLP: BEARISH
2026-06-24 22:43:55 | INFO     | scanner                   | Sector | XLU: BEARISH
2026-06-24 22:43:55 | INFO     | scanner                   | Sector | XLB: BULLISH
2026-06-24 22:43:55 | INFO     | scanner                   | Sector | XLRE: BULLISH
2026-06-24 22:43:55 | INFO     | scanner                   | Sector | XLC: BEARISH
2026-06-24 22:43:55 | WARNING  | scanner                   | Sector check: XLK not found in indicator results
2026-06-24 22:43:55 | WARNING  | scanner                   | Sector check: XLF not found in indicator results
2026-06-24 22:43:55 | WARNING  | scanner                   | Sector check: XLE not found in indicator results
2026-06-24 22:43:55 | WARNING  | scanner                   | Sector check: XLV not found in indicator results
2026-06-24 22:43:55 | WARNING  | scanner                   | Sector check: XLI not found in indicator results
2026-06-24 22:43:55 | WARNING  | scanner                   | Sector check: XLY not found in indicator results
2026-06-24 22:43:55 | WARNING  | scanner                   | Sector check: XLP not found in indicator results
2026-06-24 22:43:55 | WARNING  | scanner                   | Sector check: XLU not found in indicator results
2026-06-24 22:43:55 | WARNING  | scanner                   | Sector check: XLB not found in indicator results
2026-06-24 22:43:55 | WARNING  | scanner                   | Sector check: XLRE not found in indicator results
2026-06-24 22:43:55 | WARNING  | scanner                   | Sector check: XLC not found in indicator results
2026-06-24 22:43:55 | INFO     | scanner                   | Sector | XLK: BULLISH
2026-06-24 22:43:55 | INFO     | scanner                   | Sector | XLF: BULLISH
2026-06-24 22:43:55 | INFO     | scanner                   | Sector | XLE: BEARISH
2026-06-24 22:43:55 | INFO     | scanner                   | Sector | XLV: BULLISH
2026-06-24 22:43:55 | INFO     | scanner                   | Sector | XLI: BULLISH
2026-06-24 22:43:55 | INFO     | scanner                   | Sector | XLY: BEARISH
2026-06-24 22:43:55 | INFO     | scanner                   | Sector | XLP: BEARISH
2026-06-24 22:43:55 | INFO     | scanner                   | Sector | XLU: BEARISH
2026-06-24 22:43:55 | INFO     | scanner                   | Sector | XLB: BULLISH
2026-06-24 22:43:55 | INFO     | scanner                   | Sector | XLRE: BULLISH
2026-06-24 22:43:55 | INFO     | scanner                   | Sector | XLC: BEARISH
2026-06-24 22:43:55 | WARNING  | scanner                   | Sector check: XLK not found in indicator results
2026-06-24 22:43:55 | WARNING  | scanner                   | Sector check: XLF not found in indicator results
2026-06-24 22:43:55 | WARNING  | scanner                   | Sector check: XLE not found in indicator results
2026-06-24 22:43:55 | WARNING  | scanner                   | Sector check: XLV not found in indicator results
2026-06-24 22:43:55 | WARNING  | scanner                   | Sector check: XLI not found in indicator results
2026-06-24 22:43:55 | WARNING  | scanner                   | Sector check: XLY not found in indicator results
2026-06-24 22:43:55 | WARNING  | scanner                   | Sector check: XLP not found in indicator results
2026-06-24 22:43:55 | WARNING  | scanner                   | Sector check: XLU not found in indicator results
2026-06-24 22:43:55 | WARNING  | scanner                   | Sector check: XLB not found in indicator results
2026-06-24 22:43:55 | WARNING  | scanner                   | Sector check: XLRE not found in indicator results
2026-06-24 22:43:55 | WARNING  | scanner                   | Sector check: XLC not found in indicator results
2026-06-24 22:43:55 | INFO     | scanner                   | Sector | XLK: BULLISH
2026-06-24 22:43:55 | INFO     | scanner                   | Sector | XLF: BULLISH
2026-06-24 22:43:55 | INFO     | scanner                   | Sector | XLE: BEARISH
2026-06-24 22:43:55 | INFO     | scanner                   | Sector | XLV: BULLISH
2026-06-24 22:43:55 | INFO     | scanner                   | Sector | XLI: BULLISH
2026-06-24 22:43:55 | INFO     | scanner                   | Sector | XLY: BEARISH
2026-06-24 22:43:55 | INFO     | scanner                   | Sector | XLP: BEARISH
2026-06-24 22:43:55 | INFO     | scanner                   | Sector | XLU: BEARISH
2026-06-24 22:43:55 | INFO     | scanner                   | Sector | XLB: BULLISH
2026-06-24 22:43:55 | INFO     | scanner                   | Sector | XLRE: BULLISH
2026-06-24 22:43:55 | INFO     | scanner                   | Sector | XLC: BEARISH
2026-06-24 22:43:55 | WARNING  | scanner                   | Sector check: XLK not found in indicator results
2026-06-24 22:43:55 | WARNING  | scanner                   | Sector check: XLF not found in indicator results
2026-06-24 22:43:55 | WARNING  | scanner                   | Sector check: XLE not found in indicator results
2026-06-24 22:43:55 | WARNING  | scanner                   | Sector check: XLV not found in indicator results
2026-06-24 22:43:55 | WARNING  | scanner                   | Sector check: XLI not found in indicator results
2026-06-24 22:43:55 | WARNING  | scanner                   | Sector check: XLY not found in indicator results
2026-06-24 22:43:55 | WARNING  | scanner                   | Sector check: XLP not found in indicator results
2026-06-24 22:43:55 | WARNING  | scanner                   | Sector check: XLU not found in indicator results
2026-06-24 22:43:55 | WARNING  | scanner                   | Sector check: XLB not found in indicator results
2026-06-24 22:43:55 | WARNING  | scanner                   | Sector check: XLRE not found in indicator results
2026-06-24 22:43:55 | WARNING  | scanner                   | Sector check: XLC not found in indicator results
2026-06-24 22:43:55 | INFO     | scanner                   | Sector | XLK: BULLISH
2026-06-24 22:43:55 | INFO     | scanner                   | Sector | XLF: BULLISH
2026-06-24 22:43:55 | INFO     | scanner                   | Sector | XLE: BEARISH
2026-06-24 22:43:55 | INFO     | scanner                   | Sector | XLV: BULLISH
2026-06-24 22:43:55 | INFO     | scanner                   | Sector | XLI: BULLISH
2026-06-24 22:43:55 | INFO     | scanner                   | Sector | XLY: BEARISH
2026-06-24 22:43:55 | INFO     | scanner                   | Sector | XLP: BEARISH
2026-06-24 22:43:55 | INFO     | scanner                   | Sector | XLU: BEARISH
2026-06-24 22:43:55 | INFO     | scanner                   | Sector | XLB: BULLISH
2026-06-24 22:43:55 | INFO     | scanner                   | Sector | XLRE: BULLISH
2026-06-24 22:43:55 | INFO     | scanner                   | Sector | XLC: BEARISH
2026-06-24 22:43:55 | WARNING  | scanner                   | Sector check: XLK not found in indicator results
2026-06-24 22:43:55 | WARNING  | scanner                   | Sector check: XLF not found in indicator results
2026-06-24 22:43:55 | WARNING  | scanner                   | Sector check: XLE not found in indicator results
2026-06-24 22:43:55 | WARNING  | scanner                   | Sector check: XLV not found in indicator results
2026-06-24 22:43:55 | WARNING  | scanner                   | Sector check: XLI not found in indicator results
2026-06-24 22:43:55 | WARNING  | scanner                   | Sector check: XLY not found in indicator results
2026-06-24 22:43:55 | WARNING  | scanner                   | Sector check: XLP not found in indicator results
2026-06-24 22:43:55 | WARNING  | scanner                   | Sector check: XLU not found in indicator results
2026-06-24 22:43:55 | WARNING  | scanner                   | Sector check: XLB not found in indicator results
2026-06-24 22:43:55 | WARNING  | scanner                   | Sector check: XLRE not found in indicator results
2026-06-24 22:43:55 | WARNING  | scanner                   | Sector check: XLC not found in indicator results
2026-06-24 22:43:55 | INFO     | scanner                   | Sector | XLK: BULLISH
2026-06-24 22:43:55 | INFO     | scanner                   | Sector | XLF: BULLISH
2026-06-24 22:43:55 | INFO     | scanner                   | Sector | XLE: BEARISH
2026-06-24 22:43:55 | INFO     | scanner                   | Sector | XLV: BULLISH
2026-06-24 22:43:55 | INFO     | scanner                   | Sector | XLI: BULLISH
2026-06-24 22:43:55 | INFO     | scanner                   | Sector | XLY: BEARISH
2026-06-24 22:43:55 | INFO     | scanner                   | Sector | XLP: BEARISH
2026-06-24 22:43:55 | INFO     | scanner                   | Sector | XLU: BEARISH
2026-06-24 22:43:55 | INFO     | scanner                   | Sector | XLB: BULLISH
2026-06-24 22:43:55 | INFO     | scanner                   | Sector | XLRE: BULLISH
2026-06-24 22:43:55 | INFO     | scanner                   | Sector | XLC: BEARISH
2026-06-24 22:43:55 | WARNING  | scanner                   | Sector check: XLK not found in indicator results
2026-06-24 22:43:55 | WARNING  | scanner                   | Sector check: XLF not found in indicator results
2026-06-24 22:43:55 | WARNING  | scanner                   | Sector check: XLE not found in indicator results
2026-06-24 22:43:55 | WARNING  | scanner                   | Sector check: XLV not found in indicator results
2026-06-24 22:43:55 | WARNING  | scanner                   | Sector check: XLI not found in indicator results
2026-06-24 22:43:55 | WARNING  | scanner                   | Sector check: XLY not found in indicator results
2026-06-24 22:43:55 | WARNING  | scanner                   | Sector check: XLP not found in indicator results
2026-06-24 22:43:55 | WARNING  | scanner                   | Sector check: XLU not found in indicator results
2026-06-24 22:43:55 | WARNING  | scanner                   | Sector check: XLB not found in indicator results
2026-06-24 22:43:55 | WARNING  | scanner                   | Sector check: XLRE not found in indicator results
2026-06-24 22:43:55 | WARNING  | scanner                   | Sector check: XLC not found in indicator results
2026-06-24 22:43:55 | INFO     | scanner                   | Sector | XLK: BULLISH
2026-06-24 22:43:55 | INFO     | scanner                   | Sector | XLF: BULLISH
2026-06-24 22:43:55 | INFO     | scanner                   | Sector | XLE: BEARISH
2026-06-24 22:43:55 | INFO     | scanner                   | Sector | XLV: BULLISH
2026-06-24 22:43:55 | INFO     | scanner                   | Sector | XLI: BULLISH
2026-06-24 22:43:55 | INFO     | scanner                   | Sector | XLY: BEARISH
2026-06-24 22:43:55 | INFO     | scanner                   | Sector | XLP: BEARISH
2026-06-24 22:43:55 | INFO     | scanner                   | Sector | XLU: BEARISH
2026-06-24 22:43:55 | INFO     | scanner                   | Sector | XLB: BULLISH
2026-06-24 22:43:55 | INFO     | scanner                   | Sector | XLRE: BULLISH
2026-06-24 22:43:55 | INFO     | scanner                   | Sector | XLC: BEARISH
2026-06-24 22:43:55 | WARNING  | scanner                   | Sector check: XLK not found in indicator results
2026-06-24 22:43:55 | WARNING  | scanner                   | Sector check: XLF not found in indicator results
2026-06-24 22:43:55 | WARNING  | scanner                   | Sector check: XLE not found in indicator results
2026-06-24 22:43:55 | WARNING  | scanner                   | Sector check: XLV not found in indicator results
2026-06-24 22:43:55 | WARNING  | scanner                   | Sector check: XLI not found in indicator results
2026-06-24 22:43:55 | WARNING  | scanner                   | Sector check: XLY not found in indicator results
2026-06-24 22:43:55 | WARNING  | scanner                   | Sector check: XLP not found in indicator results
2026-06-24 22:43:55 | WARNING  | scanner                   | Sector check: XLU not found in indicator results
2026-06-24 22:43:55 | WARNING  | scanner                   | Sector check: XLB not found in indicator results
2026-06-24 22:43:55 | WARNING  | scanner                   | Sector check: XLRE not found in indicator results
2026-06-24 22:43:55 | WARNING  | scanner                   | Sector check: XLC not found in indicator results
2026-06-24 22:43:55 | INFO     | scanner                   | Sector | XLK: BEARISH
2026-06-24 22:43:55 | INFO     | scanner                   | Sector | XLF: BULLISH
2026-06-24 22:43:55 | INFO     | scanner                   | Sector | XLE: BEARISH
2026-06-24 22:43:55 | INFO     | scanner                   | Sector | XLV: BULLISH
2026-06-24 22:43:55 | INFO     | scanner                   | Sector | XLI: BULLISH
2026-06-24 22:43:55 | INFO     | scanner                   | Sector | XLY: BEARISH
2026-06-24 22:43:55 | INFO     | scanner                   | Sector | XLP: BEARISH
2026-06-24 22:43:55 | INFO     | scanner                   | Sector | XLU: BEARISH
2026-06-24 22:43:55 | INFO     | scanner                   | Sector | XLB: BULLISH
2026-06-24 22:43:55 | INFO     | scanner                   | Sector | XLRE: BULLISH
2026-06-24 22:43:55 | INFO     | scanner                   | Sector | XLC: BEARISH
2026-06-24 22:43:55 | WARNING  | scanner                   | Sector check: XLK not found in indicator results
2026-06-24 22:43:55 | WARNING  | scanner                   | Sector check: XLF not found in indicator results
2026-06-24 22:43:55 | WARNING  | scanner                   | Sector check: XLE not found in indicator results
2026-06-24 22:43:55 | WARNING  | scanner                   | Sector check: XLV not found in indicator results
2026-06-24 22:43:55 | WARNING  | scanner                   | Sector check: XLI not found in indicator results
2026-06-24 22:43:55 | WARNING  | scanner                   | Sector check: XLY not found in indicator results
2026-06-24 22:43:55 | WARNING  | scanner                   | Sector check: XLP not found in indicator results
2026-06-24 22:43:55 | WARNING  | scanner                   | Sector check: XLU not found in indicator results
2026-06-24 22:43:55 | WARNING  | scanner                   | Sector check: XLB not found in indicator results
2026-06-24 22:43:55 | WARNING  | scanner                   | Sector check: XLRE not found in indicator results
2026-06-24 22:43:55 | WARNING  | scanner                   | Sector check: XLC not found in indicator results
2026-06-24 22:43:55 | INFO     | scanner                   | Sector | XLK: BEARISH
2026-06-24 22:43:55 | INFO     | scanner                   | Sector | XLF: BULLISH
2026-06-24 22:43:55 | INFO     | scanner                   | Sector | XLE: BEARISH
2026-06-24 22:43:55 | INFO     | scanner                   | Sector | XLV: BULLISH
2026-06-24 22:43:55 | INFO     | scanner                   | Sector | XLI: BULLISH
2026-06-24 22:43:55 | INFO     | scanner                   | Sector | XLY: BEARISH
2026-06-24 22:43:55 | INFO     | scanner                   | Sector | XLP: BULLISH
2026-06-24 22:43:55 | INFO     | scanner                   | Sector | XLU: BEARISH
2026-06-24 22:43:55 | INFO     | scanner                   | Sector | XLB: BULLISH
2026-06-24 22:43:55 | INFO     | scanner                   | Sector | XLRE: BULLISH
2026-06-24 22:43:55 | INFO     | scanner                   | Sector | XLC: BEARISH
2026-06-24 22:43:55 | WARNING  | scanner                   | Sector check: XLK not found in indicator results
2026-06-24 22:43:55 | WARNING  | scanner                   | Sector check: XLF not found in indicator results
2026-06-24 22:43:55 | WARNING  | scanner                   | Sector check: XLE not found in indicator results
2026-06-24 22:43:55 | WARNING  | scanner                   | Sector check: XLV not found in indicator results
2026-06-24 22:43:55 | WARNING  | scanner                   | Sector check: XLI not found in indicator results
2026-06-24 22:43:55 | WARNING  | scanner                   | Sector check: XLY not found in indicator results
2026-06-24 22:43:55 | WARNING  | scanner                   | Sector check: XLP not found in indicator results
2026-06-24 22:43:55 | WARNING  | scanner                   | Sector check: XLU not found in indicator results
2026-06-24 22:43:55 | WARNING  | scanner                   | Sector check: XLB not found in indicator results
2026-06-24 22:43:55 | WARNING  | scanner                   | Sector check: XLRE not found in indicator results
2026-06-24 22:43:55 | WARNING  | scanner                   | Sector check: XLC not found in indicator results
2026-06-24 22:43:55 | INFO     | scanner                   | Sector | XLK: BEARISH
2026-06-24 22:43:55 | INFO     | scanner                   | Sector | XLF: BULLISH
2026-06-24 22:43:55 | INFO     | scanner                   | Sector | XLE: BEARISH
2026-06-24 22:43:55 | INFO     | scanner                   | Sector | XLV: BULLISH
2026-06-24 22:43:55 | INFO     | scanner                   | Sector | XLI: BULLISH
2026-06-24 22:43:55 | INFO     | scanner                   | Sector | XLY: BEARISH
2026-06-24 22:43:55 | INFO     | scanner                   | Sector | XLP: BULLISH
2026-06-24 22:43:55 | INFO     | scanner                   | Sector | XLU: BEARISH
2026-06-24 22:43:55 | INFO     | scanner                   | Sector | XLB: BULLISH
2026-06-24 22:43:55 | INFO     | scanner                   | Sector | XLRE: BULLISH
2026-06-24 22:43:55 | INFO     | scanner                   | Sector | XLC: BEARISH
2026-06-24 22:43:55 | WARNING  | scanner                   | Sector check: XLK not found in indicator results
2026-06-24 22:43:55 | WARNING  | scanner                   | Sector check: XLF not found in indicator results
2026-06-24 22:43:55 | WARNING  | scanner                   | Sector check: XLE not found in indicator results
2026-06-24 22:43:55 | WARNING  | scanner                   | Sector check: XLV not found in indicator results
2026-06-24 22:43:55 | WARNING  | scanner                   | Sector check: XLI not found in indicator results
2026-06-24 22:43:55 | WARNING  | scanner                   | Sector check: XLY not found in indicator results
2026-06-24 22:43:55 | WARNING  | scanner                   | Sector check: XLP not found in indicator results
2026-06-24 22:43:55 | WARNING  | scanner                   | Sector check: XLU not found in indicator results
2026-06-24 22:43:55 | WARNING  | scanner                   | Sector check: XLB not found in indicator results
2026-06-24 22:43:55 | WARNING  | scanner                   | Sector check: XLRE not found in indicator results
2026-06-24 22:43:55 | WARNING  | scanner                   | Sector check: XLC not found in indicator results
2026-06-24 22:43:55 | INFO     | scanner                   | Sector | XLK: BEARISH
2026-06-24 22:43:55 | INFO     | scanner                   | Sector | XLF: BULLISH
2026-06-24 22:43:55 | INFO     | scanner                   | Sector | XLE: BEARISH
2026-06-24 22:43:55 | INFO     | scanner                   | Sector | XLV: BULLISH
2026-06-24 22:43:55 | INFO     | scanner                   | Sector | XLI: BULLISH
2026-06-24 22:43:55 | INFO     | scanner                   | Sector | XLY: BEARISH
2026-06-24 22:43:55 | INFO     | scanner                   | Sector | XLP: BULLISH
2026-06-24 22:43:55 | INFO     | scanner                   | Sector | XLU: BEARISH
2026-06-24 22:43:55 | INFO     | scanner                   | Sector | XLB: BULLISH
2026-06-24 22:43:55 | INFO     | scanner                   | Sector | XLRE: BULLISH
2026-06-24 22:43:55 | INFO     | scanner                   | Sector | XLC: BEARISH
2026-06-24 22:43:55 | WARNING  | scanner                   | Sector check: XLK not found in indicator results
2026-06-24 22:43:55 | WARNING  | scanner                   | Sector check: XLF not found in indicator results
2026-06-24 22:43:55 | WARNING  | scanner                   | Sector check: XLE not found in indicator results
2026-06-24 22:43:55 | WARNING  | scanner                   | Sector check: XLV not found in indicator results
2026-06-24 22:43:55 | WARNING  | scanner                   | Sector check: XLI not found in indicator results
2026-06-24 22:43:55 | WARNING  | scanner                   | Sector check: XLY not found in indicator results
2026-06-24 22:43:55 | WARNING  | scanner                   | Sector check: XLP not found in indicator results
2026-06-24 22:43:55 | WARNING  | scanner                   | Sector check: XLU not found in indicator results
2026-06-24 22:43:55 | WARNING  | scanner                   | Sector check: XLB not found in indicator results
2026-06-24 22:43:55 | WARNING  | scanner                   | Sector check: XLRE not found in indicator results
2026-06-24 22:43:55 | WARNING  | scanner                   | Sector check: XLC not found in indicator results
2026-06-24 22:43:55 | INFO     | scanner                   | Sector | XLK: BEARISH
2026-06-24 22:43:55 | INFO     | scanner                   | Sector | XLF: BULLISH
2026-06-24 22:43:55 | INFO     | scanner                   | Sector | XLE: BEARISH
2026-06-24 22:43:55 | INFO     | scanner                   | Sector | XLV: BULLISH
2026-06-24 22:43:55 | INFO     | scanner                   | Sector | XLI: BULLISH
2026-06-24 22:43:55 | INFO     | scanner                   | Sector | XLY: BEARISH
2026-06-24 22:43:55 | INFO     | scanner                   | Sector | XLP: BULLISH
2026-06-24 22:43:55 | INFO     | scanner                   | Sector | XLU: BEARISH
2026-06-24 22:43:55 | INFO     | scanner                   | Sector | XLB: BULLISH
2026-06-24 22:43:55 | INFO     | scanner                   | Sector | XLRE: BULLISH
2026-06-24 22:43:55 | INFO     | scanner                   | Sector | XLC: BEARISH
2026-06-24 22:43:55 | WARNING  | scanner                   | Sector check: XLK not found in indicator results
2026-06-24 22:43:55 | WARNING  | scanner                   | Sector check: XLF not found in indicator results
2026-06-24 22:43:55 | WARNING  | scanner                   | Sector check: XLE not found in indicator results
2026-06-24 22:43:55 | WARNING  | scanner                   | Sector check: XLV not found in indicator results
2026-06-24 22:43:55 | WARNING  | scanner                   | Sector check: XLI not found in indicator results
2026-06-24 22:43:55 | WARNING  | scanner                   | Sector check: XLY not found in indicator results
2026-06-24 22:43:55 | WARNING  | scanner                   | Sector check: XLP not found in indicator results
2026-06-24 22:43:55 | WARNING  | scanner                   | Sector check: XLU not found in indicator results
2026-06-24 22:43:55 | WARNING  | scanner                   | Sector check: XLB not found in indicator results
2026-06-24 22:43:55 | WARNING  | scanner                   | Sector check: XLRE not found in indicator results
2026-06-24 22:43:55 | WARNING  | scanner                   | Sector check: XLC not found in indicator results
2026-06-24 22:43:55 | INFO     | scanner                   | Sector | XLK: BEARISH
2026-06-24 22:43:55 | INFO     | scanner                   | Sector | XLF: BULLISH
2026-06-24 22:43:55 | INFO     | scanner                   | Sector | XLE: BEARISH
2026-06-24 22:43:55 | INFO     | scanner                   | Sector | XLV: BULLISH
2026-06-24 22:43:55 | INFO     | scanner                   | Sector | XLI: BULLISH
2026-06-24 22:43:55 | INFO     | scanner                   | Sector | XLY: BEARISH
2026-06-24 22:43:55 | INFO     | scanner                   | Sector | XLP: BULLISH
2026-06-24 22:43:55 | INFO     | scanner                   | Sector | XLU: BEARISH
2026-06-24 22:43:55 | INFO     | scanner                   | Sector | XLB: BULLISH
2026-06-24 22:43:55 | INFO     | scanner                   | Sector | XLRE: BULLISH
2026-06-24 22:43:55 | INFO     | scanner                   | Sector | XLC: BEARISH
2026-06-24 22:43:55 | WARNING  | scanner                   | Sector check: XLK not found in indicator results
2026-06-24 22:43:55 | WARNING  | scanner                   | Sector check: XLF not found in indicator results
2026-06-24 22:43:55 | WARNING  | scanner                   | Sector check: XLE not found in indicator results
2026-06-24 22:43:55 | WARNING  | scanner                   | Sector check: XLV not found in indicator results
2026-06-24 22:43:55 | WARNING  | scanner                   | Sector check: XLI not found in indicator results
2026-06-24 22:43:55 | WARNING  | scanner                   | Sector check: XLY not found in indicator results
2026-06-24 22:43:55 | WARNING  | scanner                   | Sector check: XLP not found in indicator results
2026-06-24 22:43:55 | WARNING  | scanner                   | Sector check: XLU not found in indicator results
2026-06-24 22:43:55 | WARNING  | scanner                   | Sector check: XLB not found in indicator results
2026-06-24 22:43:55 | WARNING  | scanner                   | Sector check: XLRE not found in indicator results
2026-06-24 22:43:55 | WARNING  | scanner                   | Sector check: XLC not found in indicator results
2026-06-24 22:43:55 | INFO     | scanner                   | Sector | XLK: BEARISH
2026-06-24 22:43:55 | INFO     | scanner                   | Sector | XLF: BULLISH
2026-06-24 22:43:55 | INFO     | scanner                   | Sector | XLE: BEARISH
2026-06-24 22:43:55 | INFO     | scanner                   | Sector | XLV: BULLISH
2026-06-24 22:43:55 | INFO     | scanner                   | Sector | XLI: BULLISH
2026-06-24 22:43:55 | INFO     | scanner                   | Sector | XLY: BEARISH
2026-06-24 22:43:55 | INFO     | scanner                   | Sector | XLP: BULLISH
2026-06-24 22:43:55 | INFO     | scanner                   | Sector | XLU: BEARISH
2026-06-24 22:43:55 | INFO     | scanner                   | Sector | XLB: BULLISH
2026-06-24 22:43:55 | INFO     | scanner                   | Sector | XLRE: BULLISH
2026-06-24 22:43:55 | INFO     | scanner                   | Sector | XLC: BEARISH
2026-06-24 22:43:55 | WARNING  | scanner                   | Sector check: XLK not found in indicator results
2026-06-24 22:43:55 | WARNING  | scanner                   | Sector check: XLF not found in indicator results
2026-06-24 22:43:55 | WARNING  | scanner                   | Sector check: XLE not found in indicator results
2026-06-24 22:43:55 | WARNING  | scanner                   | Sector check: XLV not found in indicator results
2026-06-24 22:43:55 | WARNING  | scanner                   | Sector check: XLI not found in indicator results
2026-06-24 22:43:55 | WARNING  | scanner                   | Sector check: XLY not found in indicator results
2026-06-24 22:43:55 | WARNING  | scanner                   | Sector check: XLP not found in indicator results
2026-06-24 22:43:55 | WARNING  | scanner                   | Sector check: XLU not found in indicator results
2026-06-24 22:43:55 | WARNING  | scanner                   | Sector check: XLB not found in indicator results
2026-06-24 22:43:55 | WARNING  | scanner                   | Sector check: XLRE not found in indicator results
2026-06-24 22:43:55 | WARNING  | scanner                   | Sector check: XLC not found in indicator results
2026-06-24 22:43:55 | INFO     | scanner                   | Sector | XLK: BEARISH
2026-06-24 22:43:55 | INFO     | scanner                   | Sector | XLF: BULLISH
2026-06-24 22:43:55 | INFO     | scanner                   | Sector | XLE: BEARISH
2026-06-24 22:43:55 | INFO     | scanner                   | Sector | XLV: BULLISH
2026-06-24 22:43:55 | INFO     | scanner                   | Sector | XLI: BULLISH
2026-06-24 22:43:56 | INFO     | scanner                   | Sector | XLY: BEARISH
2026-06-24 22:43:56 | INFO     | scanner                   | Sector | XLP: BULLISH
2026-06-24 22:43:56 | INFO     | scanner                   | Sector | XLU: BEARISH
2026-06-24 22:43:56 | INFO     | scanner                   | Sector | XLB: BULLISH
2026-06-24 22:43:56 | INFO     | scanner                   | Sector | XLRE: BULLISH
2026-06-24 22:43:56 | INFO     | scanner                   | Sector | XLC: BEARISH
2026-06-24 22:43:56 | WARNING  | scanner                   | Sector check: XLK not found in indicator results
2026-06-24 22:43:56 | WARNING  | scanner                   | Sector check: XLF not found in indicator results
2026-06-24 22:43:56 | WARNING  | scanner                   | Sector check: XLE not found in indicator results
2026-06-24 22:43:56 | WARNING  | scanner                   | Sector check: XLV not found in indicator results
2026-06-24 22:43:56 | WARNING  | scanner                   | Sector check: XLI not found in indicator results
2026-06-24 22:43:56 | WARNING  | scanner                   | Sector check: XLY not found in indicator results
2026-06-24 22:43:56 | WARNING  | scanner                   | Sector check: XLP not found in indicator results
2026-06-24 22:43:56 | WARNING  | scanner                   | Sector check: XLU not found in indicator results
2026-06-24 22:43:56 | WARNING  | scanner                   | Sector check: XLB not found in indicator results
2026-06-24 22:43:56 | WARNING  | scanner                   | Sector check: XLRE not found in indicator results
2026-06-24 22:43:56 | WARNING  | scanner                   | Sector check: XLC not found in indicator results
2026-06-24 22:43:56 | INFO     | scanner                   | Sector | XLK: BEARISH
2026-06-24 22:43:56 | INFO     | scanner                   | Sector | XLF: BULLISH
2026-06-24 22:43:56 | INFO     | scanner                   | Sector | XLE: BEARISH
2026-06-24 22:43:56 | INFO     | scanner                   | Sector | XLV: BULLISH
2026-06-24 22:43:56 | INFO     | scanner                   | Sector | XLI: BULLISH
2026-06-24 22:43:56 | INFO     | scanner                   | Sector | XLY: BEARISH
2026-06-24 22:43:56 | INFO     | scanner                   | Sector | XLP: BULLISH
2026-06-24 22:43:56 | INFO     | scanner                   | Sector | XLU: BEARISH
2026-06-24 22:43:56 | INFO     | scanner                   | Sector | XLB: BULLISH
2026-06-24 22:43:56 | INFO     | scanner                   | Sector | XLRE: BULLISH
2026-06-24 22:43:56 | INFO     | scanner                   | Sector | XLC: BEARISH
2026-06-24 22:43:56 | WARNING  | scanner                   | Sector check: XLK not found in indicator results
2026-06-24 22:43:56 | WARNING  | scanner                   | Sector check: XLF not found in indicator results
2026-06-24 22:43:56 | WARNING  | scanner                   | Sector check: XLE not found in indicator results
2026-06-24 22:43:56 | WARNING  | scanner                   | Sector check: XLV not found in indicator results
2026-06-24 22:43:56 | WARNING  | scanner                   | Sector check: XLI not found in indicator results
2026-06-24 22:43:56 | WARNING  | scanner                   | Sector check: XLY not found in indicator results
2026-06-24 22:43:56 | WARNING  | scanner                   | Sector check: XLP not found in indicator results
2026-06-24 22:43:56 | WARNING  | scanner                   | Sector check: XLU not found in indicator results
2026-06-24 22:43:56 | WARNING  | scanner                   | Sector check: XLB not found in indicator results
2026-06-24 22:43:56 | WARNING  | scanner                   | Sector check: XLRE not found in indicator results
2026-06-24 22:43:56 | WARNING  | scanner                   | Sector check: XLC not found in indicator results
2026-06-24 22:43:56 | INFO     | scanner                   | Sector | XLK: BEARISH
2026-06-24 22:43:56 | INFO     | scanner                   | Sector | XLF: BULLISH
2026-06-24 22:43:56 | INFO     | scanner                   | Sector | XLE: BEARISH
2026-06-24 22:43:56 | INFO     | scanner                   | Sector | XLV: BULLISH
2026-06-24 22:43:56 | INFO     | scanner                   | Sector | XLI: BULLISH
2026-06-24 22:43:56 | INFO     | scanner                   | Sector | XLY: BEARISH
2026-06-24 22:43:56 | INFO     | scanner                   | Sector | XLP: BULLISH
2026-06-24 22:43:56 | INFO     | scanner                   | Sector | XLU: BEARISH
2026-06-24 22:43:56 | INFO     | scanner                   | Sector | XLB: BULLISH
2026-06-24 22:43:56 | INFO     | scanner                   | Sector | XLRE: BULLISH
2026-06-24 22:43:56 | INFO     | scanner                   | Sector | XLC: BEARISH
2026-06-24 22:43:56 | WARNING  | scanner                   | Sector check: XLK not found in indicator results
2026-06-24 22:43:56 | WARNING  | scanner                   | Sector check: XLF not found in indicator results
2026-06-24 22:43:56 | WARNING  | scanner                   | Sector check: XLE not found in indicator results
2026-06-24 22:43:56 | WARNING  | scanner                   | Sector check: XLV not found in indicator results
2026-06-24 22:43:56 | WARNING  | scanner                   | Sector check: XLI not found in indicator results
2026-06-24 22:43:56 | WARNING  | scanner                   | Sector check: XLY not found in indicator results
2026-06-24 22:43:56 | WARNING  | scanner                   | Sector check: XLP not found in indicator results
2026-06-24 22:43:56 | WARNING  | scanner                   | Sector check: XLU not found in indicator results
2026-06-24 22:43:56 | WARNING  | scanner                   | Sector check: XLB not found in indicator results
2026-06-24 22:43:56 | WARNING  | scanner                   | Sector check: XLRE not found in indicator results
2026-06-24 22:43:56 | WARNING  | scanner                   | Sector check: XLC not found in indicator results
2026-06-24 22:43:56 | INFO     | scanner                   | Sector | XLK: BEARISH
2026-06-24 22:43:56 | INFO     | scanner                   | Sector | XLF: BULLISH
2026-06-24 22:43:56 | INFO     | scanner                   | Sector | XLE: BEARISH
2026-06-24 22:43:56 | INFO     | scanner                   | Sector | XLV: BULLISH
2026-06-24 22:43:56 | INFO     | scanner                   | Sector | XLI: BULLISH
2026-06-24 22:43:56 | INFO     | scanner                   | Sector | XLY: BEARISH
2026-06-24 22:43:56 | INFO     | scanner                   | Sector | XLP: BULLISH
2026-06-24 22:43:56 | INFO     | scanner                   | Sector | XLU: BEARISH
2026-06-24 22:43:56 | INFO     | scanner                   | Sector | XLB: BULLISH
2026-06-24 22:43:56 | INFO     | scanner                   | Sector | XLRE: BULLISH
2026-06-24 22:43:56 | INFO     | scanner                   | Sector | XLC: BEARISH
2026-06-24 22:43:56 | WARNING  | scanner                   | Sector check: XLK not found in indicator results
2026-06-24 22:43:56 | WARNING  | scanner                   | Sector check: XLF not found in indicator results
2026-06-24 22:43:56 | WARNING  | scanner                   | Sector check: XLE not found in indicator results
2026-06-24 22:43:56 | WARNING  | scanner                   | Sector check: XLV not found in indicator results
2026-06-24 22:43:56 | WARNING  | scanner                   | Sector check: XLI not found in indicator results
2026-06-24 22:43:56 | WARNING  | scanner                   | Sector check: XLY not found in indicator results
2026-06-24 22:43:56 | WARNING  | scanner                   | Sector check: XLP not found in indicator results
2026-06-24 22:43:56 | WARNING  | scanner                   | Sector check: XLU not found in indicator results
2026-06-24 22:43:56 | WARNING  | scanner                   | Sector check: XLB not found in indicator results
2026-06-24 22:43:56 | WARNING  | scanner                   | Sector check: XLRE not found in indicator results
2026-06-24 22:43:56 | WARNING  | scanner                   | Sector check: XLC not found in indicator results
2026-06-24 22:43:56 | INFO     | scanner                   | Sector | XLK: BEARISH
2026-06-24 22:43:56 | INFO     | scanner                   | Sector | XLF: BULLISH
2026-06-24 22:43:56 | INFO     | scanner                   | Sector | XLE: BEARISH
2026-06-24 22:43:56 | INFO     | scanner                   | Sector | XLV: BULLISH
2026-06-24 22:43:56 | INFO     | scanner                   | Sector | XLI: BULLISH
2026-06-24 22:43:56 | INFO     | scanner                   | Sector | XLY: BEARISH
2026-06-24 22:43:56 | INFO     | scanner                   | Sector | XLP: BULLISH
2026-06-24 22:43:56 | INFO     | scanner                   | Sector | XLU: BEARISH
2026-06-24 22:43:56 | INFO     | scanner                   | Sector | XLB: BULLISH
2026-06-24 22:43:56 | INFO     | scanner                   | Sector | XLRE: BULLISH
2026-06-24 22:43:56 | INFO     | scanner                   | Sector | XLC: BEARISH
2026-06-24 22:43:56 | WARNING  | scanner                   | Sector check: XLK not found in indicator results
2026-06-24 22:43:56 | WARNING  | scanner                   | Sector check: XLF not found in indicator results
2026-06-24 22:43:56 | WARNING  | scanner                   | Sector check: XLE not found in indicator results
2026-06-24 22:43:56 | WARNING  | scanner                   | Sector check: XLV not found in indicator results
2026-06-24 22:43:56 | WARNING  | scanner                   | Sector check: XLI not found in indicator results
2026-06-24 22:43:56 | WARNING  | scanner                   | Sector check: XLY not found in indicator results
2026-06-24 22:43:56 | WARNING  | scanner                   | Sector check: XLP not found in indicator results
2026-06-24 22:43:56 | WARNING  | scanner                   | Sector check: XLU not found in indicator results
2026-06-24 22:43:56 | WARNING  | scanner                   | Sector check: XLB not found in indicator results
2026-06-24 22:43:56 | WARNING  | scanner                   | Sector check: XLRE not found in indicator results
2026-06-24 22:43:56 | WARNING  | scanner                   | Sector check: XLC not found in indicator results
2026-06-24 22:43:56 | INFO     | scanner                   | Sector | XLK: BEARISH
2026-06-24 22:43:56 | INFO     | scanner                   | Sector | XLF: BULLISH
2026-06-24 22:43:56 | INFO     | scanner                   | Sector | XLE: BEARISH
2026-06-24 22:43:56 | INFO     | scanner                   | Sector | XLV: BULLISH
2026-06-24 22:43:56 | INFO     | scanner                   | Sector | XLI: BULLISH
2026-06-24 22:43:56 | INFO     | scanner                   | Sector | XLY: BEARISH
2026-06-24 22:43:56 | INFO     | scanner                   | Sector | XLP: BULLISH
2026-06-24 22:43:56 | INFO     | scanner                   | Sector | XLU: BEARISH
2026-06-24 22:43:56 | INFO     | scanner                   | Sector | XLB: BULLISH
2026-06-24 22:43:56 | INFO     | scanner                   | Sector | XLRE: BULLISH
2026-06-24 22:43:56 | INFO     | scanner                   | Sector | XLC: BEARISH
2026-06-24 22:43:56 | WARNING  | scanner                   | Sector check: XLK not found in indicator results
2026-06-24 22:43:56 | WARNING  | scanner                   | Sector check: XLF not found in indicator results
2026-06-24 22:43:56 | WARNING  | scanner                   | Sector check: XLE not found in indicator results
2026-06-24 22:43:56 | WARNING  | scanner                   | Sector check: XLV not found in indicator results
2026-06-24 22:43:56 | WARNING  | scanner                   | Sector check: XLI not found in indicator results
2026-06-24 22:43:56 | WARNING  | scanner                   | Sector check: XLY not found in indicator results
2026-06-24 22:43:56 | WARNING  | scanner                   | Sector check: XLP not found in indicator results
2026-06-24 22:43:56 | WARNING  | scanner                   | Sector check: XLU not found in indicator results
2026-06-24 22:43:56 | WARNING  | scanner                   | Sector check: XLB not found in indicator results
2026-06-24 22:43:56 | WARNING  | scanner                   | Sector check: XLRE not found in indicator results
2026-06-24 22:43:56 | WARNING  | scanner                   | Sector check: XLC not found in indicator results
2026-06-24 22:43:56 | INFO     | scanner                   | Sector | XLK: BEARISH
2026-06-24 22:43:56 | INFO     | scanner                   | Sector | XLF: BULLISH
2026-06-24 22:43:56 | INFO     | scanner                   | Sector | XLE: BEARISH
2026-06-24 22:43:56 | INFO     | scanner                   | Sector | XLV: BULLISH
2026-06-24 22:43:56 | INFO     | scanner                   | Sector | XLI: BULLISH
2026-06-24 22:43:56 | INFO     | scanner                   | Sector | XLY: BEARISH
2026-06-24 22:43:56 | INFO     | scanner                   | Sector | XLP: BULLISH
2026-06-24 22:43:56 | INFO     | scanner                   | Sector | XLU: BEARISH
2026-06-24 22:43:56 | INFO     | scanner                   | Sector | XLB: BULLISH
2026-06-24 22:43:56 | INFO     | scanner                   | Sector | XLRE: BULLISH
2026-06-24 22:43:56 | INFO     | scanner                   | Sector | XLC: BEARISH
2026-06-24 22:43:56 | WARNING  | scanner                   | Sector check: XLK not found in indicator results
2026-06-24 22:43:56 | WARNING  | scanner                   | Sector check: XLF not found in indicator results
2026-06-24 22:43:56 | WARNING  | scanner                   | Sector check: XLE not found in indicator results
2026-06-24 22:43:56 | WARNING  | scanner                   | Sector check: XLV not found in indicator results
2026-06-24 22:43:56 | WARNING  | scanner                   | Sector check: XLI not found in indicator results
2026-06-24 22:43:56 | WARNING  | scanner                   | Sector check: XLY not found in indicator results
2026-06-24 22:43:56 | WARNING  | scanner                   | Sector check: XLP not found in indicator results
2026-06-24 22:43:56 | WARNING  | scanner                   | Sector check: XLU not found in indicator results
2026-06-24 22:43:56 | WARNING  | scanner                   | Sector check: XLB not found in indicator results
2026-06-24 22:43:56 | WARNING  | scanner                   | Sector check: XLRE not found in indicator results
2026-06-24 22:43:56 | WARNING  | scanner                   | Sector check: XLC not found in indicator results
2026-06-24 22:43:56 | INFO     | scanner                   | Sector | XLK: BEARISH
2026-06-24 22:43:56 | INFO     | scanner                   | Sector | XLF: BULLISH
2026-06-24 22:43:56 | INFO     | scanner                   | Sector | XLE: BEARISH
2026-06-24 22:43:56 | INFO     | scanner                   | Sector | XLV: BULLISH
2026-06-24 22:43:56 | INFO     | scanner                   | Sector | XLI: BULLISH
2026-06-24 22:43:56 | INFO     | scanner                   | Sector | XLY: BEARISH
2026-06-24 22:43:56 | INFO     | scanner                   | Sector | XLP: BULLISH
2026-06-24 22:43:56 | INFO     | scanner                   | Sector | XLU: BEARISH
2026-06-24 22:43:56 | INFO     | scanner                   | Sector | XLB: BULLISH
2026-06-24 22:43:56 | INFO     | scanner                   | Sector | XLRE: BULLISH
2026-06-24 22:43:56 | INFO     | scanner                   | Sector | XLC: BEARISH
2026-06-24 22:43:56 | WARNING  | scanner                   | Sector check: XLK not found in indicator results
2026-06-24 22:43:56 | WARNING  | scanner                   | Sector check: XLF not found in indicator results
2026-06-24 22:43:56 | WARNING  | scanner                   | Sector check: XLE not found in indicator results
2026-06-24 22:43:56 | WARNING  | scanner                   | Sector check: XLV not found in indicator results
2026-06-24 22:43:56 | WARNING  | scanner                   | Sector check: XLI not found in indicator results
2026-06-24 22:43:56 | WARNING  | scanner                   | Sector check: XLY not found in indicator results
2026-06-24 22:43:56 | WARNING  | scanner                   | Sector check: XLP not found in indicator results
2026-06-24 22:43:56 | WARNING  | scanner                   | Sector check: XLU not found in indicator results
2026-06-24 22:43:56 | WARNING  | scanner                   | Sector check: XLB not found in indicator results
2026-06-24 22:43:56 | WARNING  | scanner                   | Sector check: XLRE not found in indicator results
2026-06-24 22:43:56 | WARNING  | scanner                   | Sector check: XLC not found in indicator results
2026-06-24 22:43:56 | INFO     | scanner                   | Sector | XLK: BEARISH
2026-06-24 22:43:56 | INFO     | scanner                   | Sector | XLF: BULLISH
2026-06-24 22:43:56 | INFO     | scanner                   | Sector | XLE: BEARISH
2026-06-24 22:43:56 | INFO     | scanner                   | Sector | XLV: BULLISH
2026-06-24 22:43:56 | INFO     | scanner                   | Sector | XLI: BULLISH
2026-06-24 22:43:56 | INFO     | scanner                   | Sector | XLY: BEARISH
2026-06-24 22:43:56 | INFO     | scanner                   | Sector | XLP: BULLISH
2026-06-24 22:43:56 | INFO     | scanner                   | Sector | XLU: BEARISH
2026-06-24 22:43:56 | INFO     | scanner                   | Sector | XLB: BULLISH
2026-06-24 22:43:56 | INFO     | scanner                   | Sector | XLRE: BULLISH
2026-06-24 22:43:56 | INFO     | scanner                   | Sector | XLC: BEARISH
2026-06-24 22:43:56 | WARNING  | scanner                   | Sector check: XLK not found in indicator results
2026-06-24 22:43:56 | WARNING  | scanner                   | Sector check: XLF not found in indicator results
2026-06-24 22:43:56 | WARNING  | scanner                   | Sector check: XLE not found in indicator results
2026-06-24 22:43:56 | WARNING  | scanner                   | Sector check: XLV not found in indicator results
2026-06-24 22:43:56 | WARNING  | scanner                   | Sector check: XLI not found in indicator results
2026-06-24 22:43:56 | WARNING  | scanner                   | Sector check: XLY not found in indicator results
2026-06-24 22:43:56 | WARNING  | scanner                   | Sector check: XLP not found in indicator results
2026-06-24 22:43:56 | WARNING  | scanner                   | Sector check: XLU not found in indicator results
2026-06-24 22:43:56 | WARNING  | scanner                   | Sector check: XLB not found in indicator results
2026-06-24 22:43:56 | WARNING  | scanner                   | Sector check: XLRE not found in indicator results
2026-06-24 22:43:56 | WARNING  | scanner                   | Sector check: XLC not found in indicator results
2026-06-24 22:43:56 | INFO     | scanner                   | Sector | XLK: BEARISH
2026-06-24 22:43:56 | INFO     | scanner                   | Sector | XLF: BULLISH
2026-06-24 22:43:56 | INFO     | scanner                   | Sector | XLE: BEARISH
2026-06-24 22:43:56 | INFO     | scanner                   | Sector | XLV: BULLISH
2026-06-24 22:43:56 | INFO     | scanner                   | Sector | XLI: BULLISH
2026-06-24 22:43:56 | INFO     | scanner                   | Sector | XLY: BEARISH
2026-06-24 22:43:56 | INFO     | scanner                   | Sector | XLP: BULLISH
2026-06-24 22:43:56 | INFO     | scanner                   | Sector | XLU: BEARISH
2026-06-24 22:43:56 | INFO     | scanner                   | Sector | XLB: BULLISH
2026-06-24 22:43:56 | INFO     | scanner                   | Sector | XLRE: BULLISH
2026-06-24 22:43:56 | INFO     | scanner                   | Sector | XLC: BEARISH
2026-06-24 22:43:56 | WARNING  | scanner                   | Sector check: XLK not found in indicator results
2026-06-24 22:43:56 | WARNING  | scanner                   | Sector check: XLF not found in indicator results
2026-06-24 22:43:56 | WARNING  | scanner                   | Sector check: XLE not found in indicator results
2026-06-24 22:43:56 | WARNING  | scanner                   | Sector check: XLV not found in indicator results
2026-06-24 22:43:56 | WARNING  | scanner                   | Sector check: XLI not found in indicator results
2026-06-24 22:43:56 | WARNING  | scanner                   | Sector check: XLY not found in indicator results
2026-06-24 22:43:56 | WARNING  | scanner                   | Sector check: XLP not found in indicator results
2026-06-24 22:43:56 | WARNING  | scanner                   | Sector check: XLU not found in indicator results
2026-06-24 22:43:56 | WARNING  | scanner                   | Sector check: XLB not found in indicator results
2026-06-24 22:43:56 | WARNING  | scanner                   | Sector check: XLRE not found in indicator results
2026-06-24 22:43:56 | WARNING  | scanner                   | Sector check: XLC not found in indicator results
2026-06-24 22:43:56 | INFO     | scanner                   | Sector | XLK: BEARISH
2026-06-24 22:43:56 | INFO     | scanner                   | Sector | XLF: BULLISH
2026-06-24 22:43:56 | INFO     | scanner                   | Sector | XLE: BEARISH
2026-06-24 22:43:56 | INFO     | scanner                   | Sector | XLV: BULLISH
2026-06-24 22:43:56 | INFO     | scanner                   | Sector | XLI: BULLISH
2026-06-24 22:43:56 | INFO     | scanner                   | Sector | XLY: BEARISH
2026-06-24 22:43:56 | INFO     | scanner                   | Sector | XLP: BULLISH
2026-06-24 22:43:56 | INFO     | scanner                   | Sector | XLU: BEARISH
2026-06-24 22:43:56 | INFO     | scanner                   | Sector | XLB: BULLISH
2026-06-24 22:43:56 | INFO     | scanner                   | Sector | XLRE: BULLISH
2026-06-24 22:43:56 | INFO     | scanner                   | Sector | XLC: BEARISH
2026-06-24 22:43:56 | WARNING  | scanner                   | Sector check: XLK not found in indicator results
2026-06-24 22:43:56 | WARNING  | scanner                   | Sector check: XLF not found in indicator results
2026-06-24 22:43:56 | WARNING  | scanner                   | Sector check: XLE not found in indicator results
2026-06-24 22:43:56 | WARNING  | scanner                   | Sector check: XLV not found in indicator results
2026-06-24 22:43:56 | WARNING  | scanner                   | Sector check: XLI not found in indicator results
2026-06-24 22:43:56 | WARNING  | scanner                   | Sector check: XLY not found in indicator results
2026-06-24 22:43:56 | WARNING  | scanner                   | Sector check: XLP not found in indicator results
2026-06-24 22:43:56 | WARNING  | scanner                   | Sector check: XLU not found in indicator results
2026-06-24 22:43:56 | WARNING  | scanner                   | Sector check: XLB not found in indicator results
2026-06-24 22:43:56 | WARNING  | scanner                   | Sector check: XLRE not found in indicator results
2026-06-24 22:43:56 | WARNING  | scanner                   | Sector check: XLC not found in indicator results
2026-06-24 22:43:56 | INFO     | scanner                   | Sector | XLK: BEARISH
2026-06-24 22:43:56 | INFO     | scanner                   | Sector | XLF: BULLISH
2026-06-24 22:43:56 | INFO     | scanner                   | Sector | XLE: BEARISH
2026-06-24 22:43:56 | INFO     | scanner                   | Sector | XLV: BULLISH
2026-06-24 22:43:56 | INFO     | scanner                   | Sector | XLI: BULLISH
2026-06-24 22:43:56 | INFO     | scanner                   | Sector | XLY: BEARISH
2026-06-24 22:43:56 | INFO     | scanner                   | Sector | XLP: BULLISH
2026-06-24 22:43:56 | INFO     | scanner                   | Sector | XLU: BEARISH
2026-06-24 22:43:56 | INFO     | scanner                   | Sector | XLB: BULLISH
2026-06-24 22:43:56 | INFO     | scanner                   | Sector | XLRE: BULLISH
2026-06-24 22:43:56 | INFO     | scanner                   | Sector | XLC: BEARISH
2026-06-24 22:43:56 | WARNING  | scanner                   | Sector check: XLK not found in indicator results
2026-06-24 22:43:56 | WARNING  | scanner                   | Sector check: XLF not found in indicator results
2026-06-24 22:43:56 | WARNING  | scanner                   | Sector check: XLE not found in indicator results
2026-06-24 22:43:56 | WARNING  | scanner                   | Sector check: XLV not found in indicator results
2026-06-24 22:43:56 | WARNING  | scanner                   | Sector check: XLI not found in indicator results
2026-06-24 22:43:56 | WARNING  | scanner                   | Sector check: XLY not found in indicator results
2026-06-24 22:43:56 | WARNING  | scanner                   | Sector check: XLP not found in indicator results
2026-06-24 22:43:56 | WARNING  | scanner                   | Sector check: XLU not found in indicator results
2026-06-24 22:43:56 | WARNING  | scanner                   | Sector check: XLB not found in indicator results
2026-06-24 22:43:56 | WARNING  | scanner                   | Sector check: XLRE not found in indicator results
2026-06-24 22:43:56 | WARNING  | scanner                   | Sector check: XLC not found in indicator results
2026-06-24 22:43:56 | INFO     | scanner                   | Sector | XLK: BEARISH
2026-06-24 22:43:56 | INFO     | scanner                   | Sector | XLF: BULLISH
2026-06-24 22:43:56 | INFO     | scanner                   | Sector | XLE: BEARISH
2026-06-24 22:43:56 | INFO     | scanner                   | Sector | XLV: BULLISH
2026-06-24 22:43:56 | INFO     | scanner                   | Sector | XLI: BULLISH
2026-06-24 22:43:56 | INFO     | scanner                   | Sector | XLY: BEARISH
2026-06-24 22:43:56 | INFO     | scanner                   | Sector | XLP: BULLISH
2026-06-24 22:43:56 | INFO     | scanner                   | Sector | XLU: BULLISH
2026-06-24 22:43:56 | INFO     | scanner                   | Sector | XLB: BULLISH
2026-06-24 22:43:56 | INFO     | scanner                   | Sector | XLRE: BULLISH
2026-06-24 22:43:56 | INFO     | scanner                   | Sector | XLC: BEARISH
2026-06-24 22:43:56 | WARNING  | scanner                   | Sector check: XLK not found in indicator results
2026-06-24 22:43:56 | WARNING  | scanner                   | Sector check: XLF not found in indicator results
2026-06-24 22:43:56 | WARNING  | scanner                   | Sector check: XLE not found in indicator results
2026-06-24 22:43:56 | WARNING  | scanner                   | Sector check: XLV not found in indicator results
2026-06-24 22:43:56 | WARNING  | scanner                   | Sector check: XLI not found in indicator results
2026-06-24 22:43:56 | WARNING  | scanner                   | Sector check: XLY not found in indicator results
2026-06-24 22:43:56 | WARNING  | scanner                   | Sector check: XLP not found in indicator results
2026-06-24 22:43:56 | WARNING  | scanner                   | Sector check: XLU not found in indicator results
2026-06-24 22:43:56 | WARNING  | scanner                   | Sector check: XLB not found in indicator results
2026-06-24 22:43:56 | WARNING  | scanner                   | Sector check: XLRE not found in indicator results
2026-06-24 22:43:56 | WARNING  | scanner                   | Sector check: XLC not found in indicator results
2026-06-24 22:43:56 | INFO     | scanner                   | Sector | XLK: BEARISH
2026-06-24 22:43:56 | INFO     | scanner                   | Sector | XLF: BULLISH
2026-06-24 22:43:56 | INFO     | scanner                   | Sector | XLE: BEARISH
2026-06-24 22:43:56 | INFO     | scanner                   | Sector | XLV: BULLISH
2026-06-24 22:43:56 | INFO     | scanner                   | Sector | XLI: BULLISH
2026-06-24 22:43:56 | INFO     | scanner                   | Sector | XLY: BEARISH
2026-06-24 22:43:56 | INFO     | scanner                   | Sector | XLP: BULLISH
2026-06-24 22:43:56 | INFO     | scanner                   | Sector | XLU: BULLISH
2026-06-24 22:43:56 | INFO     | scanner                   | Sector | XLB: BULLISH
2026-06-24 22:43:56 | INFO     | scanner                   | Sector | XLRE: BULLISH
2026-06-24 22:43:56 | INFO     | scanner                   | Sector | XLC: BEARISH
2026-06-24 22:43:56 | WARNING  | scanner                   | Sector check: XLK not found in indicator results
2026-06-24 22:43:56 | WARNING  | scanner                   | Sector check: XLF not found in indicator results
2026-06-24 22:43:56 | WARNING  | scanner                   | Sector check: XLE not found in indicator results
2026-06-24 22:43:56 | WARNING  | scanner                   | Sector check: XLV not found in indicator results
2026-06-24 22:43:56 | WARNING  | scanner                   | Sector check: XLI not found in indicator results
2026-06-24 22:43:56 | WARNING  | scanner                   | Sector check: XLY not found in indicator results
2026-06-24 22:43:56 | WARNING  | scanner                   | Sector check: XLP not found in indicator results
2026-06-24 22:43:56 | WARNING  | scanner                   | Sector check: XLU not found in indicator results
2026-06-24 22:43:56 | WARNING  | scanner                   | Sector check: XLB not found in indicator results
2026-06-24 22:43:56 | WARNING  | scanner                   | Sector check: XLRE not found in indicator results
2026-06-24 22:43:56 | WARNING  | scanner                   | Sector check: XLC not found in indicator results
2026-06-24 22:43:56 | INFO     | scanner                   | Sector | XLK: BEARISH
2026-06-24 22:43:56 | INFO     | scanner                   | Sector | XLF: BULLISH
2026-06-24 22:43:56 | INFO     | scanner                   | Sector | XLE: BEARISH
2026-06-24 22:43:56 | INFO     | scanner                   | Sector | XLV: BULLISH
2026-06-24 22:43:56 | INFO     | scanner                   | Sector | XLI: BULLISH
2026-06-24 22:43:56 | INFO     | scanner                   | Sector | XLY: BEARISH
2026-06-24 22:43:56 | INFO     | scanner                   | Sector | XLP: BULLISH
2026-06-24 22:43:56 | INFO     | scanner                   | Sector | XLU: BULLISH
2026-06-24 22:43:56 | INFO     | scanner                   | Sector | XLB: BULLISH
2026-06-24 22:43:56 | INFO     | scanner                   | Sector | XLRE: BULLISH
2026-06-24 22:43:56 | INFO     | scanner                   | Sector | XLC: BEARISH
2026-06-24 22:43:56 | WARNING  | scanner                   | Sector check: XLK not found in indicator results
2026-06-24 22:43:56 | WARNING  | scanner                   | Sector check: XLF not found in indicator results
2026-06-24 22:43:56 | WARNING  | scanner                   | Sector check: XLE not found in indicator results
2026-06-24 22:43:56 | WARNING  | scanner                   | Sector check: XLV not found in indicator results
2026-06-24 22:43:56 | WARNING  | scanner                   | Sector check: XLI not found in indicator results
2026-06-24 22:43:56 | WARNING  | scanner                   | Sector check: XLY not found in indicator results
2026-06-24 22:43:56 | WARNING  | scanner                   | Sector check: XLP not found in indicator results
2026-06-24 22:43:56 | WARNING  | scanner                   | Sector check: XLU not found in indicator results
2026-06-24 22:43:56 | WARNING  | scanner                   | Sector check: XLB not found in indicator results
2026-06-24 22:43:56 | WARNING  | scanner                   | Sector check: XLRE not found in indicator results
2026-06-24 22:43:56 | WARNING  | scanner                   | Sector check: XLC not found in indicator results
2026-06-24 22:43:56 | INFO     | scanner                   | Sector | XLK: BEARISH
2026-06-24 22:43:56 | INFO     | scanner                   | Sector | XLF: BULLISH
2026-06-24 22:43:56 | INFO     | scanner                   | Sector | XLE: BEARISH
2026-06-24 22:43:56 | INFO     | scanner                   | Sector | XLV: BULLISH
2026-06-24 22:43:56 | INFO     | scanner                   | Sector | XLI: BULLISH
2026-06-24 22:43:56 | INFO     | scanner                   | Sector | XLY: BEARISH
2026-06-24 22:43:56 | INFO     | scanner                   | Sector | XLP: BULLISH
2026-06-24 22:43:56 | INFO     | scanner                   | Sector | XLU: BULLISH
2026-06-24 22:43:56 | INFO     | scanner                   | Sector | XLB: BULLISH
2026-06-24 22:43:56 | INFO     | scanner                   | Sector | XLRE: BULLISH
2026-06-24 22:43:56 | INFO     | scanner                   | Sector | XLC: BEARISH
2026-06-24 22:43:56 | WARNING  | scanner                   | Sector check: XLK not found in indicator results
2026-06-24 22:43:56 | WARNING  | scanner                   | Sector check: XLF not found in indicator results
2026-06-24 22:43:56 | WARNING  | scanner                   | Sector check: XLE not found in indicator results
2026-06-24 22:43:56 | WARNING  | scanner                   | Sector check: XLV not found in indicator results
2026-06-24 22:43:56 | WARNING  | scanner                   | Sector check: XLI not found in indicator results
2026-06-24 22:43:56 | WARNING  | scanner                   | Sector check: XLY not found in indicator results
2026-06-24 22:43:56 | WARNING  | scanner                   | Sector check: XLP not found in indicator results
2026-06-24 22:43:56 | WARNING  | scanner                   | Sector check: XLU not found in indicator results
2026-06-24 22:43:56 | WARNING  | scanner                   | Sector check: XLB not found in indicator results
2026-06-24 22:43:56 | WARNING  | scanner                   | Sector check: XLRE not found in indicator results
2026-06-24 22:43:56 | WARNING  | scanner                   | Sector check: XLC not found in indicator results
2026-06-24 22:43:56 | INFO     | scanner                   | Sector | XLK: BEARISH
2026-06-24 22:43:56 | INFO     | scanner                   | Sector | XLF: BULLISH
2026-06-24 22:43:56 | INFO     | scanner                   | Sector | XLE: BEARISH
2026-06-24 22:43:56 | INFO     | scanner                   | Sector | XLV: BULLISH
2026-06-24 22:43:56 | INFO     | scanner                   | Sector | XLI: BULLISH
2026-06-24 22:43:56 | INFO     | scanner                   | Sector | XLY: BEARISH
2026-06-24 22:43:56 | INFO     | scanner                   | Sector | XLP: BULLISH
2026-06-24 22:43:56 | INFO     | scanner                   | Sector | XLU: BULLISH
2026-06-24 22:43:56 | INFO     | scanner                   | Sector | XLB: BULLISH
2026-06-24 22:43:56 | INFO     | scanner                   | Sector | XLRE: BULLISH
2026-06-24 22:43:56 | INFO     | scanner                   | Sector | XLC: BEARISH
2026-06-24 22:43:56 | WARNING  | scanner                   | Sector check: XLK not found in indicator results
2026-06-24 22:43:56 | WARNING  | scanner                   | Sector check: XLF not found in indicator results
2026-06-24 22:43:56 | WARNING  | scanner                   | Sector check: XLE not found in indicator results
2026-06-24 22:43:56 | WARNING  | scanner                   | Sector check: XLV not found in indicator results
2026-06-24 22:43:56 | WARNING  | scanner                   | Sector check: XLI not found in indicator results
2026-06-24 22:43:56 | WARNING  | scanner                   | Sector check: XLY not found in indicator results
2026-06-24 22:43:56 | WARNING  | scanner                   | Sector check: XLP not found in indicator results
2026-06-24 22:43:56 | WARNING  | scanner                   | Sector check: XLU not found in indicator results
2026-06-24 22:43:56 | WARNING  | scanner                   | Sector check: XLB not found in indicator results
2026-06-24 22:43:56 | WARNING  | scanner                   | Sector check: XLRE not found in indicator results
2026-06-24 22:43:56 | WARNING  | scanner                   | Sector check: XLC not found in indicator results
2026-06-24 22:43:56 | INFO     | scanner                   | Sector | XLK: BEARISH
2026-06-24 22:43:56 | INFO     | scanner                   | Sector | XLF: BULLISH
2026-06-24 22:43:56 | INFO     | scanner                   | Sector | XLE: BEARISH
2026-06-24 22:43:56 | INFO     | scanner                   | Sector | XLV: BULLISH
2026-06-24 22:43:56 | INFO     | scanner                   | Sector | XLI: BULLISH
2026-06-24 22:43:56 | INFO     | scanner                   | Sector | XLY: BEARISH
2026-06-24 22:43:56 | INFO     | scanner                   | Sector | XLP: BULLISH
2026-06-24 22:43:56 | INFO     | scanner                   | Sector | XLU: BULLISH
2026-06-24 22:43:56 | INFO     | scanner                   | Sector | XLB: BULLISH
2026-06-24 22:43:56 | INFO     | scanner                   | Sector | XLRE: BULLISH
2026-06-24 22:43:56 | INFO     | scanner                   | Sector | XLC: BEARISH
2026-06-24 22:43:56 | WARNING  | scanner                   | Sector check: XLK not found in indicator results
2026-06-24 22:43:56 | WARNING  | scanner                   | Sector check: XLF not found in indicator results
2026-06-24 22:43:56 | WARNING  | scanner                   | Sector check: XLE not found in indicator results
2026-06-24 22:43:56 | WARNING  | scanner                   | Sector check: XLV not found in indicator results
2026-06-24 22:43:56 | WARNING  | scanner                   | Sector check: XLI not found in indicator results
2026-06-24 22:43:56 | WARNING  | scanner                   | Sector check: XLY not found in indicator results
2026-06-24 22:43:56 | WARNING  | scanner                   | Sector check: XLP not found in indicator results
2026-06-24 22:43:56 | WARNING  | scanner                   | Sector check: XLU not found in indicator results
2026-06-24 22:43:56 | WARNING  | scanner                   | Sector check: XLB not found in indicator results
2026-06-24 22:43:56 | WARNING  | scanner                   | Sector check: XLRE not found in indicator results
2026-06-24 22:43:56 | WARNING  | scanner                   | Sector check: XLC not found in indicator results
2026-06-24 22:43:56 | INFO     | scanner                   | Sector | XLK: BEARISH
2026-06-24 22:43:56 | INFO     | scanner                   | Sector | XLF: BULLISH
2026-06-24 22:43:56 | INFO     | scanner                   | Sector | XLE: BEARISH
2026-06-24 22:43:56 | INFO     | scanner                   | Sector | XLV: BULLISH
2026-06-24 22:43:56 | INFO     | scanner                   | Sector | XLI: BULLISH
2026-06-24 22:43:56 | INFO     | scanner                   | Sector | XLY: BEARISH
2026-06-24 22:43:56 | INFO     | scanner                   | Sector | XLP: BULLISH
2026-06-24 22:43:56 | INFO     | scanner                   | Sector | XLU: BULLISH
2026-06-24 22:43:56 | INFO     | scanner                   | Sector | XLB: BULLISH
2026-06-24 22:43:56 | INFO     | scanner                   | Sector | XLRE: BULLISH
2026-06-24 22:43:56 | INFO     | scanner                   | Sector | XLC: BEARISH
2026-06-24 22:43:56 | WARNING  | scanner                   | Sector check: XLK not found in indicator results
2026-06-24 22:43:56 | WARNING  | scanner                   | Sector check: XLF not found in indicator results
2026-06-24 22:43:56 | WARNING  | scanner                   | Sector check: XLE not found in indicator results
2026-06-24 22:43:56 | WARNING  | scanner                   | Sector check: XLV not found in indicator results
2026-06-24 22:43:56 | WARNING  | scanner                   | Sector check: XLI not found in indicator results
2026-06-24 22:43:56 | WARNING  | scanner                   | Sector check: XLY not found in indicator results
2026-06-24 22:43:56 | WARNING  | scanner                   | Sector check: XLP not found in indicator results
2026-06-24 22:43:56 | WARNING  | scanner                   | Sector check: XLU not found in indicator results
2026-06-24 22:43:56 | WARNING  | scanner                   | Sector check: XLB not found in indicator results
2026-06-24 22:43:56 | WARNING  | scanner                   | Sector check: XLRE not found in indicator results
2026-06-24 22:43:56 | WARNING  | scanner                   | Sector check: XLC not found in indicator results
2026-06-24 22:43:56 | INFO     | scanner                   | Sector | XLK: BEARISH
2026-06-24 22:43:56 | INFO     | scanner                   | Sector | XLF: BULLISH
2026-06-24 22:43:56 | INFO     | scanner                   | Sector | XLE: BEARISH
2026-06-24 22:43:56 | INFO     | scanner                   | Sector | XLV: BULLISH
2026-06-24 22:43:56 | INFO     | scanner                   | Sector | XLI: BULLISH
2026-06-24 22:43:56 | INFO     | scanner                   | Sector | XLY: BEARISH
2026-06-24 22:43:56 | INFO     | scanner                   | Sector | XLP: BULLISH
2026-06-24 22:43:56 | INFO     | scanner                   | Sector | XLU: BULLISH
2026-06-24 22:43:56 | INFO     | scanner                   | Sector | XLB: BULLISH
2026-06-24 22:43:56 | INFO     | scanner                   | Sector | XLRE: BULLISH
2026-06-24 22:43:56 | INFO     | scanner                   | Sector | XLC: BEARISH
2026-06-24 22:43:56 | WARNING  | scanner                   | Sector check: XLK not found in indicator results
2026-06-24 22:43:56 | WARNING  | scanner                   | Sector check: XLF not found in indicator results
2026-06-24 22:43:56 | WARNING  | scanner                   | Sector check: XLE not found in indicator results
2026-06-24 22:43:56 | WARNING  | scanner                   | Sector check: XLV not found in indicator results
2026-06-24 22:43:56 | WARNING  | scanner                   | Sector check: XLI not found in indicator results
2026-06-24 22:43:56 | WARNING  | scanner                   | Sector check: XLY not found in indicator results
2026-06-24 22:43:56 | WARNING  | scanner                   | Sector check: XLP not found in indicator results
2026-06-24 22:43:56 | WARNING  | scanner                   | Sector check: XLU not found in indicator results
2026-06-24 22:43:56 | WARNING  | scanner                   | Sector check: XLB not found in indicator results
2026-06-24 22:43:56 | WARNING  | scanner                   | Sector check: XLRE not found in indicator results
2026-06-24 22:43:56 | WARNING  | scanner                   | Sector check: XLC not found in indicator results
2026-06-24 22:43:56 | INFO     | scanner                   | Sector | XLK: BEARISH
2026-06-24 22:43:56 | INFO     | scanner                   | Sector | XLF: BULLISH
2026-06-24 22:43:56 | INFO     | scanner                   | Sector | XLE: BEARISH
2026-06-24 22:43:56 | INFO     | scanner                   | Sector | XLV: BULLISH
2026-06-24 22:43:56 | INFO     | scanner                   | Sector | XLI: BULLISH
2026-06-24 22:43:56 | INFO     | scanner                   | Sector | XLY: BEARISH
2026-06-24 22:43:56 | INFO     | scanner                   | Sector | XLP: BULLISH
2026-06-24 22:43:56 | INFO     | scanner                   | Sector | XLU: BULLISH
2026-06-24 22:43:56 | INFO     | scanner                   | Sector | XLB: BULLISH
2026-06-24 22:43:56 | INFO     | scanner                   | Sector | XLRE: BULLISH
2026-06-24 22:43:56 | INFO     | scanner                   | Sector | XLC: BEARISH
2026-06-24 22:43:56 | WARNING  | scanner                   | Sector check: XLK not found in indicator results
2026-06-24 22:43:56 | WARNING  | scanner                   | Sector check: XLF not found in indicator results
2026-06-24 22:43:56 | WARNING  | scanner                   | Sector check: XLE not found in indicator results
2026-06-24 22:43:56 | WARNING  | scanner                   | Sector check: XLV not found in indicator results
2026-06-24 22:43:56 | WARNING  | scanner                   | Sector check: XLI not found in indicator results
2026-06-24 22:43:56 | WARNING  | scanner                   | Sector check: XLY not found in indicator results
2026-06-24 22:43:56 | WARNING  | scanner                   | Sector check: XLP not found in indicator results
2026-06-24 22:43:56 | WARNING  | scanner                   | Sector check: XLU not found in indicator results
2026-06-24 22:43:56 | WARNING  | scanner                   | Sector check: XLB not found in indicator results
2026-06-24 22:43:56 | WARNING  | scanner                   | Sector check: XLRE not found in indicator results
2026-06-24 22:43:56 | WARNING  | scanner                   | Sector check: XLC not found in indicator results
2026-06-24 22:43:56 | INFO     | scanner                   | Sector | XLK: BEARISH
2026-06-24 22:43:56 | INFO     | scanner                   | Sector | XLF: BULLISH
2026-06-24 22:43:56 | INFO     | scanner                   | Sector | XLE: BEARISH
2026-06-24 22:43:56 | INFO     | scanner                   | Sector | XLV: BULLISH
2026-06-24 22:43:56 | INFO     | scanner                   | Sector | XLI: BULLISH
2026-06-24 22:43:56 | INFO     | scanner                   | Sector | XLY: BEARISH
2026-06-24 22:43:56 | INFO     | scanner                   | Sector | XLP: BULLISH
2026-06-24 22:43:56 | INFO     | scanner                   | Sector | XLU: BULLISH
2026-06-24 22:43:56 | INFO     | scanner                   | Sector | XLB: BULLISH
2026-06-24 22:43:56 | INFO     | scanner                   | Sector | XLRE: BULLISH
2026-06-24 22:43:56 | INFO     | scanner                   | Sector | XLC: BEARISH
2026-06-24 22:43:56 | WARNING  | scanner                   | Sector check: XLK not found in indicator results
2026-06-24 22:43:56 | WARNING  | scanner                   | Sector check: XLF not found in indicator results
2026-06-24 22:43:56 | WARNING  | scanner                   | Sector check: XLE not found in indicator results
2026-06-24 22:43:56 | WARNING  | scanner                   | Sector check: XLV not found in indicator results
2026-06-24 22:43:56 | WARNING  | scanner                   | Sector check: XLI not found in indicator results
2026-06-24 22:43:56 | WARNING  | scanner                   | Sector check: XLY not found in indicator results
2026-06-24 22:43:56 | WARNING  | scanner                   | Sector check: XLP not found in indicator results
2026-06-24 22:43:56 | WARNING  | scanner                   | Sector check: XLU not found in indicator results
2026-06-24 22:43:56 | WARNING  | scanner                   | Sector check: XLB not found in indicator results
2026-06-24 22:43:56 | WARNING  | scanner                   | Sector check: XLRE not found in indicator results
2026-06-24 22:43:56 | WARNING  | scanner                   | Sector check: XLC not found in indicator results
2026-06-24 22:43:56 | INFO     | scanner                   | Sector | XLK: BEARISH
2026-06-24 22:43:56 | INFO     | scanner                   | Sector | XLF: BULLISH
2026-06-24 22:43:56 | INFO     | scanner                   | Sector | XLE: BEARISH
2026-06-24 22:43:56 | INFO     | scanner                   | Sector | XLV: BULLISH
2026-06-24 22:43:56 | INFO     | scanner                   | Sector | XLI: BULLISH
2026-06-24 22:43:56 | INFO     | scanner                   | Sector | XLY: BEARISH
2026-06-24 22:43:56 | INFO     | scanner                   | Sector | XLP: BULLISH
2026-06-24 22:43:56 | INFO     | scanner                   | Sector | XLU: BULLISH
2026-06-24 22:43:56 | INFO     | scanner                   | Sector | XLB: BULLISH
2026-06-24 22:43:56 | INFO     | scanner                   | Sector | XLRE: BULLISH
2026-06-24 22:43:56 | INFO     | scanner                   | Sector | XLC: BEARISH
2026-06-24 22:43:56 | WARNING  | scanner                   | Sector check: XLK not found in indicator results
2026-06-24 22:43:56 | WARNING  | scanner                   | Sector check: XLF not found in indicator results
2026-06-24 22:43:56 | WARNING  | scanner                   | Sector check: XLE not found in indicator results
2026-06-24 22:43:56 | WARNING  | scanner                   | Sector check: XLV not found in indicator results
2026-06-24 22:43:56 | WARNING  | scanner                   | Sector check: XLI not found in indicator results
2026-06-24 22:43:56 | WARNING  | scanner                   | Sector check: XLY not found in indicator results
2026-06-24 22:43:56 | WARNING  | scanner                   | Sector check: XLP not found in indicator results
2026-06-24 22:43:56 | WARNING  | scanner                   | Sector check: XLU not found in indicator results
2026-06-24 22:43:56 | WARNING  | scanner                   | Sector check: XLB not found in indicator results
2026-06-24 22:43:56 | WARNING  | scanner                   | Sector check: XLRE not found in indicator results
2026-06-24 22:43:56 | WARNING  | scanner                   | Sector check: XLC not found in indicator results
2026-06-24 22:43:56 | INFO     | scanner                   | Sector | XLK: BEARISH
2026-06-24 22:43:56 | INFO     | scanner                   | Sector | XLF: BULLISH
2026-06-24 22:43:56 | INFO     | scanner                   | Sector | XLE: BEARISH
2026-06-24 22:43:56 | INFO     | scanner                   | Sector | XLV: BULLISH
2026-06-24 22:43:56 | INFO     | scanner                   | Sector | XLI: BULLISH
2026-06-24 22:43:56 | INFO     | scanner                   | Sector | XLY: BEARISH
2026-06-24 22:43:56 | INFO     | scanner                   | Sector | XLP: BULLISH
2026-06-24 22:43:56 | INFO     | scanner                   | Sector | XLU: BULLISH
2026-06-24 22:43:56 | INFO     | scanner                   | Sector | XLB: BULLISH
2026-06-24 22:43:56 | INFO     | scanner                   | Sector | XLRE: BULLISH
2026-06-24 22:43:56 | INFO     | scanner                   | Sector | XLC: BEARISH
2026-06-24 22:43:56 | WARNING  | scanner                   | Sector check: XLK not found in indicator results
2026-06-24 22:43:56 | WARNING  | scanner                   | Sector check: XLF not found in indicator results
2026-06-24 22:43:56 | WARNING  | scanner                   | Sector check: XLE not found in indicator results
2026-06-24 22:43:56 | WARNING  | scanner                   | Sector check: XLV not found in indicator results
2026-06-24 22:43:56 | WARNING  | scanner                   | Sector check: XLI not found in indicator results
2026-06-24 22:43:56 | WARNING  | scanner                   | Sector check: XLY not found in indicator results
2026-06-24 22:43:56 | WARNING  | scanner                   | Sector check: XLP not found in indicator results
2026-06-24 22:43:56 | WARNING  | scanner                   | Sector check: XLU not found in indicator results
2026-06-24 22:43:56 | WARNING  | scanner                   | Sector check: XLB not found in indicator results
2026-06-24 22:43:56 | WARNING  | scanner                   | Sector check: XLRE not found in indicator results
2026-06-24 22:43:56 | WARNING  | scanner                   | Sector check: XLC not found in indicator results
2026-06-24 22:43:56 | INFO     | scanner                   | Sector | XLK: BEARISH
2026-06-24 22:43:56 | INFO     | scanner                   | Sector | XLF: BULLISH
2026-06-24 22:43:56 | INFO     | scanner                   | Sector | XLE: BEARISH
2026-06-24 22:43:56 | INFO     | scanner                   | Sector | XLV: BULLISH
2026-06-24 22:43:56 | INFO     | scanner                   | Sector | XLI: BULLISH
2026-06-24 22:43:56 | INFO     | scanner                   | Sector | XLY: BEARISH
2026-06-24 22:43:56 | INFO     | scanner                   | Sector | XLP: BULLISH
2026-06-24 22:43:56 | INFO     | scanner                   | Sector | XLU: BULLISH
2026-06-24 22:43:56 | INFO     | scanner                   | Sector | XLB: BULLISH
2026-06-24 22:43:56 | INFO     | scanner                   | Sector | XLRE: BULLISH
2026-06-24 22:43:56 | INFO     | scanner                   | Sector | XLC: BEARISH
2026-06-24 22:43:56 | WARNING  | scanner                   | Sector check: XLK not found in indicator results
2026-06-24 22:43:56 | WARNING  | scanner                   | Sector check: XLF not found in indicator results
2026-06-24 22:43:56 | WARNING  | scanner                   | Sector check: XLE not found in indicator results
2026-06-24 22:43:56 | WARNING  | scanner                   | Sector check: XLV not found in indicator results
2026-06-24 22:43:56 | WARNING  | scanner                   | Sector check: XLI not found in indicator results
2026-06-24 22:43:56 | WARNING  | scanner                   | Sector check: XLY not found in indicator results
2026-06-24 22:43:56 | WARNING  | scanner                   | Sector check: XLP not found in indicator results
2026-06-24 22:43:56 | WARNING  | scanner                   | Sector check: XLU not found in indicator results
2026-06-24 22:43:56 | WARNING  | scanner                   | Sector check: XLB not found in indicator results
2026-06-24 22:43:56 | WARNING  | scanner                   | Sector check: XLRE not found in indicator results
2026-06-24 22:43:56 | WARNING  | scanner                   | Sector check: XLC not found in indicator results
2026-06-24 22:43:56 | INFO     | scanner                   | Sector | XLK: BEARISH
2026-06-24 22:43:56 | INFO     | scanner                   | Sector | XLF: BULLISH
2026-06-24 22:43:56 | INFO     | scanner                   | Sector | XLE: BEARISH
2026-06-24 22:43:56 | INFO     | scanner                   | Sector | XLV: BULLISH
2026-06-24 22:43:56 | INFO     | scanner                   | Sector | XLI: BULLISH
2026-06-24 22:43:56 | INFO     | scanner                   | Sector | XLY: BEARISH
2026-06-24 22:43:56 | INFO     | scanner                   | Sector | XLP: BULLISH
2026-06-24 22:43:56 | INFO     | scanner                   | Sector | XLU: BULLISH
2026-06-24 22:43:56 | INFO     | scanner                   | Sector | XLB: BULLISH
2026-06-24 22:43:56 | INFO     | scanner                   | Sector | XLRE: BULLISH
2026-06-24 22:43:56 | INFO     | scanner                   | Sector | XLC: BEARISH
2026-06-24 22:43:56 | WARNING  | scanner                   | Sector check: XLK not found in indicator results
2026-06-24 22:43:56 | WARNING  | scanner                   | Sector check: XLF not found in indicator results
2026-06-24 22:43:56 | WARNING  | scanner                   | Sector check: XLE not found in indicator results
2026-06-24 22:43:56 | WARNING  | scanner                   | Sector check: XLV not found in indicator results
2026-06-24 22:43:56 | WARNING  | scanner                   | Sector check: XLI not found in indicator results
2026-06-24 22:43:56 | WARNING  | scanner                   | Sector check: XLY not found in indicator results
2026-06-24 22:43:56 | WARNING  | scanner                   | Sector check: XLP not found in indicator results
2026-06-24 22:43:56 | WARNING  | scanner                   | Sector check: XLU not found in indicator results
2026-06-24 22:43:56 | WARNING  | scanner                   | Sector check: XLB not found in indicator results
2026-06-24 22:43:56 | WARNING  | scanner                   | Sector check: XLRE not found in indicator results
2026-06-24 22:43:56 | WARNING  | scanner                   | Sector check: XLC not found in indicator results
2026-06-24 22:43:56 | INFO     | scanner                   | Sector | XLK: BEARISH
2026-06-24 22:43:56 | INFO     | scanner                   | Sector | XLF: BULLISH
2026-06-24 22:43:56 | INFO     | scanner                   | Sector | XLE: BEARISH
2026-06-24 22:43:56 | INFO     | scanner                   | Sector | XLV: BULLISH
2026-06-24 22:43:56 | INFO     | scanner                   | Sector | XLI: BULLISH
2026-06-24 22:43:56 | INFO     | scanner                   | Sector | XLY: BEARISH
2026-06-24 22:43:56 | INFO     | scanner                   | Sector | XLP: BULLISH
2026-06-24 22:43:56 | INFO     | scanner                   | Sector | XLU: BULLISH
2026-06-24 22:43:56 | INFO     | scanner                   | Sector | XLB: BULLISH
2026-06-24 22:43:56 | INFO     | scanner                   | Sector | XLRE: BULLISH
2026-06-24 22:43:56 | INFO     | scanner                   | Sector | XLC: BEARISH
2026-06-24 22:43:56 | WARNING  | scanner                   | Sector check: XLK not found in indicator results
2026-06-24 22:43:56 | WARNING  | scanner                   | Sector check: XLF not found in indicator results
2026-06-24 22:43:56 | WARNING  | scanner                   | Sector check: XLE not found in indicator results
2026-06-24 22:43:56 | WARNING  | scanner                   | Sector check: XLV not found in indicator results
2026-06-24 22:43:56 | WARNING  | scanner                   | Sector check: XLI not found in indicator results
2026-06-24 22:43:56 | WARNING  | scanner                   | Sector check: XLY not found in indicator results
2026-06-24 22:43:56 | WARNING  | scanner                   | Sector check: XLP not found in indicator results
2026-06-24 22:43:56 | WARNING  | scanner                   | Sector check: XLU not found in indicator results
2026-06-24 22:43:56 | WARNING  | scanner                   | Sector check: XLB not found in indicator results
2026-06-24 22:43:56 | WARNING  | scanner                   | Sector check: XLRE not found in indicator results
2026-06-24 22:43:56 | WARNING  | scanner                   | Sector check: XLC not found in indicator results
2026-06-24 22:43:56 | INFO     | scanner                   | Sector | XLK: BEARISH
2026-06-24 22:43:56 | INFO     | scanner                   | Sector | XLF: BULLISH
2026-06-24 22:43:56 | INFO     | scanner                   | Sector | XLE: BEARISH
2026-06-24 22:43:56 | INFO     | scanner                   | Sector | XLV: BULLISH
2026-06-24 22:43:56 | INFO     | scanner                   | Sector | XLI: BULLISH
2026-06-24 22:43:56 | INFO     | scanner                   | Sector | XLY: BEARISH
2026-06-24 22:43:56 | INFO     | scanner                   | Sector | XLP: BULLISH
2026-06-24 22:43:56 | INFO     | scanner                   | Sector | XLU: BULLISH
2026-06-24 22:43:56 | INFO     | scanner                   | Sector | XLB: BULLISH
2026-06-24 22:43:56 | INFO     | scanner                   | Sector | XLRE: BULLISH
2026-06-24 22:43:56 | INFO     | scanner                   | Sector | XLC: BEARISH
2026-06-24 22:43:56 | WARNING  | scanner                   | Sector check: XLK not found in indicator results
2026-06-24 22:43:56 | WARNING  | scanner                   | Sector check: XLF not found in indicator results
2026-06-24 22:43:56 | WARNING  | scanner                   | Sector check: XLE not found in indicator results
2026-06-24 22:43:56 | WARNING  | scanner                   | Sector check: XLV not found in indicator results
2026-06-24 22:43:56 | WARNING  | scanner                   | Sector check: XLI not found in indicator results
2026-06-24 22:43:56 | WARNING  | scanner                   | Sector check: XLY not found in indicator results
2026-06-24 22:43:56 | WARNING  | scanner                   | Sector check: XLP not found in indicator results
2026-06-24 22:43:56 | WARNING  | scanner                   | Sector check: XLU not found in indicator results
2026-06-24 22:43:56 | WARNING  | scanner                   | Sector check: XLB not found in indicator results
2026-06-24 22:43:56 | WARNING  | scanner                   | Sector check: XLRE not found in indicator results
2026-06-24 22:43:56 | WARNING  | scanner                   | Sector check: XLC not found in indicator results
2026-06-24 22:43:56 | INFO     | scanner                   | Sector | XLK: BEARISH
2026-06-24 22:43:56 | INFO     | scanner                   | Sector | XLF: BULLISH
2026-06-24 22:43:56 | INFO     | scanner                   | Sector | XLE: BEARISH
2026-06-24 22:43:56 | INFO     | scanner                   | Sector | XLV: BULLISH
2026-06-24 22:43:56 | INFO     | scanner                   | Sector | XLI: BULLISH
2026-06-24 22:43:56 | INFO     | scanner                   | Sector | XLY: BEARISH
2026-06-24 22:43:56 | INFO     | scanner                   | Sector | XLP: BULLISH
2026-06-24 22:43:56 | INFO     | scanner                   | Sector | XLU: BULLISH
2026-06-24 22:43:56 | INFO     | scanner                   | Sector | XLB: BULLISH
2026-06-24 22:43:56 | INFO     | scanner                   | Sector | XLRE: BULLISH
2026-06-24 22:43:56 | INFO     | scanner                   | Sector | XLC: BEARISH
2026-06-24 22:43:56 | WARNING  | scanner                   | Sector check: XLK not found in indicator results
2026-06-24 22:43:56 | WARNING  | scanner                   | Sector check: XLF not found in indicator results
2026-06-24 22:43:56 | WARNING  | scanner                   | Sector check: XLE not found in indicator results
2026-06-24 22:43:56 | WARNING  | scanner                   | Sector check: XLV not found in indicator results
2026-06-24 22:43:56 | WARNING  | scanner                   | Sector check: XLI not found in indicator results
2026-06-24 22:43:56 | WARNING  | scanner                   | Sector check: XLY not found in indicator results
2026-06-24 22:43:56 | WARNING  | scanner                   | Sector check: XLP not found in indicator results
2026-06-24 22:43:56 | WARNING  | scanner                   | Sector check: XLU not found in indicator results
2026-06-24 22:43:56 | WARNING  | scanner                   | Sector check: XLB not found in indicator results
2026-06-24 22:43:56 | WARNING  | scanner                   | Sector check: XLRE not found in indicator results
2026-06-24 22:43:56 | WARNING  | scanner                   | Sector check: XLC not found in indicator results
2026-06-24 22:43:56 | INFO     | scanner                   | Sector | XLK: BEARISH
2026-06-24 22:43:56 | INFO     | scanner                   | Sector | XLF: BULLISH
2026-06-24 22:43:56 | INFO     | scanner                   | Sector | XLE: BEARISH
2026-06-24 22:43:56 | INFO     | scanner                   | Sector | XLV: BULLISH
2026-06-24 22:43:56 | INFO     | scanner                   | Sector | XLI: BULLISH
2026-06-24 22:43:56 | INFO     | scanner                   | Sector | XLY: BEARISH
2026-06-24 22:43:56 | INFO     | scanner                   | Sector | XLP: BULLISH
2026-06-24 22:43:56 | INFO     | scanner                   | Sector | XLU: BULLISH
2026-06-24 22:43:56 | INFO     | scanner                   | Sector | XLB: BULLISH
2026-06-24 22:43:56 | INFO     | scanner                   | Sector | XLRE: BULLISH
2026-06-24 22:43:56 | INFO     | scanner                   | Sector | XLC: BEARISH
2026-06-24 22:43:56 | WARNING  | scanner                   | Sector check: XLK not found in indicator results
2026-06-24 22:43:56 | WARNING  | scanner                   | Sector check: XLF not found in indicator results
2026-06-24 22:43:56 | WARNING  | scanner                   | Sector check: XLE not found in indicator results
2026-06-24 22:43:56 | WARNING  | scanner                   | Sector check: XLV not found in indicator results
2026-06-24 22:43:56 | WARNING  | scanner                   | Sector check: XLI not found in indicator results
2026-06-24 22:43:56 | WARNING  | scanner                   | Sector check: XLY not found in indicator results
2026-06-24 22:43:56 | WARNING  | scanner                   | Sector check: XLP not found in indicator results
2026-06-24 22:43:56 | WARNING  | scanner                   | Sector check: XLU not found in indicator results
2026-06-24 22:43:56 | WARNING  | scanner                   | Sector check: XLB not found in indicator results
2026-06-24 22:43:56 | WARNING  | scanner                   | Sector check: XLRE not found in indicator results
2026-06-24 22:43:56 | WARNING  | scanner                   | Sector check: XLC not found in indicator results
2026-06-24 22:43:56 | INFO     | scanner                   | Sector | XLK: BEARISH
2026-06-24 22:43:56 | INFO     | scanner                   | Sector | XLF: BULLISH
2026-06-24 22:43:56 | INFO     | scanner                   | Sector | XLE: BEARISH
2026-06-24 22:43:56 | INFO     | scanner                   | Sector | XLV: BULLISH
2026-06-24 22:43:56 | INFO     | scanner                   | Sector | XLI: BULLISH
2026-06-24 22:43:56 | INFO     | scanner                   | Sector | XLY: BEARISH
2026-06-24 22:43:56 | INFO     | scanner                   | Sector | XLP: BULLISH
2026-06-24 22:43:56 | INFO     | scanner                   | Sector | XLU: BULLISH
2026-06-24 22:43:56 | INFO     | scanner                   | Sector | XLB: BULLISH
2026-06-24 22:43:56 | INFO     | scanner                   | Sector | XLRE: BULLISH
2026-06-24 22:43:56 | INFO     | scanner                   | Sector | XLC: BEARISH
2026-06-24 22:43:56 | WARNING  | scanner                   | Sector check: XLK not found in indicator results
2026-06-24 22:43:56 | WARNING  | scanner                   | Sector check: XLF not found in indicator results
2026-06-24 22:43:56 | WARNING  | scanner                   | Sector check: XLE not found in indicator results
2026-06-24 22:43:56 | WARNING  | scanner                   | Sector check: XLV not found in indicator results
2026-06-24 22:43:56 | WARNING  | scanner                   | Sector check: XLI not found in indicator results
2026-06-24 22:43:56 | WARNING  | scanner                   | Sector check: XLY not found in indicator results
2026-06-24 22:43:56 | WARNING  | scanner                   | Sector check: XLP not found in indicator results
2026-06-24 22:43:56 | WARNING  | scanner                   | Sector check: XLU not found in indicator results
2026-06-24 22:43:56 | WARNING  | scanner                   | Sector check: XLB not found in indicator results
2026-06-24 22:43:56 | WARNING  | scanner                   | Sector check: XLRE not found in indicator results
2026-06-24 22:43:56 | WARNING  | scanner                   | Sector check: XLC not found in indicator results
2026-06-24 22:43:56 | INFO     | scanner                   | Sector | XLK: BEARISH
2026-06-24 22:43:56 | INFO     | scanner                   | Sector | XLF: BULLISH
2026-06-24 22:43:56 | INFO     | scanner                   | Sector | XLE: BEARISH
2026-06-24 22:43:56 | INFO     | scanner                   | Sector | XLV: BULLISH
2026-06-24 22:43:56 | INFO     | scanner                   | Sector | XLI: BULLISH
2026-06-24 22:43:56 | INFO     | scanner                   | Sector | XLY: BEARISH
2026-06-24 22:43:56 | INFO     | scanner                   | Sector | XLP: BULLISH
2026-06-24 22:43:56 | INFO     | scanner                   | Sector | XLU: BULLISH
2026-06-24 22:43:56 | INFO     | scanner                   | Sector | XLB: BULLISH
2026-06-24 22:43:56 | INFO     | scanner                   | Sector | XLRE: BULLISH
2026-06-24 22:43:56 | INFO     | scanner                   | Sector | XLC: BEARISH
2026-06-24 22:43:56 | WARNING  | scanner                   | Sector check: XLK not found in indicator results
2026-06-24 22:43:56 | WARNING  | scanner                   | Sector check: XLF not found in indicator results
2026-06-24 22:43:56 | WARNING  | scanner                   | Sector check: XLE not found in indicator results
2026-06-24 22:43:56 | WARNING  | scanner                   | Sector check: XLV not found in indicator results
2026-06-24 22:43:56 | WARNING  | scanner                   | Sector check: XLI not found in indicator results
2026-06-24 22:43:56 | WARNING  | scanner                   | Sector check: XLY not found in indicator results
2026-06-24 22:43:56 | WARNING  | scanner                   | Sector check: XLP not found in indicator results
2026-06-24 22:43:56 | WARNING  | scanner                   | Sector check: XLU not found in indicator results
2026-06-24 22:43:56 | WARNING  | scanner                   | Sector check: XLB not found in indicator results
2026-06-24 22:43:56 | WARNING  | scanner                   | Sector check: XLRE not found in indicator results
2026-06-24 22:43:56 | WARNING  | scanner                   | Sector check: XLC not found in indicator results
2026-06-24 22:43:56 | INFO     | scanner                   | Sector | XLK: BEARISH
2026-06-24 22:43:56 | INFO     | scanner                   | Sector | XLF: BULLISH
2026-06-24 22:43:56 | INFO     | scanner                   | Sector | XLE: BEARISH
2026-06-24 22:43:56 | INFO     | scanner                   | Sector | XLV: BULLISH
2026-06-24 22:43:56 | INFO     | scanner                   | Sector | XLI: BULLISH
2026-06-24 22:43:56 | INFO     | scanner                   | Sector | XLY: BEARISH
2026-06-24 22:43:56 | INFO     | scanner                   | Sector | XLP: BULLISH
2026-06-24 22:43:56 | INFO     | scanner                   | Sector | XLU: BULLISH
2026-06-24 22:43:56 | INFO     | scanner                   | Sector | XLB: BULLISH
2026-06-24 22:43:56 | INFO     | scanner                   | Sector | XLRE: BULLISH
2026-06-24 22:43:56 | INFO     | scanner                   | Sector | XLC: BEARISH
2026-06-24 22:43:56 | WARNING  | scanner                   | Sector check: XLK not found in indicator results
2026-06-24 22:43:56 | WARNING  | scanner                   | Sector check: XLF not found in indicator results
2026-06-24 22:43:56 | WARNING  | scanner                   | Sector check: XLE not found in indicator results
2026-06-24 22:43:56 | WARNING  | scanner                   | Sector check: XLV not found in indicator results
2026-06-24 22:43:56 | WARNING  | scanner                   | Sector check: XLI not found in indicator results
2026-06-24 22:43:56 | WARNING  | scanner                   | Sector check: XLY not found in indicator results
2026-06-24 22:43:56 | WARNING  | scanner                   | Sector check: XLP not found in indicator results
2026-06-24 22:43:56 | WARNING  | scanner                   | Sector check: XLU not found in indicator results
2026-06-24 22:43:56 | WARNING  | scanner                   | Sector check: XLB not found in indicator results
2026-06-24 22:43:56 | WARNING  | scanner                   | Sector check: XLRE not found in indicator results
2026-06-24 22:43:56 | WARNING  | scanner                   | Sector check: XLC not found in indicator results
2026-06-24 22:43:56 | INFO     | scanner                   | Sector | XLK: BEARISH
2026-06-24 22:43:56 | INFO     | scanner                   | Sector | XLF: BULLISH
2026-06-24 22:43:56 | INFO     | scanner                   | Sector | XLE: BEARISH
2026-06-24 22:43:56 | INFO     | scanner                   | Sector | XLV: BULLISH
2026-06-24 22:43:56 | INFO     | scanner                   | Sector | XLI: BULLISH
2026-06-24 22:43:56 | INFO     | scanner                   | Sector | XLY: BEARISH
2026-06-24 22:43:56 | INFO     | scanner                   | Sector | XLP: BULLISH
2026-06-24 22:43:56 | INFO     | scanner                   | Sector | XLU: BULLISH
2026-06-24 22:43:56 | INFO     | scanner                   | Sector | XLB: BULLISH
2026-06-24 22:43:56 | INFO     | scanner                   | Sector | XLRE: BULLISH
2026-06-24 22:43:56 | INFO     | scanner                   | Sector | XLC: BEARISH
2026-06-24 22:43:56 | WARNING  | scanner                   | Sector check: XLK not found in indicator results
2026-06-24 22:43:56 | WARNING  | scanner                   | Sector check: XLF not found in indicator results
2026-06-24 22:43:56 | WARNING  | scanner                   | Sector check: XLE not found in indicator results
2026-06-24 22:43:56 | WARNING  | scanner                   | Sector check: XLV not found in indicator results
2026-06-24 22:43:56 | WARNING  | scanner                   | Sector check: XLI not found in indicator results
2026-06-24 22:43:56 | WARNING  | scanner                   | Sector check: XLY not found in indicator results
2026-06-24 22:43:56 | WARNING  | scanner                   | Sector check: XLP not found in indicator results
2026-06-24 22:43:56 | WARNING  | scanner                   | Sector check: XLU not found in indicator results
2026-06-24 22:43:56 | WARNING  | scanner                   | Sector check: XLB not found in indicator results
2026-06-24 22:43:56 | WARNING  | scanner                   | Sector check: XLRE not found in indicator results
2026-06-24 22:43:56 | WARNING  | scanner                   | Sector check: XLC not found in indicator results
2026-06-24 22:43:56 | INFO     | scanner                   | Sector | XLK: BEARISH
2026-06-24 22:43:56 | INFO     | scanner                   | Sector | XLF: BULLISH
2026-06-24 22:43:56 | INFO     | scanner                   | Sector | XLE: BEARISH
2026-06-24 22:43:56 | INFO     | scanner                   | Sector | XLV: BULLISH
2026-06-24 22:43:56 | INFO     | scanner                   | Sector | XLI: BULLISH
2026-06-24 22:43:56 | INFO     | scanner                   | Sector | XLY: BEARISH
2026-06-24 22:43:56 | INFO     | scanner                   | Sector | XLP: BULLISH
2026-06-24 22:43:56 | INFO     | scanner                   | Sector | XLU: BULLISH
2026-06-24 22:43:56 | INFO     | scanner                   | Sector | XLB: BULLISH
2026-06-24 22:43:56 | INFO     | scanner                   | Sector | XLRE: BULLISH
2026-06-24 22:43:56 | INFO     | scanner                   | Sector | XLC: BEARISH
2026-06-24 22:43:56 | WARNING  | scanner                   | Sector check: XLK not found in indicator results
2026-06-24 22:43:56 | WARNING  | scanner                   | Sector check: XLF not found in indicator results
2026-06-24 22:43:56 | WARNING  | scanner                   | Sector check: XLE not found in indicator results
2026-06-24 22:43:56 | WARNING  | scanner                   | Sector check: XLV not found in indicator results
2026-06-24 22:43:56 | WARNING  | scanner                   | Sector check: XLI not found in indicator results
2026-06-24 22:43:56 | WARNING  | scanner                   | Sector check: XLY not found in indicator results
2026-06-24 22:43:56 | WARNING  | scanner                   | Sector check: XLP not found in indicator results
2026-06-24 22:43:56 | WARNING  | scanner                   | Sector check: XLU not found in indicator results
2026-06-24 22:43:56 | WARNING  | scanner                   | Sector check: XLB not found in indicator results
2026-06-24 22:43:57 | WARNING  | scanner                   | Sector check: XLRE not found in indicator results
2026-06-24 22:43:57 | WARNING  | scanner                   | Sector check: XLC not found in indicator results
2026-06-24 22:43:57 | INFO     | scanner                   | Sector | XLK: BEARISH
2026-06-24 22:43:57 | INFO     | scanner                   | Sector | XLF: BULLISH
2026-06-24 22:43:57 | INFO     | scanner                   | Sector | XLE: BEARISH
2026-06-24 22:43:57 | INFO     | scanner                   | Sector | XLV: BULLISH
2026-06-24 22:43:57 | INFO     | scanner                   | Sector | XLI: BULLISH
2026-06-24 22:43:57 | INFO     | scanner                   | Sector | XLY: BEARISH
2026-06-24 22:43:57 | INFO     | scanner                   | Sector | XLP: BULLISH
2026-06-24 22:43:57 | INFO     | scanner                   | Sector | XLU: BULLISH
2026-06-24 22:43:57 | INFO     | scanner                   | Sector | XLB: BULLISH
2026-06-24 22:43:57 | INFO     | scanner                   | Sector | XLRE: BULLISH
2026-06-24 22:43:57 | INFO     | scanner                   | Sector | XLC: BEARISH
2026-06-24 22:43:57 | WARNING  | scanner                   | Sector check: XLK not found in indicator results
2026-06-24 22:43:57 | WARNING  | scanner                   | Sector check: XLF not found in indicator results
2026-06-24 22:43:57 | WARNING  | scanner                   | Sector check: XLE not found in indicator results
2026-06-24 22:43:57 | WARNING  | scanner                   | Sector check: XLV not found in indicator results
2026-06-24 22:43:57 | WARNING  | scanner                   | Sector check: XLI not found in indicator results
2026-06-24 22:43:57 | WARNING  | scanner                   | Sector check: XLY not found in indicator results
2026-06-24 22:43:57 | WARNING  | scanner                   | Sector check: XLP not found in indicator results
2026-06-24 22:43:57 | WARNING  | scanner                   | Sector check: XLU not found in indicator results
2026-06-24 22:43:57 | WARNING  | scanner                   | Sector check: XLB not found in indicator results
2026-06-24 22:43:57 | WARNING  | scanner                   | Sector check: XLRE not found in indicator results
2026-06-24 22:43:57 | WARNING  | scanner                   | Sector check: XLC not found in indicator results
2026-06-24 22:43:57 | INFO     | scanner                   | Sector | XLK: BEARISH
2026-06-24 22:43:57 | INFO     | scanner                   | Sector | XLF: BULLISH
2026-06-24 22:43:57 | INFO     | scanner                   | Sector | XLE: BEARISH
2026-06-24 22:43:57 | INFO     | scanner                   | Sector | XLV: BULLISH
2026-06-24 22:43:57 | INFO     | scanner                   | Sector | XLI: BULLISH
2026-06-24 22:43:57 | INFO     | scanner                   | Sector | XLY: BEARISH
2026-06-24 22:43:57 | INFO     | scanner                   | Sector | XLP: BULLISH
2026-06-24 22:43:57 | INFO     | scanner                   | Sector | XLU: BULLISH
2026-06-24 22:43:57 | INFO     | scanner                   | Sector | XLB: BULLISH
2026-06-24 22:43:57 | INFO     | scanner                   | Sector | XLRE: BULLISH
2026-06-24 22:43:57 | INFO     | scanner                   | Sector | XLC: BEARISH
2026-06-24 22:43:57 | WARNING  | scanner                   | Sector check: XLK not found in indicator results
2026-06-24 22:43:57 | WARNING  | scanner                   | Sector check: XLF not found in indicator results
2026-06-24 22:43:57 | WARNING  | scanner                   | Sector check: XLE not found in indicator results
2026-06-24 22:43:57 | WARNING  | scanner                   | Sector check: XLV not found in indicator results
2026-06-24 22:43:57 | WARNING  | scanner                   | Sector check: XLI not found in indicator results
2026-06-24 22:43:57 | WARNING  | scanner                   | Sector check: XLY not found in indicator results
2026-06-24 22:43:57 | WARNING  | scanner                   | Sector check: XLP not found in indicator results
2026-06-24 22:43:57 | WARNING  | scanner                   | Sector check: XLU not found in indicator results
2026-06-24 22:43:57 | WARNING  | scanner                   | Sector check: XLB not found in indicator results
2026-06-24 22:43:57 | WARNING  | scanner                   | Sector check: XLRE not found in indicator results
2026-06-24 22:43:57 | WARNING  | scanner                   | Sector check: XLC not found in indicator results
2026-06-24 22:43:57 | INFO     | scanner                   | Sector | XLK: BEARISH
2026-06-24 22:43:57 | INFO     | scanner                   | Sector | XLF: BULLISH
2026-06-24 22:43:57 | INFO     | scanner                   | Sector | XLE: BEARISH
2026-06-24 22:43:57 | INFO     | scanner                   | Sector | XLV: BULLISH
2026-06-24 22:43:57 | INFO     | scanner                   | Sector | XLI: BULLISH
2026-06-24 22:43:57 | INFO     | scanner                   | Sector | XLY: BEARISH
2026-06-24 22:43:57 | INFO     | scanner                   | Sector | XLP: BULLISH
2026-06-24 22:43:57 | INFO     | scanner                   | Sector | XLU: BULLISH
2026-06-24 22:43:57 | INFO     | scanner                   | Sector | XLB: BULLISH
2026-06-24 22:43:57 | INFO     | scanner                   | Sector | XLRE: BULLISH
2026-06-24 22:43:57 | INFO     | scanner                   | Sector | XLC: BEARISH
2026-06-24 22:43:57 | WARNING  | scanner                   | Sector check: XLK not found in indicator results
2026-06-24 22:43:57 | WARNING  | scanner                   | Sector check: XLF not found in indicator results
2026-06-24 22:43:57 | WARNING  | scanner                   | Sector check: XLE not found in indicator results
2026-06-24 22:43:57 | WARNING  | scanner                   | Sector check: XLV not found in indicator results
2026-06-24 22:43:57 | WARNING  | scanner                   | Sector check: XLI not found in indicator results
2026-06-24 22:43:57 | WARNING  | scanner                   | Sector check: XLY not found in indicator results
2026-06-24 22:43:57 | WARNING  | scanner                   | Sector check: XLP not found in indicator results
2026-06-24 22:43:57 | WARNING  | scanner                   | Sector check: XLU not found in indicator results
2026-06-24 22:43:57 | WARNING  | scanner                   | Sector check: XLB not found in indicator results
2026-06-24 22:43:57 | WARNING  | scanner                   | Sector check: XLRE not found in indicator results
2026-06-24 22:43:57 | WARNING  | scanner                   | Sector check: XLC not found in indicator results
2026-06-24 22:52:36 | INFO     | scanner                   | Logger initialised → logs\scanner.log
2026-06-24 23:19:48 | INFO     | scanner                   | Sector | XLK: BULLISH
2026-06-24 23:19:48 | INFO     | scanner                   | Sector | XLF: BEARISH
2026-06-24 23:19:48 | INFO     | scanner                   | Sector | XLE: BULLISH
2026-06-24 23:19:48 | INFO     | scanner                   | Sector | XLV: BEARISH
2026-06-24 23:19:48 | INFO     | scanner                   | Sector | XLI: BULLISH
2026-06-24 23:19:48 | INFO     | scanner                   | Sector | XLY: BULLISH
2026-06-24 23:19:48 | INFO     | scanner                   | Sector | XLP: BULLISH
2026-06-24 23:19:48 | INFO     | scanner                   | Sector | XLU: BEARISH
2026-06-24 23:19:48 | INFO     | scanner                   | Sector | XLB: BULLISH
2026-06-24 23:19:48 | INFO     | scanner                   | Sector | XLRE: BULLISH
2026-06-24 23:19:48 | INFO     | scanner                   | Sector | XLC: BEARISH
2026-06-24 23:19:48 | INFO     | scanner                   | Sector | XLK: BULLISH
2026-06-24 23:19:48 | INFO     | scanner                   | Sector | XLF: BEARISH
2026-06-24 23:19:48 | INFO     | scanner                   | Sector | XLE: BULLISH
2026-06-24 23:19:48 | INFO     | scanner                   | Sector | XLV: BEARISH
2026-06-24 23:19:48 | INFO     | scanner                   | Sector | XLI: BULLISH
2026-06-24 23:19:48 | INFO     | scanner                   | Sector | XLY: BULLISH
2026-06-24 23:19:48 | INFO     | scanner                   | Sector | XLP: BULLISH
2026-06-24 23:19:48 | INFO     | scanner                   | Sector | XLU: BEARISH
2026-06-24 23:19:48 | INFO     | scanner                   | Sector | XLB: BULLISH
2026-06-24 23:19:48 | INFO     | scanner                   | Sector | XLRE: BULLISH
2026-06-24 23:19:48 | INFO     | scanner                   | Sector | XLC: BEARISH
2026-06-24 23:19:48 | INFO     | scanner                   | Sector | XLK: BULLISH
2026-06-24 23:19:48 | INFO     | scanner                   | Sector | XLF: BEARISH
2026-06-24 23:19:48 | INFO     | scanner                   | Sector | XLE: BULLISH
2026-06-24 23:19:48 | INFO     | scanner                   | Sector | XLV: BEARISH
2026-06-24 23:19:48 | INFO     | scanner                   | Sector | XLI: BULLISH
2026-06-24 23:19:48 | INFO     | scanner                   | Sector | XLY: BULLISH
2026-06-24 23:19:48 | INFO     | scanner                   | Sector | XLP: BULLISH
2026-06-24 23:19:48 | INFO     | scanner                   | Sector | XLU: BEARISH
2026-06-24 23:19:48 | INFO     | scanner                   | Sector | XLB: BULLISH
2026-06-24 23:19:48 | INFO     | scanner                   | Sector | XLRE: BULLISH
2026-06-24 23:19:48 | INFO     | scanner                   | Sector | XLC: BEARISH
2026-06-24 23:19:48 | INFO     | scanner                   | Sector | XLK: BULLISH
2026-06-24 23:19:48 | INFO     | scanner                   | Sector | XLF: BEARISH
2026-06-24 23:19:48 | INFO     | scanner                   | Sector | XLE: BULLISH
2026-06-24 23:19:48 | INFO     | scanner                   | Sector | XLV: BEARISH
2026-06-24 23:19:48 | INFO     | scanner                   | Sector | XLI: BULLISH
2026-06-24 23:19:48 | INFO     | scanner                   | Sector | XLY: BULLISH
2026-06-24 23:19:48 | INFO     | scanner                   | Sector | XLP: BULLISH
2026-06-24 23:19:48 | INFO     | scanner                   | Sector | XLU: BEARISH
2026-06-24 23:19:48 | INFO     | scanner                   | Sector | XLB: BULLISH
2026-06-24 23:19:48 | INFO     | scanner                   | Sector | XLRE: BULLISH
2026-06-24 23:19:48 | INFO     | scanner                   | Sector | XLC: BEARISH
2026-06-24 23:19:48 | INFO     | scanner                   | Sector | XLK: BULLISH
2026-06-24 23:19:48 | INFO     | scanner                   | Sector | XLF: BEARISH
2026-06-24 23:19:48 | INFO     | scanner                   | Sector | XLE: BULLISH
2026-06-24 23:19:48 | INFO     | scanner                   | Sector | XLV: BEARISH
2026-06-24 23:19:48 | INFO     | scanner                   | Sector | XLI: BULLISH
2026-06-24 23:19:48 | INFO     | scanner                   | Sector | XLY: BULLISH
2026-06-24 23:19:48 | INFO     | scanner                   | Sector | XLP: BULLISH
2026-06-24 23:19:48 | INFO     | scanner                   | Sector | XLU: BEARISH
2026-06-24 23:19:48 | INFO     | scanner                   | Sector | XLB: BULLISH
2026-06-24 23:19:48 | INFO     | scanner                   | Sector | XLRE: BULLISH
2026-06-24 23:19:48 | INFO     | scanner                   | Sector | XLC: BEARISH
2026-06-24 23:19:48 | INFO     | scanner                   | Sector | XLK: BULLISH
2026-06-24 23:19:48 | INFO     | scanner                   | Sector | XLF: BEARISH
2026-06-24 23:19:48 | INFO     | scanner                   | Sector | XLE: BULLISH
2026-06-24 23:19:48 | INFO     | scanner                   | Sector | XLV: BEARISH
2026-06-24 23:19:48 | INFO     | scanner                   | Sector | XLI: BULLISH
2026-06-24 23:19:48 | INFO     | scanner                   | Sector | XLY: BULLISH
2026-06-24 23:19:48 | INFO     | scanner                   | Sector | XLP: BULLISH
2026-06-24 23:19:48 | INFO     | scanner                   | Sector | XLU: BEARISH
2026-06-24 23:19:48 | INFO     | scanner                   | Sector | XLB: BULLISH
2026-06-24 23:19:48 | INFO     | scanner                   | Sector | XLRE: BULLISH
2026-06-24 23:19:48 | INFO     | scanner                   | Sector | XLC: BEARISH
2026-06-24 23:19:48 | INFO     | scanner                   | Sector | XLK: BULLISH
2026-06-24 23:19:48 | INFO     | scanner                   | Sector | XLF: BEARISH
2026-06-24 23:19:48 | INFO     | scanner                   | Sector | XLE: BEARISH
2026-06-24 23:19:48 | INFO     | scanner                   | Sector | XLV: BEARISH
2026-06-24 23:19:48 | INFO     | scanner                   | Sector | XLI: BULLISH
2026-06-24 23:19:48 | INFO     | scanner                   | Sector | XLY: BULLISH
2026-06-24 23:19:48 | INFO     | scanner                   | Sector | XLP: BULLISH
2026-06-24 23:19:48 | INFO     | scanner                   | Sector | XLU: BEARISH
2026-06-24 23:19:48 | INFO     | scanner                   | Sector | XLB: BULLISH
2026-06-24 23:19:48 | INFO     | scanner                   | Sector | XLRE: BULLISH
2026-06-24 23:19:48 | INFO     | scanner                   | Sector | XLC: BEARISH
2026-06-24 23:19:48 | WARNING  | scanner                   | Sector check: XLK not found in indicator results
2026-06-24 23:19:48 | WARNING  | scanner                   | Sector check: XLF not found in indicator results
2026-06-24 23:19:48 | WARNING  | scanner                   | Sector check: XLE not found in indicator results
2026-06-24 23:19:48 | WARNING  | scanner                   | Sector check: XLV not found in indicator results
2026-06-24 23:19:48 | WARNING  | scanner                   | Sector check: XLI not found in indicator results
2026-06-24 23:19:48 | WARNING  | scanner                   | Sector check: XLY not found in indicator results
2026-06-24 23:19:48 | WARNING  | scanner                   | Sector check: XLP not found in indicator results
2026-06-24 23:19:48 | WARNING  | scanner                   | Sector check: XLU not found in indicator results
2026-06-24 23:19:48 | WARNING  | scanner                   | Sector check: XLB not found in indicator results
2026-06-24 23:19:48 | WARNING  | scanner                   | Sector check: XLRE not found in indicator results
2026-06-24 23:19:48 | WARNING  | scanner                   | Sector check: XLC not found in indicator results
2026-06-24 23:19:48 | INFO     | scanner                   | Sector | XLK: BULLISH
2026-06-24 23:19:48 | INFO     | scanner                   | Sector | XLF: BEARISH
2026-06-24 23:19:48 | INFO     | scanner                   | Sector | XLE: BEARISH
2026-06-24 23:19:48 | INFO     | scanner                   | Sector | XLV: BEARISH
2026-06-24 23:19:48 | INFO     | scanner                   | Sector | XLI: BULLISH
2026-06-24 23:19:48 | INFO     | scanner                   | Sector | XLY: BULLISH
2026-06-24 23:19:48 | INFO     | scanner                   | Sector | XLP: BULLISH
2026-06-24 23:19:48 | INFO     | scanner                   | Sector | XLU: BEARISH
2026-06-24 23:19:48 | INFO     | scanner                   | Sector | XLB: BULLISH
2026-06-24 23:19:48 | INFO     | scanner                   | Sector | XLRE: BULLISH
2026-06-24 23:19:48 | INFO     | scanner                   | Sector | XLC: BEARISH
2026-06-24 23:19:48 | WARNING  | scanner                   | Sector check: XLK not found in indicator results
2026-06-24 23:19:48 | WARNING  | scanner                   | Sector check: XLF not found in indicator results
2026-06-24 23:19:48 | WARNING  | scanner                   | Sector check: XLE not found in indicator results
2026-06-24 23:19:48 | WARNING  | scanner                   | Sector check: XLV not found in indicator results
2026-06-24 23:19:48 | WARNING  | scanner                   | Sector check: XLI not found in indicator results
2026-06-24 23:19:48 | WARNING  | scanner                   | Sector check: XLY not found in indicator results
2026-06-24 23:19:48 | WARNING  | scanner                   | Sector check: XLP not found in indicator results
2026-06-24 23:19:48 | WARNING  | scanner                   | Sector check: XLU not found in indicator results
2026-06-24 23:19:48 | WARNING  | scanner                   | Sector check: XLB not found in indicator results
2026-06-24 23:19:48 | WARNING  | scanner                   | Sector check: XLRE not found in indicator results
2026-06-24 23:19:48 | WARNING  | scanner                   | Sector check: XLC not found in indicator results
2026-06-24 23:19:48 | INFO     | scanner                   | Sector | XLK: BULLISH
2026-06-24 23:19:48 | INFO     | scanner                   | Sector | XLF: BEARISH
2026-06-24 23:19:48 | INFO     | scanner                   | Sector | XLE: BEARISH
2026-06-24 23:19:48 | INFO     | scanner                   | Sector | XLV: BEARISH
2026-06-24 23:19:48 | INFO     | scanner                   | Sector | XLI: BULLISH
2026-06-24 23:19:48 | INFO     | scanner                   | Sector | XLY: BULLISH
2026-06-24 23:19:48 | INFO     | scanner                   | Sector | XLP: BULLISH
2026-06-24 23:19:48 | INFO     | scanner                   | Sector | XLU: BEARISH
2026-06-24 23:19:48 | INFO     | scanner                   | Sector | XLB: BULLISH
2026-06-24 23:19:48 | INFO     | scanner                   | Sector | XLRE: BULLISH
2026-06-24 23:19:48 | INFO     | scanner                   | Sector | XLC: BEARISH
2026-06-24 23:19:48 | WARNING  | scanner                   | Sector check: XLK not found in indicator results
2026-06-24 23:19:48 | WARNING  | scanner                   | Sector check: XLF not found in indicator results
2026-06-24 23:19:48 | WARNING  | scanner                   | Sector check: XLE not found in indicator results
2026-06-24 23:19:48 | WARNING  | scanner                   | Sector check: XLV not found in indicator results
2026-06-24 23:19:48 | WARNING  | scanner                   | Sector check: XLI not found in indicator results
2026-06-24 23:19:48 | WARNING  | scanner                   | Sector check: XLY not found in indicator results
2026-06-24 23:19:48 | WARNING  | scanner                   | Sector check: XLP not found in indicator results
2026-06-24 23:19:48 | WARNING  | scanner                   | Sector check: XLU not found in indicator results
2026-06-24 23:19:48 | WARNING  | scanner                   | Sector check: XLB not found in indicator results
2026-06-24 23:19:48 | WARNING  | scanner                   | Sector check: XLRE not found in indicator results
2026-06-24 23:19:48 | WARNING  | scanner                   | Sector check: XLC not found in indicator results
2026-06-24 23:19:48 | INFO     | scanner                   | Sector | XLK: BULLISH
2026-06-24 23:19:48 | INFO     | scanner                   | Sector | XLF: BEARISH
2026-06-24 23:19:48 | INFO     | scanner                   | Sector | XLE: BEARISH
2026-06-24 23:19:48 | INFO     | scanner                   | Sector | XLV: BULLISH
2026-06-24 23:19:48 | INFO     | scanner                   | Sector | XLI: BULLISH
2026-06-24 23:19:48 | INFO     | scanner                   | Sector | XLY: BULLISH
2026-06-24 23:19:48 | INFO     | scanner                   | Sector | XLP: BULLISH
2026-06-24 23:19:48 | INFO     | scanner                   | Sector | XLU: BEARISH
2026-06-24 23:19:48 | INFO     | scanner                   | Sector | XLB: BULLISH
2026-06-24 23:19:48 | INFO     | scanner                   | Sector | XLRE: BULLISH
2026-06-24 23:19:48 | INFO     | scanner                   | Sector | XLC: BEARISH
2026-06-24 23:19:48 | WARNING  | scanner                   | Sector check: XLK not found in indicator results
2026-06-24 23:19:48 | WARNING  | scanner                   | Sector check: XLF not found in indicator results
2026-06-24 23:19:48 | WARNING  | scanner                   | Sector check: XLE not found in indicator results
2026-06-24 23:19:48 | WARNING  | scanner                   | Sector check: XLV not found in indicator results
2026-06-24 23:19:48 | WARNING  | scanner                   | Sector check: XLI not found in indicator results
2026-06-24 23:19:48 | WARNING  | scanner                   | Sector check: XLY not found in indicator results
2026-06-24 23:19:48 | WARNING  | scanner                   | Sector check: XLP not found in indicator results
2026-06-24 23:19:48 | WARNING  | scanner                   | Sector check: XLU not found in indicator results
2026-06-24 23:19:48 | WARNING  | scanner                   | Sector check: XLB not found in indicator results
2026-06-24 23:19:48 | WARNING  | scanner                   | Sector check: XLRE not found in indicator results
2026-06-24 23:19:48 | WARNING  | scanner                   | Sector check: XLC not found in indicator results
2026-06-24 23:19:48 | INFO     | scanner                   | Sector | XLK: BULLISH
2026-06-24 23:19:48 | INFO     | scanner                   | Sector | XLF: BEARISH
2026-06-24 23:19:48 | INFO     | scanner                   | Sector | XLE: BEARISH
2026-06-24 23:19:48 | INFO     | scanner                   | Sector | XLV: BULLISH
2026-06-24 23:19:48 | INFO     | scanner                   | Sector | XLI: BULLISH
2026-06-24 23:19:48 | INFO     | scanner                   | Sector | XLY: BULLISH
2026-06-24 23:19:48 | INFO     | scanner                   | Sector | XLP: BULLISH
2026-06-24 23:19:48 | INFO     | scanner                   | Sector | XLU: BEARISH
2026-06-24 23:19:48 | INFO     | scanner                   | Sector | XLB: BULLISH
2026-06-24 23:19:48 | INFO     | scanner                   | Sector | XLRE: BULLISH
2026-06-24 23:19:48 | INFO     | scanner                   | Sector | XLC: BEARISH
2026-06-24 23:19:48 | WARNING  | scanner                   | Sector check: XLK not found in indicator results
2026-06-24 23:19:48 | WARNING  | scanner                   | Sector check: XLF not found in indicator results
2026-06-24 23:19:48 | WARNING  | scanner                   | Sector check: XLE not found in indicator results
2026-06-24 23:19:48 | WARNING  | scanner                   | Sector check: XLV not found in indicator results
2026-06-24 23:19:48 | WARNING  | scanner                   | Sector check: XLI not found in indicator results
2026-06-24 23:19:48 | WARNING  | scanner                   | Sector check: XLY not found in indicator results
2026-06-24 23:19:48 | WARNING  | scanner                   | Sector check: XLP not found in indicator results
2026-06-24 23:19:48 | WARNING  | scanner                   | Sector check: XLU not found in indicator results
2026-06-24 23:19:48 | WARNING  | scanner                   | Sector check: XLB not found in indicator results
2026-06-24 23:19:48 | WARNING  | scanner                   | Sector check: XLRE not found in indicator results
2026-06-24 23:19:48 | WARNING  | scanner                   | Sector check: XLC not found in indicator results
2026-06-24 23:19:48 | INFO     | scanner                   | Sector | XLK: BULLISH
2026-06-24 23:19:48 | INFO     | scanner                   | Sector | XLF: BEARISH
2026-06-24 23:19:48 | INFO     | scanner                   | Sector | XLE: BEARISH
2026-06-24 23:19:48 | INFO     | scanner                   | Sector | XLV: BULLISH
2026-06-24 23:19:48 | INFO     | scanner                   | Sector | XLI: BULLISH
2026-06-24 23:19:48 | INFO     | scanner                   | Sector | XLY: BULLISH
2026-06-24 23:19:48 | INFO     | scanner                   | Sector | XLP: BULLISH
2026-06-24 23:19:48 | INFO     | scanner                   | Sector | XLU: BEARISH
2026-06-24 23:19:48 | INFO     | scanner                   | Sector | XLB: BULLISH
2026-06-24 23:19:48 | INFO     | scanner                   | Sector | XLRE: BULLISH
2026-06-24 23:19:48 | INFO     | scanner                   | Sector | XLC: BULLISH
2026-06-24 23:19:48 | WARNING  | scanner                   | Sector check: XLK not found in indicator results
2026-06-24 23:19:48 | WARNING  | scanner                   | Sector check: XLF not found in indicator results
2026-06-24 23:19:48 | WARNING  | scanner                   | Sector check: XLE not found in indicator results
2026-06-24 23:19:48 | WARNING  | scanner                   | Sector check: XLV not found in indicator results
2026-06-24 23:19:48 | WARNING  | scanner                   | Sector check: XLI not found in indicator results
2026-06-24 23:19:48 | WARNING  | scanner                   | Sector check: XLY not found in indicator results
2026-06-24 23:19:48 | WARNING  | scanner                   | Sector check: XLP not found in indicator results
2026-06-24 23:19:48 | WARNING  | scanner                   | Sector check: XLU not found in indicator results
2026-06-24 23:19:48 | WARNING  | scanner                   | Sector check: XLB not found in indicator results
2026-06-24 23:19:48 | WARNING  | scanner                   | Sector check: XLRE not found in indicator results
2026-06-24 23:19:48 | WARNING  | scanner                   | Sector check: XLC not found in indicator results
2026-06-24 23:19:48 | INFO     | scanner                   | Sector | XLK: BULLISH
2026-06-24 23:19:48 | INFO     | scanner                   | Sector | XLF: BEARISH
2026-06-24 23:19:48 | INFO     | scanner                   | Sector | XLE: BEARISH
2026-06-24 23:19:48 | INFO     | scanner                   | Sector | XLV: BULLISH
2026-06-24 23:19:48 | INFO     | scanner                   | Sector | XLI: BULLISH
2026-06-24 23:19:48 | INFO     | scanner                   | Sector | XLY: BULLISH
2026-06-24 23:19:48 | INFO     | scanner                   | Sector | XLP: BULLISH
2026-06-24 23:19:48 | INFO     | scanner                   | Sector | XLU: BEARISH
2026-06-24 23:19:48 | INFO     | scanner                   | Sector | XLB: BULLISH
2026-06-24 23:19:48 | INFO     | scanner                   | Sector | XLRE: BULLISH
2026-06-24 23:19:48 | INFO     | scanner                   | Sector | XLC: BULLISH
2026-06-24 23:19:48 | WARNING  | scanner                   | Sector check: XLK not found in indicator results
2026-06-24 23:19:48 | WARNING  | scanner                   | Sector check: XLF not found in indicator results
2026-06-24 23:19:48 | WARNING  | scanner                   | Sector check: XLE not found in indicator results
2026-06-24 23:19:48 | WARNING  | scanner                   | Sector check: XLV not found in indicator results
2026-06-24 23:19:48 | WARNING  | scanner                   | Sector check: XLI not found in indicator results
2026-06-24 23:19:48 | WARNING  | scanner                   | Sector check: XLY not found in indicator results
2026-06-24 23:19:48 | WARNING  | scanner                   | Sector check: XLP not found in indicator results
2026-06-24 23:19:48 | WARNING  | scanner                   | Sector check: XLU not found in indicator results
2026-06-24 23:19:48 | WARNING  | scanner                   | Sector check: XLB not found in indicator results
2026-06-24 23:19:48 | WARNING  | scanner                   | Sector check: XLRE not found in indicator results
2026-06-24 23:19:48 | WARNING  | scanner                   | Sector check: XLC not found in indicator results
2026-06-24 23:19:48 | INFO     | scanner                   | Sector | XLK: BULLISH
2026-06-24 23:19:48 | INFO     | scanner                   | Sector | XLF: BEARISH
2026-06-24 23:19:48 | INFO     | scanner                   | Sector | XLE: BEARISH
2026-06-24 23:19:48 | INFO     | scanner                   | Sector | XLV: BULLISH
2026-06-24 23:19:48 | INFO     | scanner                   | Sector | XLI: BULLISH
2026-06-24 23:19:48 | INFO     | scanner                   | Sector | XLY: BULLISH
2026-06-24 23:19:48 | INFO     | scanner                   | Sector | XLP: BULLISH
2026-06-24 23:19:48 | INFO     | scanner                   | Sector | XLU: BEARISH
2026-06-24 23:19:48 | INFO     | scanner                   | Sector | XLB: BULLISH
2026-06-24 23:19:48 | INFO     | scanner                   | Sector | XLRE: BULLISH
2026-06-24 23:19:48 | INFO     | scanner                   | Sector | XLC: BULLISH
2026-06-24 23:19:48 | WARNING  | scanner                   | Sector check: XLK not found in indicator results
2026-06-24 23:19:48 | WARNING  | scanner                   | Sector check: XLF not found in indicator results
2026-06-24 23:19:48 | WARNING  | scanner                   | Sector check: XLE not found in indicator results
2026-06-24 23:19:48 | WARNING  | scanner                   | Sector check: XLV not found in indicator results
2026-06-24 23:19:48 | WARNING  | scanner                   | Sector check: XLI not found in indicator results
2026-06-24 23:19:48 | WARNING  | scanner                   | Sector check: XLY not found in indicator results
2026-06-24 23:19:48 | WARNING  | scanner                   | Sector check: XLP not found in indicator results
2026-06-24 23:19:48 | WARNING  | scanner                   | Sector check: XLU not found in indicator results
2026-06-24 23:19:48 | WARNING  | scanner                   | Sector check: XLB not found in indicator results
2026-06-24 23:19:48 | WARNING  | scanner                   | Sector check: XLRE not found in indicator results
2026-06-24 23:19:48 | WARNING  | scanner                   | Sector check: XLC not found in indicator results
2026-06-24 23:19:48 | INFO     | scanner                   | Sector | XLK: BULLISH
2026-06-24 23:19:48 | INFO     | scanner                   | Sector | XLF: BEARISH
2026-06-24 23:19:48 | INFO     | scanner                   | Sector | XLE: BEARISH
2026-06-24 23:19:48 | INFO     | scanner                   | Sector | XLV: BULLISH
2026-06-24 23:19:48 | INFO     | scanner                   | Sector | XLI: BULLISH
2026-06-24 23:19:48 | INFO     | scanner                   | Sector | XLY: BULLISH
2026-06-24 23:19:48 | INFO     | scanner                   | Sector | XLP: BULLISH
2026-06-24 23:19:48 | INFO     | scanner                   | Sector | XLU: BEARISH
2026-06-24 23:19:48 | INFO     | scanner                   | Sector | XLB: BULLISH
2026-06-24 23:19:48 | INFO     | scanner                   | Sector | XLRE: BULLISH
2026-06-24 23:19:48 | INFO     | scanner                   | Sector | XLC: BULLISH
2026-06-24 23:19:48 | WARNING  | scanner                   | Sector check: XLK not found in indicator results
2026-06-24 23:19:48 | WARNING  | scanner                   | Sector check: XLF not found in indicator results
2026-06-24 23:19:48 | WARNING  | scanner                   | Sector check: XLE not found in indicator results
2026-06-24 23:19:48 | WARNING  | scanner                   | Sector check: XLV not found in indicator results
2026-06-24 23:19:48 | WARNING  | scanner                   | Sector check: XLI not found in indicator results
2026-06-24 23:19:48 | WARNING  | scanner                   | Sector check: XLY not found in indicator results
2026-06-24 23:19:48 | WARNING  | scanner                   | Sector check: XLP not found in indicator results
2026-06-24 23:19:48 | WARNING  | scanner                   | Sector check: XLU not found in indicator results
2026-06-24 23:19:48 | WARNING  | scanner                   | Sector check: XLB not found in indicator results
2026-06-24 23:19:48 | WARNING  | scanner                   | Sector check: XLRE not found in indicator results
2026-06-24 23:19:48 | WARNING  | scanner                   | Sector check: XLC not found in indicator results
2026-06-24 23:19:48 | INFO     | scanner                   | Sector | XLK: BULLISH
2026-06-24 23:19:48 | INFO     | scanner                   | Sector | XLF: BEARISH
2026-06-24 23:19:48 | INFO     | scanner                   | Sector | XLE: BEARISH
2026-06-24 23:19:48 | INFO     | scanner                   | Sector | XLV: BULLISH
2026-06-24 23:19:48 | INFO     | scanner                   | Sector | XLI: BULLISH
2026-06-24 23:19:48 | INFO     | scanner                   | Sector | XLY: BULLISH
2026-06-24 23:19:48 | INFO     | scanner                   | Sector | XLP: BULLISH
2026-06-24 23:19:48 | INFO     | scanner                   | Sector | XLU: BEARISH
2026-06-24 23:19:48 | INFO     | scanner                   | Sector | XLB: BULLISH
2026-06-24 23:19:48 | INFO     | scanner                   | Sector | XLRE: BULLISH
2026-06-24 23:19:48 | INFO     | scanner                   | Sector | XLC: BULLISH
2026-06-24 23:19:48 | WARNING  | scanner                   | Sector check: XLK not found in indicator results
2026-06-24 23:19:48 | WARNING  | scanner                   | Sector check: XLF not found in indicator results
2026-06-24 23:19:48 | WARNING  | scanner                   | Sector check: XLE not found in indicator results
2026-06-24 23:19:48 | WARNING  | scanner                   | Sector check: XLV not found in indicator results
2026-06-24 23:19:48 | WARNING  | scanner                   | Sector check: XLI not found in indicator results
2026-06-24 23:19:48 | WARNING  | scanner                   | Sector check: XLY not found in indicator results
2026-06-24 23:19:48 | WARNING  | scanner                   | Sector check: XLP not found in indicator results
2026-06-24 23:19:48 | WARNING  | scanner                   | Sector check: XLU not found in indicator results
2026-06-24 23:19:48 | WARNING  | scanner                   | Sector check: XLB not found in indicator results
2026-06-24 23:19:48 | WARNING  | scanner                   | Sector check: XLRE not found in indicator results
2026-06-24 23:19:48 | WARNING  | scanner                   | Sector check: XLC not found in indicator results
2026-06-24 23:19:48 | INFO     | scanner                   | Sector | XLK: BULLISH
2026-06-24 23:19:48 | INFO     | scanner                   | Sector | XLF: BEARISH
2026-06-24 23:19:48 | INFO     | scanner                   | Sector | XLE: BEARISH
2026-06-24 23:19:48 | INFO     | scanner                   | Sector | XLV: BULLISH
2026-06-24 23:19:48 | INFO     | scanner                   | Sector | XLI: BULLISH
2026-06-24 23:19:48 | INFO     | scanner                   | Sector | XLY: BULLISH
2026-06-24 23:19:48 | INFO     | scanner                   | Sector | XLP: BULLISH
2026-06-24 23:19:48 | INFO     | scanner                   | Sector | XLU: BEARISH
2026-06-24 23:19:48 | INFO     | scanner                   | Sector | XLB: BULLISH
2026-06-24 23:19:48 | INFO     | scanner                   | Sector | XLRE: BULLISH
2026-06-24 23:19:48 | INFO     | scanner                   | Sector | XLC: BULLISH
2026-06-24 23:19:48 | WARNING  | scanner                   | Sector check: XLK not found in indicator results
2026-06-24 23:19:48 | WARNING  | scanner                   | Sector check: XLF not found in indicator results
2026-06-24 23:19:48 | WARNING  | scanner                   | Sector check: XLE not found in indicator results
2026-06-24 23:19:48 | WARNING  | scanner                   | Sector check: XLV not found in indicator results
2026-06-24 23:19:48 | WARNING  | scanner                   | Sector check: XLI not found in indicator results
2026-06-24 23:19:48 | WARNING  | scanner                   | Sector check: XLY not found in indicator results
2026-06-24 23:19:48 | WARNING  | scanner                   | Sector check: XLP not found in indicator results
2026-06-24 23:19:48 | WARNING  | scanner                   | Sector check: XLU not found in indicator results
2026-06-24 23:19:48 | WARNING  | scanner                   | Sector check: XLB not found in indicator results
2026-06-24 23:19:48 | WARNING  | scanner                   | Sector check: XLRE not found in indicator results
2026-06-24 23:19:48 | WARNING  | scanner                   | Sector check: XLC not found in indicator results
2026-06-24 23:19:48 | INFO     | scanner                   | Sector | XLK: BULLISH
2026-06-24 23:19:48 | INFO     | scanner                   | Sector | XLF: BEARISH
2026-06-24 23:19:48 | INFO     | scanner                   | Sector | XLE: BEARISH
2026-06-24 23:19:48 | INFO     | scanner                   | Sector | XLV: BULLISH
2026-06-24 23:19:48 | INFO     | scanner                   | Sector | XLI: BULLISH
2026-06-24 23:19:48 | INFO     | scanner                   | Sector | XLY: BULLISH
2026-06-24 23:19:48 | INFO     | scanner                   | Sector | XLP: BULLISH
2026-06-24 23:19:48 | INFO     | scanner                   | Sector | XLU: BEARISH
2026-06-24 23:19:48 | INFO     | scanner                   | Sector | XLB: BULLISH
2026-06-24 23:19:48 | INFO     | scanner                   | Sector | XLRE: BULLISH
2026-06-24 23:19:48 | INFO     | scanner                   | Sector | XLC: BULLISH
2026-06-24 23:19:48 | WARNING  | scanner                   | Sector check: XLK not found in indicator results
2026-06-24 23:19:48 | WARNING  | scanner                   | Sector check: XLF not found in indicator results
2026-06-24 23:19:48 | WARNING  | scanner                   | Sector check: XLE not found in indicator results
2026-06-24 23:19:48 | WARNING  | scanner                   | Sector check: XLV not found in indicator results
2026-06-24 23:19:48 | WARNING  | scanner                   | Sector check: XLI not found in indicator results
2026-06-24 23:19:48 | WARNING  | scanner                   | Sector check: XLY not found in indicator results
2026-06-24 23:19:48 | WARNING  | scanner                   | Sector check: XLP not found in indicator results
2026-06-24 23:19:48 | WARNING  | scanner                   | Sector check: XLU not found in indicator results
2026-06-24 23:19:48 | WARNING  | scanner                   | Sector check: XLB not found in indicator results
2026-06-24 23:19:48 | WARNING  | scanner                   | Sector check: XLRE not found in indicator results
2026-06-24 23:19:48 | WARNING  | scanner                   | Sector check: XLC not found in indicator results
2026-06-24 23:19:48 | INFO     | scanner                   | Sector | XLK: BULLISH
2026-06-24 23:19:48 | INFO     | scanner                   | Sector | XLF: BEARISH
2026-06-24 23:19:48 | INFO     | scanner                   | Sector | XLE: BEARISH
2026-06-24 23:19:48 | INFO     | scanner                   | Sector | XLV: BULLISH
2026-06-24 23:19:48 | INFO     | scanner                   | Sector | XLI: BULLISH
2026-06-24 23:19:48 | INFO     | scanner                   | Sector | XLY: BULLISH
2026-06-24 23:19:48 | INFO     | scanner                   | Sector | XLP: BULLISH
2026-06-24 23:19:48 | INFO     | scanner                   | Sector | XLU: BEARISH
2026-06-24 23:19:48 | INFO     | scanner                   | Sector | XLB: BULLISH
2026-06-24 23:19:48 | INFO     | scanner                   | Sector | XLRE: BULLISH
2026-06-24 23:19:48 | INFO     | scanner                   | Sector | XLC: BULLISH
2026-06-24 23:19:48 | WARNING  | scanner                   | Sector check: XLK not found in indicator results
2026-06-24 23:19:48 | WARNING  | scanner                   | Sector check: XLF not found in indicator results
2026-06-24 23:19:48 | WARNING  | scanner                   | Sector check: XLE not found in indicator results
2026-06-24 23:19:48 | WARNING  | scanner                   | Sector check: XLV not found in indicator results
2026-06-24 23:19:48 | WARNING  | scanner                   | Sector check: XLI not found in indicator results
2026-06-24 23:19:48 | WARNING  | scanner                   | Sector check: XLY not found in indicator results
2026-06-24 23:19:48 | WARNING  | scanner                   | Sector check: XLP not found in indicator results
2026-06-24 23:19:48 | WARNING  | scanner                   | Sector check: XLU not found in indicator results
2026-06-24 23:19:48 | WARNING  | scanner                   | Sector check: XLB not found in indicator results
2026-06-24 23:19:48 | WARNING  | scanner                   | Sector check: XLRE not found in indicator results
2026-06-24 23:19:48 | WARNING  | scanner                   | Sector check: XLC not found in indicator results
2026-06-24 23:19:48 | INFO     | scanner                   | Sector | XLK: BULLISH
2026-06-24 23:19:48 | INFO     | scanner                   | Sector | XLF: BEARISH
2026-06-24 23:19:48 | INFO     | scanner                   | Sector | XLE: BEARISH
2026-06-24 23:19:48 | INFO     | scanner                   | Sector | XLV: BULLISH
2026-06-24 23:19:48 | INFO     | scanner                   | Sector | XLI: BULLISH
2026-06-24 23:19:48 | INFO     | scanner                   | Sector | XLY: BULLISH
2026-06-24 23:19:48 | INFO     | scanner                   | Sector | XLP: BULLISH
2026-06-24 23:19:48 | INFO     | scanner                   | Sector | XLU: BEARISH
2026-06-24 23:19:48 | INFO     | scanner                   | Sector | XLB: BULLISH
2026-06-24 23:19:48 | INFO     | scanner                   | Sector | XLRE: BULLISH
2026-06-24 23:19:48 | INFO     | scanner                   | Sector | XLC: BULLISH
2026-06-24 23:19:48 | WARNING  | scanner                   | Sector check: XLK not found in indicator results
2026-06-24 23:19:48 | WARNING  | scanner                   | Sector check: XLF not found in indicator results
2026-06-24 23:19:48 | WARNING  | scanner                   | Sector check: XLE not found in indicator results
2026-06-24 23:19:48 | WARNING  | scanner                   | Sector check: XLV not found in indicator results
2026-06-24 23:19:48 | WARNING  | scanner                   | Sector check: XLI not found in indicator results
2026-06-24 23:19:48 | WARNING  | scanner                   | Sector check: XLY not found in indicator results
2026-06-24 23:19:48 | WARNING  | scanner                   | Sector check: XLP not found in indicator results
2026-06-24 23:19:48 | WARNING  | scanner                   | Sector check: XLU not found in indicator results
2026-06-24 23:19:48 | WARNING  | scanner                   | Sector check: XLB not found in indicator results
2026-06-24 23:19:48 | WARNING  | scanner                   | Sector check: XLRE not found in indicator results
2026-06-24 23:19:48 | WARNING  | scanner                   | Sector check: XLC not found in indicator results
2026-06-24 23:19:48 | INFO     | scanner                   | Sector | XLK: BULLISH
2026-06-24 23:19:48 | INFO     | scanner                   | Sector | XLF: BEARISH
2026-06-24 23:19:48 | INFO     | scanner                   | Sector | XLE: BEARISH
2026-06-24 23:19:48 | INFO     | scanner                   | Sector | XLV: BULLISH
2026-06-24 23:19:48 | INFO     | scanner                   | Sector | XLI: BULLISH
2026-06-24 23:19:48 | INFO     | scanner                   | Sector | XLY: BULLISH
2026-06-24 23:19:48 | INFO     | scanner                   | Sector | XLP: BULLISH
2026-06-24 23:19:48 | INFO     | scanner                   | Sector | XLU: BEARISH
2026-06-24 23:19:48 | INFO     | scanner                   | Sector | XLB: BULLISH
2026-06-24 23:19:48 | INFO     | scanner                   | Sector | XLRE: BULLISH
2026-06-24 23:19:48 | INFO     | scanner                   | Sector | XLC: BULLISH
2026-06-24 23:19:48 | WARNING  | scanner                   | Sector check: XLK not found in indicator results
2026-06-24 23:19:48 | WARNING  | scanner                   | Sector check: XLF not found in indicator results
2026-06-24 23:19:48 | WARNING  | scanner                   | Sector check: XLE not found in indicator results
2026-06-24 23:19:48 | WARNING  | scanner                   | Sector check: XLV not found in indicator results
2026-06-24 23:19:48 | WARNING  | scanner                   | Sector check: XLI not found in indicator results
2026-06-24 23:19:48 | WARNING  | scanner                   | Sector check: XLY not found in indicator results
2026-06-24 23:19:48 | WARNING  | scanner                   | Sector check: XLP not found in indicator results
2026-06-24 23:19:48 | WARNING  | scanner                   | Sector check: XLU not found in indicator results
2026-06-24 23:19:48 | WARNING  | scanner                   | Sector check: XLB not found in indicator results
2026-06-24 23:19:48 | WARNING  | scanner                   | Sector check: XLRE not found in indicator results
2026-06-24 23:19:48 | WARNING  | scanner                   | Sector check: XLC not found in indicator results
2026-06-24 23:19:48 | INFO     | scanner                   | Sector | XLK: BULLISH
2026-06-24 23:19:48 | INFO     | scanner                   | Sector | XLF: BEARISH
2026-06-24 23:19:48 | INFO     | scanner                   | Sector | XLE: BEARISH
2026-06-24 23:19:48 | INFO     | scanner                   | Sector | XLV: BULLISH
2026-06-24 23:19:48 | INFO     | scanner                   | Sector | XLI: BULLISH
2026-06-24 23:19:48 | INFO     | scanner                   | Sector | XLY: BULLISH
2026-06-24 23:19:48 | INFO     | scanner                   | Sector | XLP: BULLISH
2026-06-24 23:19:48 | INFO     | scanner                   | Sector | XLU: BEARISH
2026-06-24 23:19:48 | INFO     | scanner                   | Sector | XLB: BULLISH
2026-06-24 23:19:48 | INFO     | scanner                   | Sector | XLRE: BULLISH
2026-06-24 23:19:48 | INFO     | scanner                   | Sector | XLC: BULLISH
2026-06-24 23:19:48 | WARNING  | scanner                   | Sector check: XLK not found in indicator results
2026-06-24 23:19:48 | WARNING  | scanner                   | Sector check: XLF not found in indicator results
2026-06-24 23:19:48 | WARNING  | scanner                   | Sector check: XLE not found in indicator results
2026-06-24 23:19:48 | WARNING  | scanner                   | Sector check: XLV not found in indicator results
2026-06-24 23:19:48 | WARNING  | scanner                   | Sector check: XLI not found in indicator results
2026-06-24 23:19:48 | WARNING  | scanner                   | Sector check: XLY not found in indicator results
2026-06-24 23:19:48 | WARNING  | scanner                   | Sector check: XLP not found in indicator results
2026-06-24 23:19:48 | WARNING  | scanner                   | Sector check: XLU not found in indicator results
2026-06-24 23:19:48 | WARNING  | scanner                   | Sector check: XLB not found in indicator results
2026-06-24 23:19:48 | WARNING  | scanner                   | Sector check: XLRE not found in indicator results
2026-06-24 23:19:48 | WARNING  | scanner                   | Sector check: XLC not found in indicator results
2026-06-24 23:19:48 | INFO     | scanner                   | Sector | XLK: BULLISH
2026-06-24 23:19:48 | INFO     | scanner                   | Sector | XLF: BEARISH
2026-06-24 23:19:48 | INFO     | scanner                   | Sector | XLE: BEARISH
2026-06-24 23:19:48 | INFO     | scanner                   | Sector | XLV: BULLISH
2026-06-24 23:19:48 | INFO     | scanner                   | Sector | XLI: BULLISH
2026-06-24 23:19:48 | INFO     | scanner                   | Sector | XLY: BULLISH
2026-06-24 23:19:48 | INFO     | scanner                   | Sector | XLP: BULLISH
2026-06-24 23:19:48 | INFO     | scanner                   | Sector | XLU: BEARISH
2026-06-24 23:19:48 | INFO     | scanner                   | Sector | XLB: BULLISH
2026-06-24 23:19:48 | INFO     | scanner                   | Sector | XLRE: BULLISH
2026-06-24 23:19:48 | INFO     | scanner                   | Sector | XLC: BULLISH
2026-06-24 23:19:48 | WARNING  | scanner                   | Sector check: XLK not found in indicator results
2026-06-24 23:19:48 | WARNING  | scanner                   | Sector check: XLF not found in indicator results
2026-06-24 23:19:48 | WARNING  | scanner                   | Sector check: XLE not found in indicator results
2026-06-24 23:19:48 | WARNING  | scanner                   | Sector check: XLV not found in indicator results
2026-06-24 23:19:48 | WARNING  | scanner                   | Sector check: XLI not found in indicator results
2026-06-24 23:19:48 | WARNING  | scanner                   | Sector check: XLY not found in indicator results
2026-06-24 23:19:48 | WARNING  | scanner                   | Sector check: XLP not found in indicator results
2026-06-24 23:19:48 | WARNING  | scanner                   | Sector check: XLU not found in indicator results
2026-06-24 23:19:48 | WARNING  | scanner                   | Sector check: XLB not found in indicator results
2026-06-24 23:19:48 | WARNING  | scanner                   | Sector check: XLRE not found in indicator results
2026-06-24 23:19:48 | WARNING  | scanner                   | Sector check: XLC not found in indicator results
2026-06-24 23:19:48 | INFO     | scanner                   | Sector | XLK: BULLISH
2026-06-24 23:19:48 | INFO     | scanner                   | Sector | XLF: BEARISH
2026-06-24 23:19:48 | INFO     | scanner                   | Sector | XLE: BEARISH
2026-06-24 23:19:48 | INFO     | scanner                   | Sector | XLV: BULLISH
2026-06-24 23:19:48 | INFO     | scanner                   | Sector | XLI: BULLISH
2026-06-24 23:19:48 | INFO     | scanner                   | Sector | XLY: BULLISH
2026-06-24 23:19:48 | INFO     | scanner                   | Sector | XLP: BULLISH
2026-06-24 23:19:48 | INFO     | scanner                   | Sector | XLU: BEARISH
2026-06-24 23:19:48 | INFO     | scanner                   | Sector | XLB: BULLISH
2026-06-24 23:19:48 | INFO     | scanner                   | Sector | XLRE: BULLISH
2026-06-24 23:19:48 | INFO     | scanner                   | Sector | XLC: BULLISH
2026-06-24 23:19:48 | WARNING  | scanner                   | Sector check: XLK not found in indicator results
2026-06-24 23:19:48 | WARNING  | scanner                   | Sector check: XLF not found in indicator results
2026-06-24 23:19:48 | WARNING  | scanner                   | Sector check: XLE not found in indicator results
2026-06-24 23:19:48 | WARNING  | scanner                   | Sector check: XLV not found in indicator results
2026-06-24 23:19:48 | WARNING  | scanner                   | Sector check: XLI not found in indicator results
2026-06-24 23:19:48 | WARNING  | scanner                   | Sector check: XLY not found in indicator results
2026-06-24 23:19:48 | WARNING  | scanner                   | Sector check: XLP not found in indicator results
2026-06-24 23:19:48 | WARNING  | scanner                   | Sector check: XLU not found in indicator results
2026-06-24 23:19:48 | WARNING  | scanner                   | Sector check: XLB not found in indicator results
2026-06-24 23:19:48 | WARNING  | scanner                   | Sector check: XLRE not found in indicator results
2026-06-24 23:19:48 | WARNING  | scanner                   | Sector check: XLC not found in indicator results
2026-06-24 23:19:48 | INFO     | scanner                   | Sector | XLK: BULLISH
2026-06-24 23:19:48 | INFO     | scanner                   | Sector | XLF: BEARISH
2026-06-24 23:19:48 | INFO     | scanner                   | Sector | XLE: BEARISH
2026-06-24 23:19:48 | INFO     | scanner                   | Sector | XLV: BULLISH
2026-06-24 23:19:48 | INFO     | scanner                   | Sector | XLI: BULLISH
2026-06-24 23:19:48 | INFO     | scanner                   | Sector | XLY: BULLISH
2026-06-24 23:19:48 | INFO     | scanner                   | Sector | XLP: BULLISH
2026-06-24 23:19:48 | INFO     | scanner                   | Sector | XLU: BEARISH
2026-06-24 23:19:48 | INFO     | scanner                   | Sector | XLB: BULLISH
2026-06-24 23:19:48 | INFO     | scanner                   | Sector | XLRE: BULLISH
2026-06-24 23:19:48 | INFO     | scanner                   | Sector | XLC: BULLISH
2026-06-24 23:19:48 | WARNING  | scanner                   | Sector check: XLK not found in indicator results
2026-06-24 23:19:48 | WARNING  | scanner                   | Sector check: XLF not found in indicator results
2026-06-24 23:19:48 | WARNING  | scanner                   | Sector check: XLE not found in indicator results
2026-06-24 23:19:48 | WARNING  | scanner                   | Sector check: XLV not found in indicator results
2026-06-24 23:19:48 | WARNING  | scanner                   | Sector check: XLI not found in indicator results
2026-06-24 23:19:48 | WARNING  | scanner                   | Sector check: XLY not found in indicator results
2026-06-24 23:19:48 | WARNING  | scanner                   | Sector check: XLP not found in indicator results
2026-06-24 23:19:48 | WARNING  | scanner                   | Sector check: XLU not found in indicator results
2026-06-24 23:19:48 | WARNING  | scanner                   | Sector check: XLB not found in indicator results
2026-06-24 23:19:48 | WARNING  | scanner                   | Sector check: XLRE not found in indicator results
2026-06-24 23:19:48 | WARNING  | scanner                   | Sector check: XLC not found in indicator results
2026-06-24 23:19:48 | INFO     | scanner                   | Sector | XLK: BULLISH
2026-06-24 23:19:48 | INFO     | scanner                   | Sector | XLF: BEARISH
2026-06-24 23:19:48 | INFO     | scanner                   | Sector | XLE: BEARISH
2026-06-24 23:19:48 | INFO     | scanner                   | Sector | XLV: BULLISH
2026-06-24 23:19:48 | INFO     | scanner                   | Sector | XLI: BULLISH
2026-06-24 23:19:48 | INFO     | scanner                   | Sector | XLY: BULLISH
2026-06-24 23:19:48 | INFO     | scanner                   | Sector | XLP: BULLISH
2026-06-24 23:19:48 | INFO     | scanner                   | Sector | XLU: BEARISH
2026-06-24 23:19:48 | INFO     | scanner                   | Sector | XLB: BULLISH
2026-06-24 23:19:48 | INFO     | scanner                   | Sector | XLRE: BULLISH
2026-06-24 23:19:48 | INFO     | scanner                   | Sector | XLC: BULLISH
2026-06-24 23:19:48 | WARNING  | scanner                   | Sector check: XLK not found in indicator results
2026-06-24 23:19:48 | WARNING  | scanner                   | Sector check: XLF not found in indicator results
2026-06-24 23:19:48 | WARNING  | scanner                   | Sector check: XLE not found in indicator results
2026-06-24 23:19:48 | WARNING  | scanner                   | Sector check: XLV not found in indicator results
2026-06-24 23:19:48 | WARNING  | scanner                   | Sector check: XLI not found in indicator results
2026-06-24 23:19:48 | WARNING  | scanner                   | Sector check: XLY not found in indicator results
2026-06-24 23:19:48 | WARNING  | scanner                   | Sector check: XLP not found in indicator results
2026-06-24 23:19:48 | WARNING  | scanner                   | Sector check: XLU not found in indicator results
2026-06-24 23:19:48 | WARNING  | scanner                   | Sector check: XLB not found in indicator results
2026-06-24 23:19:48 | WARNING  | scanner                   | Sector check: XLRE not found in indicator results
2026-06-24 23:19:48 | WARNING  | scanner                   | Sector check: XLC not found in indicator results
2026-06-24 23:19:48 | INFO     | scanner                   | Sector | XLK: BULLISH
2026-06-24 23:19:48 | INFO     | scanner                   | Sector | XLF: BEARISH
2026-06-24 23:19:48 | INFO     | scanner                   | Sector | XLE: BEARISH
2026-06-24 23:19:48 | INFO     | scanner                   | Sector | XLV: BULLISH
2026-06-24 23:19:48 | INFO     | scanner                   | Sector | XLI: BULLISH
2026-06-24 23:19:48 | INFO     | scanner                   | Sector | XLY: BULLISH
2026-06-24 23:19:48 | INFO     | scanner                   | Sector | XLP: BULLISH
2026-06-24 23:19:48 | INFO     | scanner                   | Sector | XLU: BEARISH
2026-06-24 23:19:48 | INFO     | scanner                   | Sector | XLB: BULLISH
2026-06-24 23:19:48 | INFO     | scanner                   | Sector | XLRE: BULLISH
2026-06-24 23:19:48 | INFO     | scanner                   | Sector | XLC: BULLISH
2026-06-24 23:19:48 | WARNING  | scanner                   | Sector check: XLK not found in indicator results
2026-06-24 23:19:48 | WARNING  | scanner                   | Sector check: XLF not found in indicator results
2026-06-24 23:19:48 | WARNING  | scanner                   | Sector check: XLE not found in indicator results
2026-06-24 23:19:48 | WARNING  | scanner                   | Sector check: XLV not found in indicator results
2026-06-24 23:19:48 | WARNING  | scanner                   | Sector check: XLI not found in indicator results
2026-06-24 23:19:48 | WARNING  | scanner                   | Sector check: XLY not found in indicator results
2026-06-24 23:19:48 | WARNING  | scanner                   | Sector check: XLP not found in indicator results
2026-06-24 23:19:48 | WARNING  | scanner                   | Sector check: XLU not found in indicator results
2026-06-24 23:19:48 | WARNING  | scanner                   | Sector check: XLB not found in indicator results
2026-06-24 23:19:48 | WARNING  | scanner                   | Sector check: XLRE not found in indicator results
2026-06-24 23:19:48 | WARNING  | scanner                   | Sector check: XLC not found in indicator results
2026-06-24 23:19:48 | INFO     | scanner                   | Sector | XLK: BULLISH
2026-06-24 23:19:48 | INFO     | scanner                   | Sector | XLF: BEARISH
2026-06-24 23:19:48 | INFO     | scanner                   | Sector | XLE: BEARISH
2026-06-24 23:19:48 | INFO     | scanner                   | Sector | XLV: BULLISH
2026-06-24 23:19:48 | INFO     | scanner                   | Sector | XLI: BULLISH
2026-06-24 23:19:48 | INFO     | scanner                   | Sector | XLY: BULLISH
2026-06-24 23:19:48 | INFO     | scanner                   | Sector | XLP: BULLISH
2026-06-24 23:19:48 | INFO     | scanner                   | Sector | XLU: BEARISH
2026-06-24 23:19:48 | INFO     | scanner                   | Sector | XLB: BULLISH
2026-06-24 23:19:48 | INFO     | scanner                   | Sector | XLRE: BULLISH
2026-06-24 23:19:48 | INFO     | scanner                   | Sector | XLC: BULLISH
2026-06-24 23:19:48 | WARNING  | scanner                   | Sector check: XLK not found in indicator results
2026-06-24 23:19:48 | WARNING  | scanner                   | Sector check: XLF not found in indicator results
2026-06-24 23:19:48 | WARNING  | scanner                   | Sector check: XLE not found in indicator results
2026-06-24 23:19:48 | WARNING  | scanner                   | Sector check: XLV not found in indicator results
2026-06-24 23:19:48 | WARNING  | scanner                   | Sector check: XLI not found in indicator results
2026-06-24 23:19:48 | WARNING  | scanner                   | Sector check: XLY not found in indicator results
2026-06-24 23:19:48 | WARNING  | scanner                   | Sector check: XLP not found in indicator results
2026-06-24 23:19:48 | WARNING  | scanner                   | Sector check: XLU not found in indicator results
2026-06-24 23:19:48 | WARNING  | scanner                   | Sector check: XLB not found in indicator results
2026-06-24 23:19:48 | WARNING  | scanner                   | Sector check: XLRE not found in indicator results
2026-06-24 23:19:48 | WARNING  | scanner                   | Sector check: XLC not found in indicator results
2026-06-24 23:19:48 | INFO     | scanner                   | Sector | XLK: BULLISH
2026-06-24 23:19:48 | INFO     | scanner                   | Sector | XLF: BEARISH
2026-06-24 23:19:48 | INFO     | scanner                   | Sector | XLE: BEARISH
2026-06-24 23:19:48 | INFO     | scanner                   | Sector | XLV: BULLISH
2026-06-24 23:19:49 | INFO     | scanner                   | Sector | XLI: BULLISH
2026-06-24 23:19:49 | INFO     | scanner                   | Sector | XLY: BULLISH
2026-06-24 23:19:49 | INFO     | scanner                   | Sector | XLP: BULLISH
2026-06-24 23:19:49 | INFO     | scanner                   | Sector | XLU: BEARISH
2026-06-24 23:19:49 | INFO     | scanner                   | Sector | XLB: BEARISH
2026-06-24 23:19:49 | INFO     | scanner                   | Sector | XLRE: BULLISH
2026-06-24 23:19:49 | INFO     | scanner                   | Sector | XLC: BULLISH
2026-06-24 23:19:49 | WARNING  | scanner                   | Sector check: XLK not found in indicator results
2026-06-24 23:19:49 | WARNING  | scanner                   | Sector check: XLF not found in indicator results
2026-06-24 23:19:49 | WARNING  | scanner                   | Sector check: XLE not found in indicator results
2026-06-24 23:19:49 | WARNING  | scanner                   | Sector check: XLV not found in indicator results
2026-06-24 23:19:49 | WARNING  | scanner                   | Sector check: XLI not found in indicator results
2026-06-24 23:19:49 | WARNING  | scanner                   | Sector check: XLY not found in indicator results
2026-06-24 23:19:49 | WARNING  | scanner                   | Sector check: XLP not found in indicator results
2026-06-24 23:19:49 | WARNING  | scanner                   | Sector check: XLU not found in indicator results
2026-06-24 23:19:49 | WARNING  | scanner                   | Sector check: XLB not found in indicator results
2026-06-24 23:19:49 | WARNING  | scanner                   | Sector check: XLRE not found in indicator results
2026-06-24 23:19:49 | WARNING  | scanner                   | Sector check: XLC not found in indicator results
2026-06-24 23:19:49 | INFO     | scanner                   | Sector | XLK: BULLISH
2026-06-24 23:19:49 | INFO     | scanner                   | Sector | XLF: BEARISH
2026-06-24 23:19:49 | INFO     | scanner                   | Sector | XLE: BEARISH
2026-06-24 23:19:49 | INFO     | scanner                   | Sector | XLV: BULLISH
2026-06-24 23:19:49 | INFO     | scanner                   | Sector | XLI: BULLISH
2026-06-24 23:19:49 | INFO     | scanner                   | Sector | XLY: BULLISH
2026-06-24 23:19:49 | INFO     | scanner                   | Sector | XLP: BULLISH
2026-06-24 23:19:49 | INFO     | scanner                   | Sector | XLU: BEARISH
2026-06-24 23:19:49 | INFO     | scanner                   | Sector | XLB: BEARISH
2026-06-24 23:19:49 | INFO     | scanner                   | Sector | XLRE: BULLISH
2026-06-24 23:19:49 | INFO     | scanner                   | Sector | XLC: BULLISH
2026-06-24 23:19:49 | WARNING  | scanner                   | Sector check: XLK not found in indicator results
2026-06-24 23:19:49 | WARNING  | scanner                   | Sector check: XLF not found in indicator results
2026-06-24 23:19:49 | WARNING  | scanner                   | Sector check: XLE not found in indicator results
2026-06-24 23:19:49 | WARNING  | scanner                   | Sector check: XLV not found in indicator results
2026-06-24 23:19:49 | WARNING  | scanner                   | Sector check: XLI not found in indicator results
2026-06-24 23:19:49 | WARNING  | scanner                   | Sector check: XLY not found in indicator results
2026-06-24 23:19:49 | WARNING  | scanner                   | Sector check: XLP not found in indicator results
2026-06-24 23:19:49 | WARNING  | scanner                   | Sector check: XLU not found in indicator results
2026-06-24 23:19:49 | WARNING  | scanner                   | Sector check: XLB not found in indicator results
2026-06-24 23:19:49 | WARNING  | scanner                   | Sector check: XLRE not found in indicator results
2026-06-24 23:19:49 | WARNING  | scanner                   | Sector check: XLC not found in indicator results
2026-06-24 23:19:49 | INFO     | scanner                   | Sector | XLK: BULLISH
2026-06-24 23:19:49 | INFO     | scanner                   | Sector | XLF: BEARISH
2026-06-24 23:19:49 | INFO     | scanner                   | Sector | XLE: BEARISH
2026-06-24 23:19:49 | INFO     | scanner                   | Sector | XLV: BULLISH
2026-06-24 23:19:49 | INFO     | scanner                   | Sector | XLI: BULLISH
2026-06-24 23:19:49 | INFO     | scanner                   | Sector | XLY: BULLISH
2026-06-24 23:19:49 | INFO     | scanner                   | Sector | XLP: BULLISH
2026-06-24 23:19:49 | INFO     | scanner                   | Sector | XLU: BEARISH
2026-06-24 23:19:49 | INFO     | scanner                   | Sector | XLB: BEARISH
2026-06-24 23:19:49 | INFO     | scanner                   | Sector | XLRE: BEARISH
2026-06-24 23:19:49 | INFO     | scanner                   | Sector | XLC: BULLISH
2026-06-24 23:19:49 | WARNING  | scanner                   | Sector check: XLK not found in indicator results
2026-06-24 23:19:49 | WARNING  | scanner                   | Sector check: XLF not found in indicator results
2026-06-24 23:19:49 | WARNING  | scanner                   | Sector check: XLE not found in indicator results
2026-06-24 23:19:49 | WARNING  | scanner                   | Sector check: XLV not found in indicator results
2026-06-24 23:19:49 | WARNING  | scanner                   | Sector check: XLI not found in indicator results
2026-06-24 23:19:49 | WARNING  | scanner                   | Sector check: XLY not found in indicator results
2026-06-24 23:19:49 | WARNING  | scanner                   | Sector check: XLP not found in indicator results
2026-06-24 23:19:49 | WARNING  | scanner                   | Sector check: XLU not found in indicator results
2026-06-24 23:19:49 | WARNING  | scanner                   | Sector check: XLB not found in indicator results
2026-06-24 23:19:49 | WARNING  | scanner                   | Sector check: XLRE not found in indicator results
2026-06-24 23:19:49 | WARNING  | scanner                   | Sector check: XLC not found in indicator results
2026-06-24 23:19:49 | INFO     | scanner                   | Sector | XLK: BULLISH
2026-06-24 23:19:49 | INFO     | scanner                   | Sector | XLF: BEARISH
2026-06-24 23:19:49 | INFO     | scanner                   | Sector | XLE: BULLISH
2026-06-24 23:19:49 | INFO     | scanner                   | Sector | XLV: BULLISH
2026-06-24 23:19:49 | INFO     | scanner                   | Sector | XLI: BULLISH
2026-06-24 23:19:49 | INFO     | scanner                   | Sector | XLY: BEARISH
2026-06-24 23:19:49 | INFO     | scanner                   | Sector | XLP: BULLISH
2026-06-24 23:19:49 | INFO     | scanner                   | Sector | XLU: BEARISH
2026-06-24 23:19:49 | INFO     | scanner                   | Sector | XLB: BEARISH
2026-06-24 23:19:49 | INFO     | scanner                   | Sector | XLRE: BEARISH
2026-06-24 23:19:49 | INFO     | scanner                   | Sector | XLC: BULLISH
2026-06-24 23:19:49 | WARNING  | scanner                   | Sector check: XLK not found in indicator results
2026-06-24 23:19:49 | WARNING  | scanner                   | Sector check: XLF not found in indicator results
2026-06-24 23:19:49 | WARNING  | scanner                   | Sector check: XLE not found in indicator results
2026-06-24 23:19:49 | WARNING  | scanner                   | Sector check: XLV not found in indicator results
2026-06-24 23:19:49 | WARNING  | scanner                   | Sector check: XLI not found in indicator results
2026-06-24 23:19:49 | WARNING  | scanner                   | Sector check: XLY not found in indicator results
2026-06-24 23:19:49 | WARNING  | scanner                   | Sector check: XLP not found in indicator results
2026-06-24 23:19:49 | WARNING  | scanner                   | Sector check: XLU not found in indicator results
2026-06-24 23:19:49 | WARNING  | scanner                   | Sector check: XLB not found in indicator results
2026-06-24 23:19:49 | WARNING  | scanner                   | Sector check: XLRE not found in indicator results
2026-06-24 23:19:49 | WARNING  | scanner                   | Sector check: XLC not found in indicator results
2026-06-24 23:19:49 | INFO     | scanner                   | Sector | XLK: BULLISH
2026-06-24 23:19:49 | INFO     | scanner                   | Sector | XLF: BEARISH
2026-06-24 23:19:49 | INFO     | scanner                   | Sector | XLE: BULLISH
2026-06-24 23:19:49 | INFO     | scanner                   | Sector | XLV: BULLISH
2026-06-24 23:19:49 | INFO     | scanner                   | Sector | XLI: BULLISH
2026-06-24 23:19:49 | INFO     | scanner                   | Sector | XLY: BEARISH
2026-06-24 23:19:49 | INFO     | scanner                   | Sector | XLP: BULLISH
2026-06-24 23:19:49 | INFO     | scanner                   | Sector | XLU: BEARISH
2026-06-24 23:19:49 | INFO     | scanner                   | Sector | XLB: BEARISH
2026-06-24 23:19:49 | INFO     | scanner                   | Sector | XLRE: BEARISH
2026-06-24 23:19:49 | INFO     | scanner                   | Sector | XLC: BULLISH
2026-06-24 23:19:49 | WARNING  | scanner                   | Sector check: XLK not found in indicator results
2026-06-24 23:19:49 | WARNING  | scanner                   | Sector check: XLF not found in indicator results
2026-06-24 23:19:49 | WARNING  | scanner                   | Sector check: XLE not found in indicator results
2026-06-24 23:19:49 | WARNING  | scanner                   | Sector check: XLV not found in indicator results
2026-06-24 23:19:49 | WARNING  | scanner                   | Sector check: XLI not found in indicator results
2026-06-24 23:19:49 | WARNING  | scanner                   | Sector check: XLY not found in indicator results
2026-06-24 23:19:49 | WARNING  | scanner                   | Sector check: XLP not found in indicator results
2026-06-24 23:19:49 | WARNING  | scanner                   | Sector check: XLU not found in indicator results
2026-06-24 23:19:49 | WARNING  | scanner                   | Sector check: XLB not found in indicator results
2026-06-24 23:19:49 | WARNING  | scanner                   | Sector check: XLRE not found in indicator results
2026-06-24 23:19:49 | WARNING  | scanner                   | Sector check: XLC not found in indicator results
2026-06-24 23:19:49 | INFO     | scanner                   | Sector | XLK: BULLISH
2026-06-24 23:19:49 | INFO     | scanner                   | Sector | XLF: BEARISH
2026-06-24 23:19:49 | INFO     | scanner                   | Sector | XLE: BULLISH
2026-06-24 23:19:49 | INFO     | scanner                   | Sector | XLV: BULLISH
2026-06-24 23:19:49 | INFO     | scanner                   | Sector | XLI: BEARISH
2026-06-24 23:19:49 | INFO     | scanner                   | Sector | XLY: BEARISH
2026-06-24 23:19:49 | INFO     | scanner                   | Sector | XLP: BULLISH
2026-06-24 23:19:49 | INFO     | scanner                   | Sector | XLU: BEARISH
2026-06-24 23:19:49 | INFO     | scanner                   | Sector | XLB: BEARISH
2026-06-24 23:19:49 | INFO     | scanner                   | Sector | XLRE: BEARISH
2026-06-24 23:19:49 | INFO     | scanner                   | Sector | XLC: BULLISH
2026-06-24 23:19:49 | WARNING  | scanner                   | Sector check: XLK not found in indicator results
2026-06-24 23:19:49 | WARNING  | scanner                   | Sector check: XLF not found in indicator results
2026-06-24 23:19:49 | WARNING  | scanner                   | Sector check: XLE not found in indicator results
2026-06-24 23:19:49 | WARNING  | scanner                   | Sector check: XLV not found in indicator results
2026-06-24 23:19:49 | WARNING  | scanner                   | Sector check: XLI not found in indicator results
2026-06-24 23:19:49 | WARNING  | scanner                   | Sector check: XLY not found in indicator results
2026-06-24 23:19:49 | WARNING  | scanner                   | Sector check: XLP not found in indicator results
2026-06-24 23:19:49 | WARNING  | scanner                   | Sector check: XLU not found in indicator results
2026-06-24 23:19:49 | WARNING  | scanner                   | Sector check: XLB not found in indicator results
2026-06-24 23:19:49 | WARNING  | scanner                   | Sector check: XLRE not found in indicator results
2026-06-24 23:19:49 | WARNING  | scanner                   | Sector check: XLC not found in indicator results
2026-06-24 23:19:49 | INFO     | scanner                   | Sector | XLK: BULLISH
2026-06-24 23:19:49 | INFO     | scanner                   | Sector | XLF: BEARISH
2026-06-24 23:19:49 | INFO     | scanner                   | Sector | XLE: BULLISH
2026-06-24 23:19:49 | INFO     | scanner                   | Sector | XLV: BULLISH
2026-06-24 23:19:49 | INFO     | scanner                   | Sector | XLI: BEARISH
2026-06-24 23:19:49 | INFO     | scanner                   | Sector | XLY: BEARISH
2026-06-24 23:19:49 | INFO     | scanner                   | Sector | XLP: BULLISH
2026-06-24 23:19:49 | INFO     | scanner                   | Sector | XLU: BEARISH
2026-06-24 23:19:49 | INFO     | scanner                   | Sector | XLB: BEARISH
2026-06-24 23:19:49 | INFO     | scanner                   | Sector | XLRE: BEARISH
2026-06-24 23:19:49 | INFO     | scanner                   | Sector | XLC: BULLISH
2026-06-24 23:19:49 | WARNING  | scanner                   | Sector check: XLK not found in indicator results
2026-06-24 23:19:49 | WARNING  | scanner                   | Sector check: XLF not found in indicator results
2026-06-24 23:19:49 | WARNING  | scanner                   | Sector check: XLE not found in indicator results
2026-06-24 23:19:49 | WARNING  | scanner                   | Sector check: XLV not found in indicator results
2026-06-24 23:19:49 | WARNING  | scanner                   | Sector check: XLI not found in indicator results
2026-06-24 23:19:49 | WARNING  | scanner                   | Sector check: XLY not found in indicator results
2026-06-24 23:19:49 | WARNING  | scanner                   | Sector check: XLP not found in indicator results
2026-06-24 23:19:49 | WARNING  | scanner                   | Sector check: XLU not found in indicator results
2026-06-24 23:19:49 | WARNING  | scanner                   | Sector check: XLB not found in indicator results
2026-06-24 23:19:49 | WARNING  | scanner                   | Sector check: XLRE not found in indicator results
2026-06-24 23:19:49 | WARNING  | scanner                   | Sector check: XLC not found in indicator results
2026-06-24 23:19:49 | INFO     | scanner                   | Sector | XLK: BULLISH
2026-06-24 23:19:49 | INFO     | scanner                   | Sector | XLF: BEARISH
2026-06-24 23:19:49 | INFO     | scanner                   | Sector | XLE: BULLISH
2026-06-24 23:19:49 | INFO     | scanner                   | Sector | XLV: BULLISH
2026-06-24 23:19:49 | INFO     | scanner                   | Sector | XLI: BEARISH
2026-06-24 23:19:49 | INFO     | scanner                   | Sector | XLY: BEARISH
2026-06-24 23:19:49 | INFO     | scanner                   | Sector | XLP: BULLISH
2026-06-24 23:19:49 | INFO     | scanner                   | Sector | XLU: BEARISH
2026-06-24 23:19:49 | INFO     | scanner                   | Sector | XLB: BEARISH
2026-06-24 23:19:49 | INFO     | scanner                   | Sector | XLRE: BEARISH
2026-06-24 23:19:49 | INFO     | scanner                   | Sector | XLC: BULLISH
2026-06-24 23:19:49 | WARNING  | scanner                   | Sector check: XLK not found in indicator results
2026-06-24 23:19:49 | WARNING  | scanner                   | Sector check: XLF not found in indicator results
2026-06-24 23:19:49 | WARNING  | scanner                   | Sector check: XLE not found in indicator results
2026-06-24 23:19:49 | WARNING  | scanner                   | Sector check: XLV not found in indicator results
2026-06-24 23:19:49 | WARNING  | scanner                   | Sector check: XLI not found in indicator results
2026-06-24 23:19:49 | WARNING  | scanner                   | Sector check: XLY not found in indicator results
2026-06-24 23:19:49 | WARNING  | scanner                   | Sector check: XLP not found in indicator results
2026-06-24 23:19:49 | WARNING  | scanner                   | Sector check: XLU not found in indicator results
2026-06-24 23:19:49 | WARNING  | scanner                   | Sector check: XLB not found in indicator results
2026-06-24 23:19:49 | WARNING  | scanner                   | Sector check: XLRE not found in indicator results
2026-06-24 23:19:49 | WARNING  | scanner                   | Sector check: XLC not found in indicator results
2026-06-24 23:19:49 | INFO     | scanner                   | Sector | XLK: BULLISH
2026-06-24 23:19:49 | INFO     | scanner                   | Sector | XLF: BEARISH
2026-06-24 23:19:49 | INFO     | scanner                   | Sector | XLE: BULLISH
2026-06-24 23:19:49 | INFO     | scanner                   | Sector | XLV: BULLISH
2026-06-24 23:19:49 | INFO     | scanner                   | Sector | XLI: BEARISH
2026-06-24 23:19:49 | INFO     | scanner                   | Sector | XLY: BEARISH
2026-06-24 23:19:49 | INFO     | scanner                   | Sector | XLP: BULLISH
2026-06-24 23:19:49 | INFO     | scanner                   | Sector | XLU: BEARISH
2026-06-24 23:19:49 | INFO     | scanner                   | Sector | XLB: BEARISH
2026-06-24 23:19:49 | INFO     | scanner                   | Sector | XLRE: BEARISH
2026-06-24 23:19:49 | INFO     | scanner                   | Sector | XLC: BULLISH
2026-06-24 23:19:49 | WARNING  | scanner                   | Sector check: XLK not found in indicator results
2026-06-24 23:19:49 | WARNING  | scanner                   | Sector check: XLF not found in indicator results
2026-06-24 23:19:49 | WARNING  | scanner                   | Sector check: XLE not found in indicator results
2026-06-24 23:19:49 | WARNING  | scanner                   | Sector check: XLV not found in indicator results
2026-06-24 23:19:49 | WARNING  | scanner                   | Sector check: XLI not found in indicator results
2026-06-24 23:19:49 | WARNING  | scanner                   | Sector check: XLY not found in indicator results
2026-06-24 23:19:49 | WARNING  | scanner                   | Sector check: XLP not found in indicator results
2026-06-24 23:19:49 | WARNING  | scanner                   | Sector check: XLU not found in indicator results
2026-06-24 23:19:49 | WARNING  | scanner                   | Sector check: XLB not found in indicator results
2026-06-24 23:19:49 | WARNING  | scanner                   | Sector check: XLRE not found in indicator results
2026-06-24 23:19:49 | WARNING  | scanner                   | Sector check: XLC not found in indicator results
2026-06-24 23:19:49 | INFO     | scanner                   | Sector | XLK: BULLISH
2026-06-24 23:19:49 | INFO     | scanner                   | Sector | XLF: BEARISH
2026-06-24 23:19:49 | INFO     | scanner                   | Sector | XLE: BULLISH
2026-06-24 23:19:49 | INFO     | scanner                   | Sector | XLV: BULLISH
2026-06-24 23:19:49 | INFO     | scanner                   | Sector | XLI: BEARISH
2026-06-24 23:19:49 | INFO     | scanner                   | Sector | XLY: BEARISH
2026-06-24 23:19:49 | INFO     | scanner                   | Sector | XLP: BULLISH
2026-06-24 23:19:49 | INFO     | scanner                   | Sector | XLU: BEARISH
2026-06-24 23:19:49 | INFO     | scanner                   | Sector | XLB: BEARISH
2026-06-24 23:19:49 | INFO     | scanner                   | Sector | XLRE: BEARISH
2026-06-24 23:19:49 | INFO     | scanner                   | Sector | XLC: BULLISH
2026-06-24 23:19:49 | WARNING  | scanner                   | Sector check: XLK not found in indicator results
2026-06-24 23:19:49 | WARNING  | scanner                   | Sector check: XLF not found in indicator results
2026-06-24 23:19:49 | WARNING  | scanner                   | Sector check: XLE not found in indicator results
2026-06-24 23:19:49 | WARNING  | scanner                   | Sector check: XLV not found in indicator results
2026-06-24 23:19:49 | WARNING  | scanner                   | Sector check: XLI not found in indicator results
2026-06-24 23:19:49 | WARNING  | scanner                   | Sector check: XLY not found in indicator results
2026-06-24 23:19:49 | WARNING  | scanner                   | Sector check: XLP not found in indicator results
2026-06-24 23:19:49 | WARNING  | scanner                   | Sector check: XLU not found in indicator results
2026-06-24 23:19:49 | WARNING  | scanner                   | Sector check: XLB not found in indicator results
2026-06-24 23:19:49 | WARNING  | scanner                   | Sector check: XLRE not found in indicator results
2026-06-24 23:19:49 | WARNING  | scanner                   | Sector check: XLC not found in indicator results
2026-06-24 23:19:49 | INFO     | scanner                   | Sector | XLK: BULLISH
2026-06-24 23:19:49 | INFO     | scanner                   | Sector | XLF: BEARISH
2026-06-24 23:19:49 | INFO     | scanner                   | Sector | XLE: BULLISH
2026-06-24 23:19:49 | INFO     | scanner                   | Sector | XLV: BULLISH
2026-06-24 23:19:49 | INFO     | scanner                   | Sector | XLI: BEARISH
2026-06-24 23:19:49 | INFO     | scanner                   | Sector | XLY: BEARISH
2026-06-24 23:19:49 | INFO     | scanner                   | Sector | XLP: BULLISH
2026-06-24 23:19:49 | INFO     | scanner                   | Sector | XLU: BEARISH
2026-06-24 23:19:49 | INFO     | scanner                   | Sector | XLB: BEARISH
2026-06-24 23:19:49 | INFO     | scanner                   | Sector | XLRE: BEARISH
2026-06-24 23:19:49 | INFO     | scanner                   | Sector | XLC: BULLISH
2026-06-24 23:19:49 | WARNING  | scanner                   | Sector check: XLK not found in indicator results
2026-06-24 23:19:49 | WARNING  | scanner                   | Sector check: XLF not found in indicator results
2026-06-24 23:19:49 | WARNING  | scanner                   | Sector check: XLE not found in indicator results
2026-06-24 23:19:49 | WARNING  | scanner                   | Sector check: XLV not found in indicator results
2026-06-24 23:19:49 | WARNING  | scanner                   | Sector check: XLI not found in indicator results
2026-06-24 23:19:49 | WARNING  | scanner                   | Sector check: XLY not found in indicator results
2026-06-24 23:19:49 | WARNING  | scanner                   | Sector check: XLP not found in indicator results
2026-06-24 23:19:49 | WARNING  | scanner                   | Sector check: XLU not found in indicator results
2026-06-24 23:19:49 | WARNING  | scanner                   | Sector check: XLB not found in indicator results
2026-06-24 23:19:49 | WARNING  | scanner                   | Sector check: XLRE not found in indicator results
2026-06-24 23:19:49 | WARNING  | scanner                   | Sector check: XLC not found in indicator results
2026-06-24 23:19:49 | INFO     | scanner                   | Sector | XLK: BULLISH
2026-06-24 23:19:49 | INFO     | scanner                   | Sector | XLF: BEARISH
2026-06-24 23:19:49 | INFO     | scanner                   | Sector | XLE: BULLISH
2026-06-24 23:19:49 | INFO     | scanner                   | Sector | XLV: BULLISH
2026-06-24 23:19:49 | INFO     | scanner                   | Sector | XLI: BEARISH
2026-06-24 23:19:49 | INFO     | scanner                   | Sector | XLY: BEARISH
2026-06-24 23:19:49 | INFO     | scanner                   | Sector | XLP: BULLISH
2026-06-24 23:19:49 | INFO     | scanner                   | Sector | XLU: BEARISH
2026-06-24 23:19:49 | INFO     | scanner                   | Sector | XLB: BEARISH
2026-06-24 23:19:49 | INFO     | scanner                   | Sector | XLRE: BEARISH
2026-06-24 23:19:49 | INFO     | scanner                   | Sector | XLC: BULLISH
2026-06-24 23:19:49 | WARNING  | scanner                   | Sector check: XLK not found in indicator results
2026-06-24 23:19:49 | WARNING  | scanner                   | Sector check: XLF not found in indicator results
2026-06-24 23:19:49 | WARNING  | scanner                   | Sector check: XLE not found in indicator results
2026-06-24 23:19:49 | WARNING  | scanner                   | Sector check: XLV not found in indicator results
2026-06-24 23:19:49 | WARNING  | scanner                   | Sector check: XLI not found in indicator results
2026-06-24 23:19:49 | WARNING  | scanner                   | Sector check: XLY not found in indicator results
2026-06-24 23:19:49 | WARNING  | scanner                   | Sector check: XLP not found in indicator results
2026-06-24 23:19:49 | WARNING  | scanner                   | Sector check: XLU not found in indicator results
2026-06-24 23:19:49 | WARNING  | scanner                   | Sector check: XLB not found in indicator results
2026-06-24 23:19:49 | WARNING  | scanner                   | Sector check: XLRE not found in indicator results
2026-06-24 23:19:49 | WARNING  | scanner                   | Sector check: XLC not found in indicator results
2026-06-24 23:19:49 | INFO     | scanner                   | Sector | XLK: BULLISH
2026-06-24 23:19:49 | INFO     | scanner                   | Sector | XLF: BEARISH
2026-06-24 23:19:49 | INFO     | scanner                   | Sector | XLE: BULLISH
2026-06-24 23:19:49 | INFO     | scanner                   | Sector | XLV: BULLISH
2026-06-24 23:19:49 | INFO     | scanner                   | Sector | XLI: BEARISH
2026-06-24 23:19:49 | INFO     | scanner                   | Sector | XLY: BEARISH
2026-06-24 23:19:49 | INFO     | scanner                   | Sector | XLP: BULLISH
2026-06-24 23:19:49 | INFO     | scanner                   | Sector | XLU: BEARISH
2026-06-24 23:19:49 | INFO     | scanner                   | Sector | XLB: BEARISH
2026-06-24 23:19:49 | INFO     | scanner                   | Sector | XLRE: BEARISH
2026-06-24 23:19:49 | INFO     | scanner                   | Sector | XLC: BULLISH
2026-06-24 23:19:49 | WARNING  | scanner                   | Sector check: XLK not found in indicator results
2026-06-24 23:19:49 | WARNING  | scanner                   | Sector check: XLF not found in indicator results
2026-06-24 23:19:49 | WARNING  | scanner                   | Sector check: XLE not found in indicator results
2026-06-24 23:19:49 | WARNING  | scanner                   | Sector check: XLV not found in indicator results
2026-06-24 23:19:49 | WARNING  | scanner                   | Sector check: XLI not found in indicator results
2026-06-24 23:19:49 | WARNING  | scanner                   | Sector check: XLY not found in indicator results
2026-06-24 23:19:49 | WARNING  | scanner                   | Sector check: XLP not found in indicator results
2026-06-24 23:19:49 | WARNING  | scanner                   | Sector check: XLU not found in indicator results
2026-06-24 23:19:49 | WARNING  | scanner                   | Sector check: XLB not found in indicator results
2026-06-24 23:19:49 | WARNING  | scanner                   | Sector check: XLRE not found in indicator results
2026-06-24 23:19:49 | WARNING  | scanner                   | Sector check: XLC not found in indicator results
2026-06-24 23:19:49 | INFO     | scanner                   | Sector | XLK: BULLISH
2026-06-24 23:19:49 | INFO     | scanner                   | Sector | XLF: BEARISH
2026-06-24 23:19:49 | INFO     | scanner                   | Sector | XLE: BULLISH
2026-06-24 23:19:49 | INFO     | scanner                   | Sector | XLV: BULLISH
2026-06-24 23:19:49 | INFO     | scanner                   | Sector | XLI: BEARISH
2026-06-24 23:19:49 | INFO     | scanner                   | Sector | XLY: BEARISH
2026-06-24 23:19:49 | INFO     | scanner                   | Sector | XLP: BULLISH
2026-06-24 23:19:49 | INFO     | scanner                   | Sector | XLU: BEARISH
2026-06-24 23:19:49 | INFO     | scanner                   | Sector | XLB: BEARISH
2026-06-24 23:19:49 | INFO     | scanner                   | Sector | XLRE: BEARISH
2026-06-24 23:19:49 | INFO     | scanner                   | Sector | XLC: BULLISH
2026-06-24 23:19:49 | WARNING  | scanner                   | Sector check: XLK not found in indicator results
2026-06-24 23:19:49 | WARNING  | scanner                   | Sector check: XLF not found in indicator results
2026-06-24 23:19:49 | WARNING  | scanner                   | Sector check: XLE not found in indicator results
2026-06-24 23:19:49 | WARNING  | scanner                   | Sector check: XLV not found in indicator results
2026-06-24 23:19:49 | WARNING  | scanner                   | Sector check: XLI not found in indicator results
2026-06-24 23:19:49 | WARNING  | scanner                   | Sector check: XLY not found in indicator results
2026-06-24 23:19:49 | WARNING  | scanner                   | Sector check: XLP not found in indicator results
2026-06-24 23:19:49 | WARNING  | scanner                   | Sector check: XLU not found in indicator results
2026-06-24 23:19:49 | WARNING  | scanner                   | Sector check: XLB not found in indicator results
2026-06-24 23:19:49 | WARNING  | scanner                   | Sector check: XLRE not found in indicator results
2026-06-24 23:19:49 | WARNING  | scanner                   | Sector check: XLC not found in indicator results
2026-06-24 23:19:49 | INFO     | scanner                   | Sector | XLK: BULLISH
2026-06-24 23:19:49 | INFO     | scanner                   | Sector | XLF: BEARISH
2026-06-24 23:19:49 | INFO     | scanner                   | Sector | XLE: BULLISH
2026-06-24 23:19:49 | INFO     | scanner                   | Sector | XLV: BULLISH
2026-06-24 23:19:49 | INFO     | scanner                   | Sector | XLI: BEARISH
2026-06-24 23:19:49 | INFO     | scanner                   | Sector | XLY: BEARISH
2026-06-24 23:19:49 | INFO     | scanner                   | Sector | XLP: BULLISH
2026-06-24 23:19:49 | INFO     | scanner                   | Sector | XLU: BEARISH
2026-06-24 23:19:49 | INFO     | scanner                   | Sector | XLB: BEARISH
2026-06-24 23:19:49 | INFO     | scanner                   | Sector | XLRE: BEARISH
2026-06-24 23:19:49 | INFO     | scanner                   | Sector | XLC: BULLISH
2026-06-24 23:19:49 | WARNING  | scanner                   | Sector check: XLK not found in indicator results
2026-06-24 23:19:49 | WARNING  | scanner                   | Sector check: XLF not found in indicator results
2026-06-24 23:19:49 | WARNING  | scanner                   | Sector check: XLE not found in indicator results
2026-06-24 23:19:49 | WARNING  | scanner                   | Sector check: XLV not found in indicator results
2026-06-24 23:19:49 | WARNING  | scanner                   | Sector check: XLI not found in indicator results
2026-06-24 23:19:49 | WARNING  | scanner                   | Sector check: XLY not found in indicator results
2026-06-24 23:19:49 | WARNING  | scanner                   | Sector check: XLP not found in indicator results
2026-06-24 23:19:49 | WARNING  | scanner                   | Sector check: XLU not found in indicator results
2026-06-24 23:19:49 | WARNING  | scanner                   | Sector check: XLB not found in indicator results
2026-06-24 23:19:49 | WARNING  | scanner                   | Sector check: XLRE not found in indicator results
2026-06-24 23:19:49 | WARNING  | scanner                   | Sector check: XLC not found in indicator results
2026-06-24 23:19:49 | INFO     | scanner                   | Sector | XLK: BULLISH
2026-06-24 23:19:49 | INFO     | scanner                   | Sector | XLF: BEARISH
2026-06-24 23:19:49 | INFO     | scanner                   | Sector | XLE: BULLISH
2026-06-24 23:19:49 | INFO     | scanner                   | Sector | XLV: BULLISH
2026-06-24 23:19:49 | INFO     | scanner                   | Sector | XLI: BEARISH
2026-06-24 23:19:49 | INFO     | scanner                   | Sector | XLY: BEARISH
2026-06-24 23:19:49 | INFO     | scanner                   | Sector | XLP: BULLISH
2026-06-24 23:19:49 | INFO     | scanner                   | Sector | XLU: BEARISH
2026-06-24 23:19:49 | INFO     | scanner                   | Sector | XLB: BEARISH
2026-06-24 23:19:49 | INFO     | scanner                   | Sector | XLRE: BEARISH
2026-06-24 23:19:49 | INFO     | scanner                   | Sector | XLC: BULLISH
2026-06-24 23:19:49 | WARNING  | scanner                   | Sector check: XLK not found in indicator results
2026-06-24 23:19:49 | WARNING  | scanner                   | Sector check: XLF not found in indicator results
2026-06-24 23:19:49 | WARNING  | scanner                   | Sector check: XLE not found in indicator results
2026-06-24 23:19:49 | WARNING  | scanner                   | Sector check: XLV not found in indicator results
2026-06-24 23:19:49 | WARNING  | scanner                   | Sector check: XLI not found in indicator results
2026-06-24 23:19:49 | WARNING  | scanner                   | Sector check: XLY not found in indicator results
2026-06-24 23:19:49 | WARNING  | scanner                   | Sector check: XLP not found in indicator results
2026-06-24 23:19:49 | WARNING  | scanner                   | Sector check: XLU not found in indicator results
2026-06-24 23:19:49 | WARNING  | scanner                   | Sector check: XLB not found in indicator results
2026-06-24 23:19:49 | WARNING  | scanner                   | Sector check: XLRE not found in indicator results
2026-06-24 23:19:49 | WARNING  | scanner                   | Sector check: XLC not found in indicator results
2026-06-24 23:19:49 | INFO     | scanner                   | Sector | XLK: BULLISH
2026-06-24 23:19:49 | INFO     | scanner                   | Sector | XLF: BEARISH
2026-06-24 23:19:49 | INFO     | scanner                   | Sector | XLE: BULLISH
2026-06-24 23:19:49 | INFO     | scanner                   | Sector | XLV: BULLISH
2026-06-24 23:19:49 | INFO     | scanner                   | Sector | XLI: BEARISH
2026-06-24 23:19:49 | INFO     | scanner                   | Sector | XLY: BEARISH
2026-06-24 23:19:49 | INFO     | scanner                   | Sector | XLP: BULLISH
2026-06-24 23:19:49 | INFO     | scanner                   | Sector | XLU: BEARISH
2026-06-24 23:19:49 | INFO     | scanner                   | Sector | XLB: BEARISH
2026-06-24 23:19:49 | INFO     | scanner                   | Sector | XLRE: BEARISH
2026-06-24 23:19:49 | INFO     | scanner                   | Sector | XLC: BEARISH
2026-06-24 23:19:49 | WARNING  | scanner                   | Sector check: XLK not found in indicator results
2026-06-24 23:19:49 | WARNING  | scanner                   | Sector check: XLF not found in indicator results
2026-06-24 23:19:49 | WARNING  | scanner                   | Sector check: XLE not found in indicator results
2026-06-24 23:19:49 | WARNING  | scanner                   | Sector check: XLV not found in indicator results
2026-06-24 23:19:49 | WARNING  | scanner                   | Sector check: XLI not found in indicator results
2026-06-24 23:19:49 | WARNING  | scanner                   | Sector check: XLY not found in indicator results
2026-06-24 23:19:49 | WARNING  | scanner                   | Sector check: XLP not found in indicator results
2026-06-24 23:19:49 | WARNING  | scanner                   | Sector check: XLU not found in indicator results
2026-06-24 23:19:49 | WARNING  | scanner                   | Sector check: XLB not found in indicator results
2026-06-24 23:19:49 | WARNING  | scanner                   | Sector check: XLRE not found in indicator results
2026-06-24 23:19:49 | WARNING  | scanner                   | Sector check: XLC not found in indicator results
2026-06-24 23:19:49 | INFO     | scanner                   | Sector | XLK: BULLISH
2026-06-24 23:19:49 | INFO     | scanner                   | Sector | XLF: BEARISH
2026-06-24 23:19:49 | INFO     | scanner                   | Sector | XLE: BULLISH
2026-06-24 23:19:49 | INFO     | scanner                   | Sector | XLV: BULLISH
2026-06-24 23:19:49 | INFO     | scanner                   | Sector | XLI: BEARISH
2026-06-24 23:19:49 | INFO     | scanner                   | Sector | XLY: BEARISH
2026-06-24 23:19:49 | INFO     | scanner                   | Sector | XLP: BULLISH
2026-06-24 23:19:49 | INFO     | scanner                   | Sector | XLU: BEARISH
2026-06-24 23:19:49 | INFO     | scanner                   | Sector | XLB: BEARISH
2026-06-24 23:19:49 | INFO     | scanner                   | Sector | XLRE: BEARISH
2026-06-24 23:19:49 | INFO     | scanner                   | Sector | XLC: BEARISH
2026-06-24 23:19:49 | WARNING  | scanner                   | Sector check: XLK not found in indicator results
2026-06-24 23:19:49 | WARNING  | scanner                   | Sector check: XLF not found in indicator results
2026-06-24 23:19:49 | WARNING  | scanner                   | Sector check: XLE not found in indicator results
2026-06-24 23:19:49 | WARNING  | scanner                   | Sector check: XLV not found in indicator results
2026-06-24 23:19:49 | WARNING  | scanner                   | Sector check: XLI not found in indicator results
2026-06-24 23:19:49 | WARNING  | scanner                   | Sector check: XLY not found in indicator results
2026-06-24 23:19:49 | WARNING  | scanner                   | Sector check: XLP not found in indicator results
2026-06-24 23:19:49 | WARNING  | scanner                   | Sector check: XLU not found in indicator results
2026-06-24 23:19:49 | WARNING  | scanner                   | Sector check: XLB not found in indicator results
2026-06-24 23:19:49 | WARNING  | scanner                   | Sector check: XLRE not found in indicator results
2026-06-24 23:19:49 | WARNING  | scanner                   | Sector check: XLC not found in indicator results
2026-06-24 23:19:49 | INFO     | scanner                   | Sector | XLK: BULLISH
2026-06-24 23:19:49 | INFO     | scanner                   | Sector | XLF: BEARISH
2026-06-24 23:19:49 | INFO     | scanner                   | Sector | XLE: BULLISH
2026-06-24 23:19:49 | INFO     | scanner                   | Sector | XLV: BULLISH
2026-06-24 23:19:49 | INFO     | scanner                   | Sector | XLI: BEARISH
2026-06-24 23:19:49 | INFO     | scanner                   | Sector | XLY: BEARISH
2026-06-24 23:19:49 | INFO     | scanner                   | Sector | XLP: BULLISH
2026-06-24 23:19:49 | INFO     | scanner                   | Sector | XLU: BEARISH
2026-06-24 23:19:49 | INFO     | scanner                   | Sector | XLB: BEARISH
2026-06-24 23:19:49 | INFO     | scanner                   | Sector | XLRE: BEARISH
2026-06-24 23:19:49 | INFO     | scanner                   | Sector | XLC: BEARISH
2026-06-24 23:19:49 | WARNING  | scanner                   | Sector check: XLK not found in indicator results
2026-06-24 23:19:49 | WARNING  | scanner                   | Sector check: XLF not found in indicator results
2026-06-24 23:19:49 | WARNING  | scanner                   | Sector check: XLE not found in indicator results
2026-06-24 23:19:49 | WARNING  | scanner                   | Sector check: XLV not found in indicator results
2026-06-24 23:19:49 | WARNING  | scanner                   | Sector check: XLI not found in indicator results
2026-06-24 23:19:49 | WARNING  | scanner                   | Sector check: XLY not found in indicator results
2026-06-24 23:19:49 | WARNING  | scanner                   | Sector check: XLP not found in indicator results
2026-06-24 23:19:49 | WARNING  | scanner                   | Sector check: XLU not found in indicator results
2026-06-24 23:19:49 | WARNING  | scanner                   | Sector check: XLB not found in indicator results
2026-06-24 23:19:49 | WARNING  | scanner                   | Sector check: XLRE not found in indicator results
2026-06-24 23:19:49 | WARNING  | scanner                   | Sector check: XLC not found in indicator results
2026-06-24 23:19:49 | INFO     | scanner                   | Sector | XLK: BULLISH
2026-06-24 23:19:49 | INFO     | scanner                   | Sector | XLF: BEARISH
2026-06-24 23:19:49 | INFO     | scanner                   | Sector | XLE: BULLISH
2026-06-24 23:19:49 | INFO     | scanner                   | Sector | XLV: BULLISH
2026-06-24 23:19:49 | INFO     | scanner                   | Sector | XLI: BEARISH
2026-06-24 23:19:49 | INFO     | scanner                   | Sector | XLY: BEARISH
2026-06-24 23:19:49 | INFO     | scanner                   | Sector | XLP: BULLISH
2026-06-24 23:19:49 | INFO     | scanner                   | Sector | XLU: BEARISH
2026-06-24 23:19:49 | INFO     | scanner                   | Sector | XLB: BEARISH
2026-06-24 23:19:49 | INFO     | scanner                   | Sector | XLRE: BEARISH
2026-06-24 23:19:49 | INFO     | scanner                   | Sector | XLC: BEARISH
2026-06-24 23:19:49 | WARNING  | scanner                   | Sector check: XLK not found in indicator results
2026-06-24 23:19:49 | WARNING  | scanner                   | Sector check: XLF not found in indicator results
2026-06-24 23:19:49 | WARNING  | scanner                   | Sector check: XLE not found in indicator results
2026-06-24 23:19:49 | WARNING  | scanner                   | Sector check: XLV not found in indicator results
2026-06-24 23:19:49 | WARNING  | scanner                   | Sector check: XLI not found in indicator results
2026-06-24 23:19:49 | WARNING  | scanner                   | Sector check: XLY not found in indicator results
2026-06-24 23:19:49 | WARNING  | scanner                   | Sector check: XLP not found in indicator results
2026-06-24 23:19:49 | WARNING  | scanner                   | Sector check: XLU not found in indicator results
2026-06-24 23:19:49 | WARNING  | scanner                   | Sector check: XLB not found in indicator results
2026-06-24 23:19:49 | WARNING  | scanner                   | Sector check: XLRE not found in indicator results
2026-06-24 23:19:49 | WARNING  | scanner                   | Sector check: XLC not found in indicator results
2026-06-24 23:19:49 | INFO     | scanner                   | Sector | XLK: BULLISH
2026-06-24 23:19:49 | INFO     | scanner                   | Sector | XLF: BEARISH
2026-06-24 23:19:49 | INFO     | scanner                   | Sector | XLE: BULLISH
2026-06-24 23:19:49 | INFO     | scanner                   | Sector | XLV: BULLISH
2026-06-24 23:19:49 | INFO     | scanner                   | Sector | XLI: BEARISH
2026-06-24 23:19:49 | INFO     | scanner                   | Sector | XLY: BEARISH
2026-06-24 23:19:49 | INFO     | scanner                   | Sector | XLP: BULLISH
2026-06-24 23:19:49 | INFO     | scanner                   | Sector | XLU: BEARISH
2026-06-24 23:19:49 | INFO     | scanner                   | Sector | XLB: BEARISH
2026-06-24 23:19:49 | INFO     | scanner                   | Sector | XLRE: BEARISH
2026-06-24 23:19:49 | INFO     | scanner                   | Sector | XLC: BEARISH
2026-06-24 23:19:49 | WARNING  | scanner                   | Sector check: XLK not found in indicator results
2026-06-24 23:19:49 | WARNING  | scanner                   | Sector check: XLF not found in indicator results
2026-06-24 23:19:49 | WARNING  | scanner                   | Sector check: XLE not found in indicator results
2026-06-24 23:19:49 | WARNING  | scanner                   | Sector check: XLV not found in indicator results
2026-06-24 23:19:49 | WARNING  | scanner                   | Sector check: XLI not found in indicator results
2026-06-24 23:19:49 | WARNING  | scanner                   | Sector check: XLY not found in indicator results
2026-06-24 23:19:49 | WARNING  | scanner                   | Sector check: XLP not found in indicator results
2026-06-24 23:19:49 | WARNING  | scanner                   | Sector check: XLU not found in indicator results
2026-06-24 23:19:49 | WARNING  | scanner                   | Sector check: XLB not found in indicator results
2026-06-24 23:19:49 | WARNING  | scanner                   | Sector check: XLRE not found in indicator results
2026-06-24 23:19:49 | WARNING  | scanner                   | Sector check: XLC not found in indicator results
2026-06-24 23:19:49 | INFO     | scanner                   | Sector | XLK: BULLISH
2026-06-24 23:19:49 | INFO     | scanner                   | Sector | XLF: BEARISH
2026-06-24 23:19:49 | INFO     | scanner                   | Sector | XLE: BULLISH
2026-06-24 23:19:49 | INFO     | scanner                   | Sector | XLV: BULLISH
2026-06-24 23:19:49 | INFO     | scanner                   | Sector | XLI: BEARISH
2026-06-24 23:19:49 | INFO     | scanner                   | Sector | XLY: BEARISH
2026-06-24 23:19:49 | INFO     | scanner                   | Sector | XLP: BULLISH
2026-06-24 23:19:49 | INFO     | scanner                   | Sector | XLU: BEARISH
2026-06-24 23:19:49 | INFO     | scanner                   | Sector | XLB: BEARISH
2026-06-24 23:19:49 | INFO     | scanner                   | Sector | XLRE: BEARISH
2026-06-24 23:19:49 | INFO     | scanner                   | Sector | XLC: BEARISH
2026-06-24 23:19:49 | WARNING  | scanner                   | Sector check: XLK not found in indicator results
2026-06-24 23:19:49 | WARNING  | scanner                   | Sector check: XLF not found in indicator results
2026-06-24 23:19:49 | WARNING  | scanner                   | Sector check: XLE not found in indicator results
2026-06-24 23:19:49 | WARNING  | scanner                   | Sector check: XLV not found in indicator results
2026-06-24 23:19:49 | WARNING  | scanner                   | Sector check: XLI not found in indicator results
2026-06-24 23:19:49 | WARNING  | scanner                   | Sector check: XLY not found in indicator results
2026-06-24 23:19:49 | WARNING  | scanner                   | Sector check: XLP not found in indicator results
2026-06-24 23:19:49 | WARNING  | scanner                   | Sector check: XLU not found in indicator results
2026-06-24 23:19:49 | WARNING  | scanner                   | Sector check: XLB not found in indicator results
2026-06-24 23:19:49 | WARNING  | scanner                   | Sector check: XLRE not found in indicator results
2026-06-24 23:19:49 | WARNING  | scanner                   | Sector check: XLC not found in indicator results
2026-06-24 23:19:49 | INFO     | scanner                   | Sector | XLK: BULLISH
2026-06-24 23:19:49 | INFO     | scanner                   | Sector | XLF: BEARISH
2026-06-24 23:19:49 | INFO     | scanner                   | Sector | XLE: BULLISH
2026-06-24 23:19:49 | INFO     | scanner                   | Sector | XLV: BULLISH
2026-06-24 23:19:49 | INFO     | scanner                   | Sector | XLI: BEARISH
2026-06-24 23:19:49 | INFO     | scanner                   | Sector | XLY: BEARISH
2026-06-24 23:19:49 | INFO     | scanner                   | Sector | XLP: BULLISH
2026-06-24 23:19:49 | INFO     | scanner                   | Sector | XLU: BEARISH
2026-06-24 23:19:49 | INFO     | scanner                   | Sector | XLB: BEARISH
2026-06-24 23:19:49 | INFO     | scanner                   | Sector | XLRE: BEARISH
2026-06-24 23:19:49 | INFO     | scanner                   | Sector | XLC: BEARISH
2026-06-24 23:19:49 | WARNING  | scanner                   | Sector check: XLK not found in indicator results
2026-06-24 23:19:49 | WARNING  | scanner                   | Sector check: XLF not found in indicator results
2026-06-24 23:19:49 | WARNING  | scanner                   | Sector check: XLE not found in indicator results
2026-06-24 23:19:49 | WARNING  | scanner                   | Sector check: XLV not found in indicator results
2026-06-24 23:19:49 | WARNING  | scanner                   | Sector check: XLI not found in indicator results
2026-06-24 23:19:49 | WARNING  | scanner                   | Sector check: XLY not found in indicator results
2026-06-24 23:19:49 | WARNING  | scanner                   | Sector check: XLP not found in indicator results
2026-06-24 23:19:49 | WARNING  | scanner                   | Sector check: XLU not found in indicator results
2026-06-24 23:19:49 | WARNING  | scanner                   | Sector check: XLB not found in indicator results
2026-06-24 23:19:49 | WARNING  | scanner                   | Sector check: XLRE not found in indicator results
2026-06-24 23:19:49 | WARNING  | scanner                   | Sector check: XLC not found in indicator results
2026-06-24 23:19:49 | INFO     | scanner                   | Sector | XLK: BULLISH
2026-06-24 23:19:49 | INFO     | scanner                   | Sector | XLF: BEARISH
2026-06-24 23:19:49 | INFO     | scanner                   | Sector | XLE: BULLISH
2026-06-24 23:19:49 | INFO     | scanner                   | Sector | XLV: BULLISH
2026-06-24 23:19:49 | INFO     | scanner                   | Sector | XLI: BEARISH
2026-06-24 23:19:49 | INFO     | scanner                   | Sector | XLY: BEARISH
2026-06-24 23:19:49 | INFO     | scanner                   | Sector | XLP: BULLISH
2026-06-24 23:19:49 | INFO     | scanner                   | Sector | XLU: BEARISH
2026-06-24 23:19:49 | INFO     | scanner                   | Sector | XLB: BEARISH
2026-06-24 23:19:49 | INFO     | scanner                   | Sector | XLRE: BEARISH
2026-06-24 23:19:49 | INFO     | scanner                   | Sector | XLC: BEARISH
2026-06-24 23:19:49 | WARNING  | scanner                   | Sector check: XLK not found in indicator results
2026-06-24 23:19:49 | WARNING  | scanner                   | Sector check: XLF not found in indicator results
2026-06-24 23:19:49 | WARNING  | scanner                   | Sector check: XLE not found in indicator results
2026-06-24 23:19:49 | WARNING  | scanner                   | Sector check: XLV not found in indicator results
2026-06-24 23:19:49 | WARNING  | scanner                   | Sector check: XLI not found in indicator results
2026-06-24 23:19:49 | WARNING  | scanner                   | Sector check: XLY not found in indicator results
2026-06-24 23:19:49 | WARNING  | scanner                   | Sector check: XLP not found in indicator results
2026-06-24 23:19:49 | WARNING  | scanner                   | Sector check: XLU not found in indicator results
2026-06-24 23:19:49 | WARNING  | scanner                   | Sector check: XLB not found in indicator results
2026-06-24 23:19:49 | WARNING  | scanner                   | Sector check: XLRE not found in indicator results
2026-06-24 23:19:49 | WARNING  | scanner                   | Sector check: XLC not found in indicator results
2026-06-24 23:19:49 | INFO     | scanner                   | Sector | XLK: BULLISH
2026-06-24 23:19:49 | INFO     | scanner                   | Sector | XLF: BEARISH
2026-06-24 23:19:49 | INFO     | scanner                   | Sector | XLE: BULLISH
2026-06-24 23:19:49 | INFO     | scanner                   | Sector | XLV: BULLISH
2026-06-24 23:19:49 | INFO     | scanner                   | Sector | XLI: BEARISH
2026-06-24 23:19:49 | INFO     | scanner                   | Sector | XLY: BEARISH
2026-06-24 23:19:49 | INFO     | scanner                   | Sector | XLP: BULLISH
2026-06-24 23:19:49 | INFO     | scanner                   | Sector | XLU: BEARISH
2026-06-24 23:19:49 | INFO     | scanner                   | Sector | XLB: BEARISH
2026-06-24 23:19:49 | INFO     | scanner                   | Sector | XLRE: BEARISH
2026-06-24 23:19:49 | INFO     | scanner                   | Sector | XLC: BEARISH
2026-06-24 23:19:49 | WARNING  | scanner                   | Sector check: XLK not found in indicator results
2026-06-24 23:19:49 | WARNING  | scanner                   | Sector check: XLF not found in indicator results
2026-06-24 23:19:49 | WARNING  | scanner                   | Sector check: XLE not found in indicator results
2026-06-24 23:19:49 | WARNING  | scanner                   | Sector check: XLV not found in indicator results
2026-06-24 23:19:49 | WARNING  | scanner                   | Sector check: XLI not found in indicator results
2026-06-24 23:19:49 | WARNING  | scanner                   | Sector check: XLY not found in indicator results
2026-06-24 23:19:49 | WARNING  | scanner                   | Sector check: XLP not found in indicator results
2026-06-24 23:19:49 | WARNING  | scanner                   | Sector check: XLU not found in indicator results
2026-06-24 23:19:49 | WARNING  | scanner                   | Sector check: XLB not found in indicator results
2026-06-24 23:19:49 | WARNING  | scanner                   | Sector check: XLRE not found in indicator results
2026-06-24 23:19:49 | WARNING  | scanner                   | Sector check: XLC not found in indicator results
2026-06-24 23:19:49 | INFO     | scanner                   | Sector | XLK: BULLISH
2026-06-24 23:19:49 | INFO     | scanner                   | Sector | XLF: BEARISH
2026-06-24 23:19:49 | INFO     | scanner                   | Sector | XLE: BULLISH
2026-06-24 23:19:49 | INFO     | scanner                   | Sector | XLV: BULLISH
2026-06-24 23:19:49 | INFO     | scanner                   | Sector | XLI: BEARISH
2026-06-24 23:19:49 | INFO     | scanner                   | Sector | XLY: BEARISH
2026-06-24 23:19:49 | INFO     | scanner                   | Sector | XLP: BULLISH
2026-06-24 23:19:49 | INFO     | scanner                   | Sector | XLU: BEARISH
2026-06-24 23:19:49 | INFO     | scanner                   | Sector | XLB: BEARISH
2026-06-24 23:19:49 | INFO     | scanner                   | Sector | XLRE: BEARISH
2026-06-24 23:19:49 | INFO     | scanner                   | Sector | XLC: BEARISH
2026-06-24 23:19:49 | WARNING  | scanner                   | Sector check: XLK not found in indicator results
2026-06-24 23:19:49 | WARNING  | scanner                   | Sector check: XLF not found in indicator results
2026-06-24 23:19:49 | WARNING  | scanner                   | Sector check: XLE not found in indicator results
2026-06-24 23:19:49 | WARNING  | scanner                   | Sector check: XLV not found in indicator results
2026-06-24 23:19:49 | WARNING  | scanner                   | Sector check: XLI not found in indicator results
2026-06-24 23:19:49 | WARNING  | scanner                   | Sector check: XLY not found in indicator results
2026-06-24 23:19:49 | WARNING  | scanner                   | Sector check: XLP not found in indicator results
2026-06-24 23:19:49 | WARNING  | scanner                   | Sector check: XLU not found in indicator results
2026-06-24 23:19:49 | WARNING  | scanner                   | Sector check: XLB not found in indicator results
2026-06-24 23:19:49 | WARNING  | scanner                   | Sector check: XLRE not found in indicator results
2026-06-24 23:19:49 | WARNING  | scanner                   | Sector check: XLC not found in indicator results
2026-06-24 23:19:49 | INFO     | scanner                   | Sector | XLK: BULLISH
2026-06-24 23:19:49 | INFO     | scanner                   | Sector | XLF: BEARISH
2026-06-24 23:19:49 | INFO     | scanner                   | Sector | XLE: BULLISH
2026-06-24 23:19:49 | INFO     | scanner                   | Sector | XLV: BULLISH
2026-06-24 23:19:49 | INFO     | scanner                   | Sector | XLI: BEARISH
2026-06-24 23:19:49 | INFO     | scanner                   | Sector | XLY: BEARISH
2026-06-24 23:19:49 | INFO     | scanner                   | Sector | XLP: BULLISH
2026-06-24 23:19:49 | INFO     | scanner                   | Sector | XLU: BEARISH
2026-06-24 23:19:49 | INFO     | scanner                   | Sector | XLB: BEARISH
2026-06-24 23:19:49 | INFO     | scanner                   | Sector | XLRE: BEARISH
2026-06-24 23:19:49 | INFO     | scanner                   | Sector | XLC: BEARISH
2026-06-24 23:19:49 | WARNING  | scanner                   | Sector check: XLK not found in indicator results
2026-06-24 23:19:49 | WARNING  | scanner                   | Sector check: XLF not found in indicator results
2026-06-24 23:19:49 | WARNING  | scanner                   | Sector check: XLE not found in indicator results
2026-06-24 23:19:49 | WARNING  | scanner                   | Sector check: XLV not found in indicator results
2026-06-24 23:19:49 | WARNING  | scanner                   | Sector check: XLI not found in indicator results
2026-06-24 23:19:49 | WARNING  | scanner                   | Sector check: XLY not found in indicator results
2026-06-24 23:19:49 | WARNING  | scanner                   | Sector check: XLP not found in indicator results
2026-06-24 23:19:49 | WARNING  | scanner                   | Sector check: XLU not found in indicator results
2026-06-24 23:19:49 | WARNING  | scanner                   | Sector check: XLB not found in indicator results
2026-06-24 23:19:49 | WARNING  | scanner                   | Sector check: XLRE not found in indicator results
2026-06-24 23:19:49 | WARNING  | scanner                   | Sector check: XLC not found in indicator results
2026-06-24 23:19:49 | INFO     | scanner                   | Sector | XLK: BULLISH
2026-06-24 23:19:49 | INFO     | scanner                   | Sector | XLF: BEARISH
2026-06-24 23:19:49 | INFO     | scanner                   | Sector | XLE: BULLISH
2026-06-24 23:19:49 | INFO     | scanner                   | Sector | XLV: BULLISH
2026-06-24 23:19:49 | INFO     | scanner                   | Sector | XLI: BEARISH
2026-06-24 23:19:49 | INFO     | scanner                   | Sector | XLY: BEARISH
2026-06-24 23:19:49 | INFO     | scanner                   | Sector | XLP: BULLISH
2026-06-24 23:19:49 | INFO     | scanner                   | Sector | XLU: BEARISH
2026-06-24 23:19:49 | INFO     | scanner                   | Sector | XLB: BEARISH
2026-06-24 23:19:49 | INFO     | scanner                   | Sector | XLRE: BEARISH
2026-06-24 23:19:49 | INFO     | scanner                   | Sector | XLC: BEARISH
2026-06-24 23:19:49 | WARNING  | scanner                   | Sector check: XLK not found in indicator results
2026-06-24 23:19:49 | WARNING  | scanner                   | Sector check: XLF not found in indicator results
2026-06-24 23:19:49 | WARNING  | scanner                   | Sector check: XLE not found in indicator results
2026-06-24 23:19:49 | WARNING  | scanner                   | Sector check: XLV not found in indicator results
2026-06-24 23:19:49 | WARNING  | scanner                   | Sector check: XLI not found in indicator results
2026-06-24 23:19:49 | WARNING  | scanner                   | Sector check: XLY not found in indicator results
2026-06-24 23:19:49 | WARNING  | scanner                   | Sector check: XLP not found in indicator results
2026-06-24 23:19:49 | WARNING  | scanner                   | Sector check: XLU not found in indicator results
2026-06-24 23:19:49 | WARNING  | scanner                   | Sector check: XLB not found in indicator results
2026-06-24 23:19:49 | WARNING  | scanner                   | Sector check: XLRE not found in indicator results
2026-06-24 23:19:49 | WARNING  | scanner                   | Sector check: XLC not found in indicator results
2026-06-24 23:19:49 | INFO     | scanner                   | Sector | XLK: BULLISH
2026-06-24 23:19:49 | INFO     | scanner                   | Sector | XLF: BEARISH
2026-06-24 23:19:49 | INFO     | scanner                   | Sector | XLE: BULLISH
2026-06-24 23:19:49 | INFO     | scanner                   | Sector | XLV: BULLISH
2026-06-24 23:19:49 | INFO     | scanner                   | Sector | XLI: BEARISH
2026-06-24 23:19:49 | INFO     | scanner                   | Sector | XLY: BEARISH
2026-06-24 23:19:49 | INFO     | scanner                   | Sector | XLP: BULLISH
2026-06-24 23:19:49 | INFO     | scanner                   | Sector | XLU: BEARISH
2026-06-24 23:19:49 | INFO     | scanner                   | Sector | XLB: BEARISH
2026-06-24 23:19:49 | INFO     | scanner                   | Sector | XLRE: BEARISH
2026-06-24 23:19:49 | INFO     | scanner                   | Sector | XLC: BEARISH
2026-06-24 23:19:49 | WARNING  | scanner                   | Sector check: XLK not found in indicator results
2026-06-24 23:19:49 | WARNING  | scanner                   | Sector check: XLF not found in indicator results
2026-06-24 23:19:49 | WARNING  | scanner                   | Sector check: XLE not found in indicator results
2026-06-24 23:19:49 | WARNING  | scanner                   | Sector check: XLV not found in indicator results
2026-06-24 23:19:49 | WARNING  | scanner                   | Sector check: XLI not found in indicator results
2026-06-24 23:19:49 | WARNING  | scanner                   | Sector check: XLY not found in indicator results
2026-06-24 23:19:49 | WARNING  | scanner                   | Sector check: XLP not found in indicator results
2026-06-24 23:19:49 | WARNING  | scanner                   | Sector check: XLU not found in indicator results
2026-06-24 23:19:49 | WARNING  | scanner                   | Sector check: XLB not found in indicator results
2026-06-24 23:19:49 | WARNING  | scanner                   | Sector check: XLRE not found in indicator results
2026-06-24 23:19:49 | WARNING  | scanner                   | Sector check: XLC not found in indicator results
2026-06-24 23:19:49 | INFO     | scanner                   | Sector | XLK: BULLISH
2026-06-24 23:19:49 | INFO     | scanner                   | Sector | XLF: BEARISH
2026-06-24 23:19:49 | INFO     | scanner                   | Sector | XLE: BULLISH
2026-06-24 23:19:49 | INFO     | scanner                   | Sector | XLV: BULLISH
2026-06-24 23:19:49 | INFO     | scanner                   | Sector | XLI: BEARISH
2026-06-24 23:19:49 | INFO     | scanner                   | Sector | XLY: BEARISH
2026-06-24 23:19:49 | INFO     | scanner                   | Sector | XLP: BULLISH
2026-06-24 23:19:49 | INFO     | scanner                   | Sector | XLU: BEARISH
2026-06-24 23:19:49 | INFO     | scanner                   | Sector | XLB: BEARISH
2026-06-24 23:19:49 | INFO     | scanner                   | Sector | XLRE: BEARISH
2026-06-24 23:19:49 | INFO     | scanner                   | Sector | XLC: BEARISH
2026-06-24 23:19:49 | WARNING  | scanner                   | Sector check: XLK not found in indicator results
2026-06-24 23:19:49 | WARNING  | scanner                   | Sector check: XLF not found in indicator results
2026-06-24 23:19:49 | WARNING  | scanner                   | Sector check: XLE not found in indicator results
2026-06-24 23:19:49 | WARNING  | scanner                   | Sector check: XLV not found in indicator results
2026-06-24 23:19:49 | WARNING  | scanner                   | Sector check: XLI not found in indicator results
2026-06-24 23:19:49 | WARNING  | scanner                   | Sector check: XLY not found in indicator results
2026-06-24 23:19:49 | WARNING  | scanner                   | Sector check: XLP not found in indicator results
2026-06-24 23:19:49 | WARNING  | scanner                   | Sector check: XLU not found in indicator results
2026-06-24 23:19:49 | WARNING  | scanner                   | Sector check: XLB not found in indicator results
2026-06-24 23:19:49 | WARNING  | scanner                   | Sector check: XLRE not found in indicator results
2026-06-24 23:19:49 | WARNING  | scanner                   | Sector check: XLC not found in indicator results
2026-06-24 23:19:49 | INFO     | scanner                   | Sector | XLK: BULLISH
2026-06-24 23:19:49 | INFO     | scanner                   | Sector | XLF: BULLISH
2026-06-24 23:19:49 | INFO     | scanner                   | Sector | XLE: BULLISH
2026-06-24 23:19:49 | INFO     | scanner                   | Sector | XLV: BULLISH
2026-06-24 23:19:49 | INFO     | scanner                   | Sector | XLI: BEARISH
2026-06-24 23:19:49 | INFO     | scanner                   | Sector | XLY: BEARISH
2026-06-24 23:19:49 | INFO     | scanner                   | Sector | XLP: BULLISH
2026-06-24 23:19:49 | INFO     | scanner                   | Sector | XLU: BEARISH
2026-06-24 23:19:49 | INFO     | scanner                   | Sector | XLB: BEARISH
2026-06-24 23:19:49 | INFO     | scanner                   | Sector | XLRE: BEARISH
2026-06-24 23:19:49 | INFO     | scanner                   | Sector | XLC: BEARISH
2026-06-24 23:19:49 | WARNING  | scanner                   | Sector check: XLK not found in indicator results
2026-06-24 23:19:49 | WARNING  | scanner                   | Sector check: XLF not found in indicator results
2026-06-24 23:19:49 | WARNING  | scanner                   | Sector check: XLE not found in indicator results
2026-06-24 23:19:49 | WARNING  | scanner                   | Sector check: XLV not found in indicator results
2026-06-24 23:19:49 | WARNING  | scanner                   | Sector check: XLI not found in indicator results
2026-06-24 23:19:49 | WARNING  | scanner                   | Sector check: XLY not found in indicator results
2026-06-24 23:19:49 | WARNING  | scanner                   | Sector check: XLP not found in indicator results
2026-06-24 23:19:49 | WARNING  | scanner                   | Sector check: XLU not found in indicator results
2026-06-24 23:19:49 | WARNING  | scanner                   | Sector check: XLB not found in indicator results
2026-06-24 23:19:49 | WARNING  | scanner                   | Sector check: XLRE not found in indicator results
2026-06-24 23:19:49 | WARNING  | scanner                   | Sector check: XLC not found in indicator results
2026-06-24 23:19:49 | INFO     | scanner                   | Sector | XLK: BULLISH
2026-06-24 23:19:49 | INFO     | scanner                   | Sector | XLF: BULLISH
2026-06-24 23:19:49 | INFO     | scanner                   | Sector | XLE: BULLISH
2026-06-24 23:19:49 | INFO     | scanner                   | Sector | XLV: BULLISH
2026-06-24 23:19:49 | INFO     | scanner                   | Sector | XLI: BEARISH
2026-06-24 23:19:49 | INFO     | scanner                   | Sector | XLY: BEARISH
2026-06-24 23:19:49 | INFO     | scanner                   | Sector | XLP: BULLISH
2026-06-24 23:19:49 | INFO     | scanner                   | Sector | XLU: BEARISH
2026-06-24 23:19:49 | INFO     | scanner                   | Sector | XLB: BEARISH
2026-06-24 23:19:49 | INFO     | scanner                   | Sector | XLRE: BEARISH
2026-06-24 23:19:49 | INFO     | scanner                   | Sector | XLC: BEARISH
2026-06-24 23:19:49 | WARNING  | scanner                   | Sector check: XLK not found in indicator results
2026-06-24 23:19:49 | WARNING  | scanner                   | Sector check: XLF not found in indicator results
2026-06-24 23:19:49 | WARNING  | scanner                   | Sector check: XLE not found in indicator results
2026-06-24 23:19:49 | WARNING  | scanner                   | Sector check: XLV not found in indicator results
2026-06-24 23:19:49 | WARNING  | scanner                   | Sector check: XLI not found in indicator results
2026-06-24 23:19:49 | WARNING  | scanner                   | Sector check: XLY not found in indicator results
2026-06-24 23:19:49 | WARNING  | scanner                   | Sector check: XLP not found in indicator results
2026-06-24 23:19:49 | WARNING  | scanner                   | Sector check: XLU not found in indicator results
2026-06-24 23:19:49 | WARNING  | scanner                   | Sector check: XLB not found in indicator results
2026-06-24 23:19:49 | WARNING  | scanner                   | Sector check: XLRE not found in indicator results
2026-06-24 23:19:49 | WARNING  | scanner                   | Sector check: XLC not found in indicator results
2026-06-24 23:19:49 | INFO     | scanner                   | Sector | XLK: BULLISH
2026-06-24 23:19:49 | INFO     | scanner                   | Sector | XLF: BULLISH
2026-06-24 23:19:49 | INFO     | scanner                   | Sector | XLE: BULLISH
2026-06-24 23:19:49 | INFO     | scanner                   | Sector | XLV: BULLISH
2026-06-24 23:19:49 | INFO     | scanner                   | Sector | XLI: BEARISH
2026-06-24 23:19:49 | INFO     | scanner                   | Sector | XLY: BEARISH
2026-06-24 23:19:49 | INFO     | scanner                   | Sector | XLP: BULLISH
2026-06-24 23:19:49 | INFO     | scanner                   | Sector | XLU: BEARISH
2026-06-24 23:19:49 | INFO     | scanner                   | Sector | XLB: BEARISH
2026-06-24 23:19:49 | INFO     | scanner                   | Sector | XLRE: BEARISH
2026-06-24 23:19:49 | INFO     | scanner                   | Sector | XLC: BEARISH
2026-06-24 23:19:49 | WARNING  | scanner                   | Sector check: XLK not found in indicator results
2026-06-24 23:19:49 | WARNING  | scanner                   | Sector check: XLF not found in indicator results
2026-06-24 23:19:49 | WARNING  | scanner                   | Sector check: XLE not found in indicator results
2026-06-24 23:19:49 | WARNING  | scanner                   | Sector check: XLV not found in indicator results
2026-06-24 23:19:49 | WARNING  | scanner                   | Sector check: XLI not found in indicator results
2026-06-24 23:19:49 | WARNING  | scanner                   | Sector check: XLY not found in indicator results
2026-06-24 23:19:49 | WARNING  | scanner                   | Sector check: XLP not found in indicator results
2026-06-24 23:19:49 | WARNING  | scanner                   | Sector check: XLU not found in indicator results
2026-06-24 23:19:49 | WARNING  | scanner                   | Sector check: XLB not found in indicator results
2026-06-24 23:19:49 | WARNING  | scanner                   | Sector check: XLRE not found in indicator results
2026-06-24 23:19:49 | WARNING  | scanner                   | Sector check: XLC not found in indicator results
2026-06-24 23:19:49 | INFO     | scanner                   | Sector | XLK: BULLISH
2026-06-24 23:19:49 | INFO     | scanner                   | Sector | XLF: BULLISH
2026-06-24 23:19:49 | INFO     | scanner                   | Sector | XLE: BULLISH
2026-06-24 23:19:49 | INFO     | scanner                   | Sector | XLV: BULLISH
2026-06-24 23:19:49 | INFO     | scanner                   | Sector | XLI: BEARISH
2026-06-24 23:19:49 | INFO     | scanner                   | Sector | XLY: BEARISH
2026-06-24 23:19:49 | INFO     | scanner                   | Sector | XLP: BULLISH
2026-06-24 23:19:49 | INFO     | scanner                   | Sector | XLU: BEARISH
2026-06-24 23:19:49 | INFO     | scanner                   | Sector | XLB: BEARISH
2026-06-24 23:19:49 | INFO     | scanner                   | Sector | XLRE: BEARISH
2026-06-24 23:19:49 | INFO     | scanner                   | Sector | XLC: BEARISH
2026-06-24 23:19:49 | WARNING  | scanner                   | Sector check: XLK not found in indicator results
2026-06-24 23:19:49 | WARNING  | scanner                   | Sector check: XLF not found in indicator results
2026-06-24 23:19:49 | WARNING  | scanner                   | Sector check: XLE not found in indicator results
2026-06-24 23:19:49 | WARNING  | scanner                   | Sector check: XLV not found in indicator results
2026-06-24 23:19:49 | WARNING  | scanner                   | Sector check: XLI not found in indicator results
2026-06-24 23:19:49 | WARNING  | scanner                   | Sector check: XLY not found in indicator results
2026-06-24 23:19:49 | WARNING  | scanner                   | Sector check: XLP not found in indicator results
2026-06-24 23:19:49 | WARNING  | scanner                   | Sector check: XLU not found in indicator results
2026-06-24 23:19:49 | WARNING  | scanner                   | Sector check: XLB not found in indicator results
2026-06-24 23:19:49 | WARNING  | scanner                   | Sector check: XLRE not found in indicator results
2026-06-24 23:19:49 | WARNING  | scanner                   | Sector check: XLC not found in indicator results
2026-06-24 23:19:49 | INFO     | scanner                   | Sector | XLK: BULLISH
2026-06-24 23:19:49 | INFO     | scanner                   | Sector | XLF: BULLISH
2026-06-24 23:19:49 | INFO     | scanner                   | Sector | XLE: BULLISH
2026-06-24 23:19:50 | INFO     | scanner                   | Sector | XLV: BULLISH
2026-06-24 23:19:50 | INFO     | scanner                   | Sector | XLI: BEARISH
2026-06-24 23:19:50 | INFO     | scanner                   | Sector | XLY: BEARISH
2026-06-24 23:19:50 | INFO     | scanner                   | Sector | XLP: BULLISH
2026-06-24 23:19:50 | INFO     | scanner                   | Sector | XLU: BEARISH
2026-06-24 23:19:50 | INFO     | scanner                   | Sector | XLB: BEARISH
2026-06-24 23:19:50 | INFO     | scanner                   | Sector | XLRE: BEARISH
2026-06-24 23:19:50 | INFO     | scanner                   | Sector | XLC: BEARISH
2026-06-24 23:19:50 | WARNING  | scanner                   | Sector check: XLK not found in indicator results
2026-06-24 23:19:50 | WARNING  | scanner                   | Sector check: XLF not found in indicator results
2026-06-24 23:19:50 | WARNING  | scanner                   | Sector check: XLE not found in indicator results
2026-06-24 23:19:50 | WARNING  | scanner                   | Sector check: XLV not found in indicator results
2026-06-24 23:19:50 | WARNING  | scanner                   | Sector check: XLI not found in indicator results
2026-06-24 23:19:50 | WARNING  | scanner                   | Sector check: XLY not found in indicator results
2026-06-24 23:19:50 | WARNING  | scanner                   | Sector check: XLP not found in indicator results
2026-06-24 23:19:50 | WARNING  | scanner                   | Sector check: XLU not found in indicator results
2026-06-24 23:19:50 | WARNING  | scanner                   | Sector check: XLB not found in indicator results
2026-06-24 23:19:50 | WARNING  | scanner                   | Sector check: XLRE not found in indicator results
2026-06-24 23:19:50 | WARNING  | scanner                   | Sector check: XLC not found in indicator results
2026-06-24 23:19:50 | INFO     | scanner                   | Sector | XLK: BULLISH
2026-06-24 23:19:50 | INFO     | scanner                   | Sector | XLF: BULLISH
2026-06-24 23:19:50 | INFO     | scanner                   | Sector | XLE: BULLISH
2026-06-24 23:19:50 | INFO     | scanner                   | Sector | XLV: BULLISH
2026-06-24 23:19:50 | INFO     | scanner                   | Sector | XLI: BEARISH
2026-06-24 23:19:50 | INFO     | scanner                   | Sector | XLY: BEARISH
2026-06-24 23:19:50 | INFO     | scanner                   | Sector | XLP: BULLISH
2026-06-24 23:19:50 | INFO     | scanner                   | Sector | XLU: BEARISH
2026-06-24 23:19:50 | INFO     | scanner                   | Sector | XLB: BEARISH
2026-06-24 23:19:50 | INFO     | scanner                   | Sector | XLRE: BEARISH
2026-06-24 23:19:50 | INFO     | scanner                   | Sector | XLC: BEARISH
2026-06-24 23:19:50 | WARNING  | scanner                   | Sector check: XLK not found in indicator results
2026-06-24 23:19:50 | WARNING  | scanner                   | Sector check: XLF not found in indicator results
2026-06-24 23:19:50 | WARNING  | scanner                   | Sector check: XLE not found in indicator results
2026-06-24 23:19:50 | WARNING  | scanner                   | Sector check: XLV not found in indicator results
2026-06-24 23:19:50 | WARNING  | scanner                   | Sector check: XLI not found in indicator results
2026-06-24 23:19:50 | WARNING  | scanner                   | Sector check: XLY not found in indicator results
2026-06-24 23:19:50 | WARNING  | scanner                   | Sector check: XLP not found in indicator results
2026-06-24 23:19:50 | WARNING  | scanner                   | Sector check: XLU not found in indicator results
2026-06-24 23:19:50 | WARNING  | scanner                   | Sector check: XLB not found in indicator results
2026-06-24 23:19:50 | WARNING  | scanner                   | Sector check: XLRE not found in indicator results
2026-06-24 23:19:50 | WARNING  | scanner                   | Sector check: XLC not found in indicator results
2026-06-24 23:19:50 | INFO     | scanner                   | Sector | XLK: BULLISH
2026-06-24 23:19:50 | INFO     | scanner                   | Sector | XLF: BULLISH
2026-06-24 23:19:50 | INFO     | scanner                   | Sector | XLE: BULLISH
2026-06-24 23:19:50 | INFO     | scanner                   | Sector | XLV: BULLISH
2026-06-24 23:19:50 | INFO     | scanner                   | Sector | XLI: BEARISH
2026-06-24 23:19:50 | INFO     | scanner                   | Sector | XLY: BEARISH
2026-06-24 23:19:50 | INFO     | scanner                   | Sector | XLP: BULLISH
2026-06-24 23:19:50 | INFO     | scanner                   | Sector | XLU: BEARISH
2026-06-24 23:19:50 | INFO     | scanner                   | Sector | XLB: BEARISH
2026-06-24 23:19:50 | INFO     | scanner                   | Sector | XLRE: BEARISH
2026-06-24 23:19:50 | INFO     | scanner                   | Sector | XLC: BEARISH
2026-06-24 23:19:50 | WARNING  | scanner                   | Sector check: XLK not found in indicator results
2026-06-24 23:19:50 | WARNING  | scanner                   | Sector check: XLF not found in indicator results
2026-06-24 23:19:50 | WARNING  | scanner                   | Sector check: XLE not found in indicator results
2026-06-24 23:19:50 | WARNING  | scanner                   | Sector check: XLV not found in indicator results
2026-06-24 23:19:50 | WARNING  | scanner                   | Sector check: XLI not found in indicator results
2026-06-24 23:19:50 | WARNING  | scanner                   | Sector check: XLY not found in indicator results
2026-06-24 23:19:50 | WARNING  | scanner                   | Sector check: XLP not found in indicator results
2026-06-24 23:19:50 | WARNING  | scanner                   | Sector check: XLU not found in indicator results
2026-06-24 23:19:50 | WARNING  | scanner                   | Sector check: XLB not found in indicator results
2026-06-24 23:19:50 | WARNING  | scanner                   | Sector check: XLRE not found in indicator results
2026-06-24 23:19:50 | WARNING  | scanner                   | Sector check: XLC not found in indicator results
2026-06-24 23:19:50 | INFO     | scanner                   | Sector | XLK: BULLISH
2026-06-24 23:19:50 | INFO     | scanner                   | Sector | XLF: BULLISH
2026-06-24 23:19:50 | INFO     | scanner                   | Sector | XLE: BULLISH
2026-06-24 23:19:50 | INFO     | scanner                   | Sector | XLV: BULLISH
2026-06-24 23:19:50 | INFO     | scanner                   | Sector | XLI: BEARISH
2026-06-24 23:19:50 | INFO     | scanner                   | Sector | XLY: BEARISH
2026-06-24 23:19:50 | INFO     | scanner                   | Sector | XLP: BULLISH
2026-06-24 23:19:50 | INFO     | scanner                   | Sector | XLU: BEARISH
2026-06-24 23:19:50 | INFO     | scanner                   | Sector | XLB: BEARISH
2026-06-24 23:19:50 | INFO     | scanner                   | Sector | XLRE: BEARISH
2026-06-24 23:19:50 | INFO     | scanner                   | Sector | XLC: BEARISH
2026-06-24 23:19:50 | WARNING  | scanner                   | Sector check: XLK not found in indicator results
2026-06-24 23:19:50 | WARNING  | scanner                   | Sector check: XLF not found in indicator results
2026-06-24 23:19:50 | WARNING  | scanner                   | Sector check: XLE not found in indicator results
2026-06-24 23:19:50 | WARNING  | scanner                   | Sector check: XLV not found in indicator results
2026-06-24 23:19:50 | WARNING  | scanner                   | Sector check: XLI not found in indicator results
2026-06-24 23:19:50 | WARNING  | scanner                   | Sector check: XLY not found in indicator results
2026-06-24 23:19:50 | WARNING  | scanner                   | Sector check: XLP not found in indicator results
2026-06-24 23:19:50 | WARNING  | scanner                   | Sector check: XLU not found in indicator results
2026-06-24 23:19:50 | WARNING  | scanner                   | Sector check: XLB not found in indicator results
2026-06-24 23:19:50 | WARNING  | scanner                   | Sector check: XLRE not found in indicator results
2026-06-24 23:19:50 | WARNING  | scanner                   | Sector check: XLC not found in indicator results
2026-06-24 23:19:50 | INFO     | scanner                   | Sector | XLK: BULLISH
2026-06-24 23:19:50 | INFO     | scanner                   | Sector | XLF: BULLISH
2026-06-24 23:19:50 | INFO     | scanner                   | Sector | XLE: BULLISH
2026-06-24 23:19:50 | INFO     | scanner                   | Sector | XLV: BULLISH
2026-06-24 23:19:50 | INFO     | scanner                   | Sector | XLI: BEARISH
2026-06-24 23:19:50 | INFO     | scanner                   | Sector | XLY: BEARISH
2026-06-24 23:19:50 | INFO     | scanner                   | Sector | XLP: BULLISH
2026-06-24 23:19:50 | INFO     | scanner                   | Sector | XLU: BEARISH
2026-06-24 23:19:50 | INFO     | scanner                   | Sector | XLB: BEARISH
2026-06-24 23:19:50 | INFO     | scanner                   | Sector | XLRE: BEARISH
2026-06-24 23:19:50 | INFO     | scanner                   | Sector | XLC: BEARISH
2026-06-24 23:19:50 | WARNING  | scanner                   | Sector check: XLK not found in indicator results
2026-06-24 23:19:50 | WARNING  | scanner                   | Sector check: XLF not found in indicator results
2026-06-24 23:19:50 | WARNING  | scanner                   | Sector check: XLE not found in indicator results
2026-06-24 23:19:50 | WARNING  | scanner                   | Sector check: XLV not found in indicator results
2026-06-24 23:19:50 | WARNING  | scanner                   | Sector check: XLI not found in indicator results
2026-06-24 23:19:50 | WARNING  | scanner                   | Sector check: XLY not found in indicator results
2026-06-24 23:19:50 | WARNING  | scanner                   | Sector check: XLP not found in indicator results
2026-06-24 23:19:50 | WARNING  | scanner                   | Sector check: XLU not found in indicator results
2026-06-24 23:19:50 | WARNING  | scanner                   | Sector check: XLB not found in indicator results
2026-06-24 23:19:50 | WARNING  | scanner                   | Sector check: XLRE not found in indicator results
2026-06-24 23:19:50 | WARNING  | scanner                   | Sector check: XLC not found in indicator results
2026-06-24 23:19:50 | INFO     | scanner                   | Sector | XLK: BULLISH
2026-06-24 23:19:50 | INFO     | scanner                   | Sector | XLF: BULLISH
2026-06-24 23:19:50 | INFO     | scanner                   | Sector | XLE: BULLISH
2026-06-24 23:19:50 | INFO     | scanner                   | Sector | XLV: BULLISH
2026-06-24 23:19:50 | INFO     | scanner                   | Sector | XLI: BEARISH
2026-06-24 23:19:50 | INFO     | scanner                   | Sector | XLY: BEARISH
2026-06-24 23:19:50 | INFO     | scanner                   | Sector | XLP: BULLISH
2026-06-24 23:19:50 | INFO     | scanner                   | Sector | XLU: BEARISH
2026-06-24 23:19:50 | INFO     | scanner                   | Sector | XLB: BEARISH
2026-06-24 23:19:50 | INFO     | scanner                   | Sector | XLRE: BEARISH
2026-06-24 23:19:50 | INFO     | scanner                   | Sector | XLC: BEARISH
2026-06-24 23:19:50 | WARNING  | scanner                   | Sector check: XLK not found in indicator results
2026-06-24 23:19:50 | WARNING  | scanner                   | Sector check: XLF not found in indicator results
2026-06-24 23:19:50 | WARNING  | scanner                   | Sector check: XLE not found in indicator results
2026-06-24 23:19:50 | WARNING  | scanner                   | Sector check: XLV not found in indicator results
2026-06-24 23:19:50 | WARNING  | scanner                   | Sector check: XLI not found in indicator results
2026-06-24 23:19:50 | WARNING  | scanner                   | Sector check: XLY not found in indicator results
2026-06-24 23:19:50 | WARNING  | scanner                   | Sector check: XLP not found in indicator results
2026-06-24 23:19:50 | WARNING  | scanner                   | Sector check: XLU not found in indicator results
2026-06-24 23:19:50 | WARNING  | scanner                   | Sector check: XLB not found in indicator results
2026-06-24 23:19:50 | WARNING  | scanner                   | Sector check: XLRE not found in indicator results
2026-06-24 23:19:50 | WARNING  | scanner                   | Sector check: XLC not found in indicator results
2026-06-24 23:19:50 | INFO     | scanner                   | Sector | XLK: BULLISH
2026-06-24 23:19:50 | INFO     | scanner                   | Sector | XLF: BULLISH
2026-06-24 23:19:50 | INFO     | scanner                   | Sector | XLE: BULLISH
2026-06-24 23:19:50 | INFO     | scanner                   | Sector | XLV: BULLISH
2026-06-24 23:19:50 | INFO     | scanner                   | Sector | XLI: BEARISH
2026-06-24 23:19:50 | INFO     | scanner                   | Sector | XLY: BEARISH
2026-06-24 23:19:50 | INFO     | scanner                   | Sector | XLP: BULLISH
2026-06-24 23:19:50 | INFO     | scanner                   | Sector | XLU: BEARISH
2026-06-24 23:19:50 | INFO     | scanner                   | Sector | XLB: BEARISH
2026-06-24 23:19:50 | INFO     | scanner                   | Sector | XLRE: BEARISH
2026-06-24 23:19:50 | INFO     | scanner                   | Sector | XLC: BEARISH
2026-06-24 23:19:50 | WARNING  | scanner                   | Sector check: XLK not found in indicator results
2026-06-24 23:19:50 | WARNING  | scanner                   | Sector check: XLF not found in indicator results
2026-06-24 23:19:50 | WARNING  | scanner                   | Sector check: XLE not found in indicator results
2026-06-24 23:19:50 | WARNING  | scanner                   | Sector check: XLV not found in indicator results
2026-06-24 23:19:50 | WARNING  | scanner                   | Sector check: XLI not found in indicator results
2026-06-24 23:19:50 | WARNING  | scanner                   | Sector check: XLY not found in indicator results
2026-06-24 23:19:50 | WARNING  | scanner                   | Sector check: XLP not found in indicator results
2026-06-24 23:19:50 | WARNING  | scanner                   | Sector check: XLU not found in indicator results
2026-06-24 23:19:50 | WARNING  | scanner                   | Sector check: XLB not found in indicator results
2026-06-24 23:19:50 | WARNING  | scanner                   | Sector check: XLRE not found in indicator results
2026-06-24 23:19:50 | WARNING  | scanner                   | Sector check: XLC not found in indicator results
2026-06-24 23:19:50 | INFO     | scanner                   | Sector | XLK: BULLISH
2026-06-24 23:19:50 | INFO     | scanner                   | Sector | XLF: BULLISH
2026-06-24 23:19:50 | INFO     | scanner                   | Sector | XLE: BULLISH
2026-06-24 23:19:50 | INFO     | scanner                   | Sector | XLV: BULLISH
2026-06-24 23:19:50 | INFO     | scanner                   | Sector | XLI: BEARISH
2026-06-24 23:19:50 | INFO     | scanner                   | Sector | XLY: BEARISH
2026-06-24 23:19:50 | INFO     | scanner                   | Sector | XLP: BULLISH
2026-06-24 23:19:50 | INFO     | scanner                   | Sector | XLU: BEARISH
2026-06-24 23:19:50 | INFO     | scanner                   | Sector | XLB: BEARISH
2026-06-24 23:19:50 | INFO     | scanner                   | Sector | XLRE: BEARISH
2026-06-24 23:19:50 | INFO     | scanner                   | Sector | XLC: BEARISH
2026-06-24 23:19:50 | WARNING  | scanner                   | Sector check: XLK not found in indicator results
2026-06-24 23:19:50 | WARNING  | scanner                   | Sector check: XLF not found in indicator results
2026-06-24 23:19:50 | WARNING  | scanner                   | Sector check: XLE not found in indicator results
2026-06-24 23:19:50 | WARNING  | scanner                   | Sector check: XLV not found in indicator results
2026-06-24 23:19:50 | WARNING  | scanner                   | Sector check: XLI not found in indicator results
2026-06-24 23:19:50 | WARNING  | scanner                   | Sector check: XLY not found in indicator results
2026-06-24 23:19:50 | WARNING  | scanner                   | Sector check: XLP not found in indicator results
2026-06-24 23:19:50 | WARNING  | scanner                   | Sector check: XLU not found in indicator results
2026-06-24 23:19:50 | WARNING  | scanner                   | Sector check: XLB not found in indicator results
2026-06-24 23:19:50 | WARNING  | scanner                   | Sector check: XLRE not found in indicator results
2026-06-24 23:19:50 | WARNING  | scanner                   | Sector check: XLC not found in indicator results
2026-06-24 23:19:50 | INFO     | scanner                   | Sector | XLK: BULLISH
2026-06-24 23:19:50 | INFO     | scanner                   | Sector | XLF: BULLISH
2026-06-24 23:19:50 | INFO     | scanner                   | Sector | XLE: BULLISH
2026-06-24 23:19:50 | INFO     | scanner                   | Sector | XLV: BULLISH
2026-06-24 23:19:50 | INFO     | scanner                   | Sector | XLI: BEARISH
2026-06-24 23:19:50 | INFO     | scanner                   | Sector | XLY: BEARISH
2026-06-24 23:19:50 | INFO     | scanner                   | Sector | XLP: BULLISH
2026-06-24 23:19:50 | INFO     | scanner                   | Sector | XLU: BEARISH
2026-06-24 23:19:50 | INFO     | scanner                   | Sector | XLB: BEARISH
2026-06-24 23:19:50 | INFO     | scanner                   | Sector | XLRE: BEARISH
2026-06-24 23:19:50 | INFO     | scanner                   | Sector | XLC: BEARISH
2026-06-24 23:19:50 | WARNING  | scanner                   | Sector check: XLK not found in indicator results
2026-06-24 23:19:50 | WARNING  | scanner                   | Sector check: XLF not found in indicator results
2026-06-24 23:19:50 | WARNING  | scanner                   | Sector check: XLE not found in indicator results
2026-06-24 23:19:50 | WARNING  | scanner                   | Sector check: XLV not found in indicator results
2026-06-24 23:19:50 | WARNING  | scanner                   | Sector check: XLI not found in indicator results
2026-06-24 23:19:50 | WARNING  | scanner                   | Sector check: XLY not found in indicator results
2026-06-24 23:19:50 | WARNING  | scanner                   | Sector check: XLP not found in indicator results
2026-06-24 23:19:50 | WARNING  | scanner                   | Sector check: XLU not found in indicator results
2026-06-24 23:19:50 | WARNING  | scanner                   | Sector check: XLB not found in indicator results
2026-06-24 23:19:50 | WARNING  | scanner                   | Sector check: XLRE not found in indicator results
2026-06-24 23:19:50 | WARNING  | scanner                   | Sector check: XLC not found in indicator results
2026-06-24 23:19:50 | INFO     | scanner                   | Sector | XLK: BULLISH
2026-06-24 23:19:50 | INFO     | scanner                   | Sector | XLF: BULLISH
2026-06-24 23:19:50 | INFO     | scanner                   | Sector | XLE: BULLISH
2026-06-24 23:19:50 | INFO     | scanner                   | Sector | XLV: BULLISH
2026-06-24 23:19:50 | INFO     | scanner                   | Sector | XLI: BEARISH
2026-06-24 23:19:50 | INFO     | scanner                   | Sector | XLY: BEARISH
2026-06-24 23:19:50 | INFO     | scanner                   | Sector | XLP: BULLISH
2026-06-24 23:19:50 | INFO     | scanner                   | Sector | XLU: BEARISH
2026-06-24 23:19:50 | INFO     | scanner                   | Sector | XLB: BEARISH
2026-06-24 23:19:50 | INFO     | scanner                   | Sector | XLRE: BEARISH
2026-06-24 23:19:50 | INFO     | scanner                   | Sector | XLC: BEARISH
2026-06-24 23:19:50 | WARNING  | scanner                   | Sector check: XLK not found in indicator results
2026-06-24 23:19:50 | WARNING  | scanner                   | Sector check: XLF not found in indicator results
2026-06-24 23:19:50 | WARNING  | scanner                   | Sector check: XLE not found in indicator results
2026-06-24 23:19:50 | WARNING  | scanner                   | Sector check: XLV not found in indicator results
2026-06-24 23:19:50 | WARNING  | scanner                   | Sector check: XLI not found in indicator results
2026-06-24 23:19:50 | WARNING  | scanner                   | Sector check: XLY not found in indicator results
2026-06-24 23:19:50 | WARNING  | scanner                   | Sector check: XLP not found in indicator results
2026-06-24 23:19:50 | WARNING  | scanner                   | Sector check: XLU not found in indicator results
2026-06-24 23:19:50 | WARNING  | scanner                   | Sector check: XLB not found in indicator results
2026-06-24 23:19:50 | WARNING  | scanner                   | Sector check: XLRE not found in indicator results
2026-06-24 23:19:50 | WARNING  | scanner                   | Sector check: XLC not found in indicator results
2026-06-24 23:19:50 | INFO     | scanner                   | Sector | XLK: BULLISH
2026-06-24 23:19:50 | INFO     | scanner                   | Sector | XLF: BULLISH
2026-06-24 23:19:50 | INFO     | scanner                   | Sector | XLE: BULLISH
2026-06-24 23:19:50 | INFO     | scanner                   | Sector | XLV: BULLISH
2026-06-24 23:19:50 | INFO     | scanner                   | Sector | XLI: BEARISH
2026-06-24 23:19:50 | INFO     | scanner                   | Sector | XLY: BEARISH
2026-06-24 23:19:50 | INFO     | scanner                   | Sector | XLP: BULLISH
2026-06-24 23:19:50 | INFO     | scanner                   | Sector | XLU: BEARISH
2026-06-24 23:19:50 | INFO     | scanner                   | Sector | XLB: BEARISH
2026-06-24 23:19:50 | INFO     | scanner                   | Sector | XLRE: BULLISH
2026-06-24 23:19:50 | INFO     | scanner                   | Sector | XLC: BEARISH
2026-06-24 23:19:50 | WARNING  | scanner                   | Sector check: XLK not found in indicator results
2026-06-24 23:19:50 | WARNING  | scanner                   | Sector check: XLF not found in indicator results
2026-06-24 23:19:50 | WARNING  | scanner                   | Sector check: XLE not found in indicator results
2026-06-24 23:19:50 | WARNING  | scanner                   | Sector check: XLV not found in indicator results
2026-06-24 23:19:50 | WARNING  | scanner                   | Sector check: XLI not found in indicator results
2026-06-24 23:19:50 | WARNING  | scanner                   | Sector check: XLY not found in indicator results
2026-06-24 23:19:50 | WARNING  | scanner                   | Sector check: XLP not found in indicator results
2026-06-24 23:19:50 | WARNING  | scanner                   | Sector check: XLU not found in indicator results
2026-06-24 23:19:50 | WARNING  | scanner                   | Sector check: XLB not found in indicator results
2026-06-24 23:19:50 | WARNING  | scanner                   | Sector check: XLRE not found in indicator results
2026-06-24 23:19:50 | WARNING  | scanner                   | Sector check: XLC not found in indicator results
2026-06-24 23:19:50 | INFO     | scanner                   | Sector | XLK: BULLISH
2026-06-24 23:19:50 | INFO     | scanner                   | Sector | XLF: BULLISH
2026-06-24 23:19:50 | INFO     | scanner                   | Sector | XLE: BULLISH
2026-06-24 23:19:50 | INFO     | scanner                   | Sector | XLV: BULLISH
2026-06-24 23:19:50 | INFO     | scanner                   | Sector | XLI: BEARISH
2026-06-24 23:19:50 | INFO     | scanner                   | Sector | XLY: BEARISH
2026-06-24 23:19:50 | INFO     | scanner                   | Sector | XLP: BULLISH
2026-06-24 23:19:50 | INFO     | scanner                   | Sector | XLU: BEARISH
2026-06-24 23:19:50 | INFO     | scanner                   | Sector | XLB: BEARISH
2026-06-24 23:19:50 | INFO     | scanner                   | Sector | XLRE: BULLISH
2026-06-24 23:19:50 | INFO     | scanner                   | Sector | XLC: BEARISH
2026-06-24 23:19:50 | WARNING  | scanner                   | Sector check: XLK not found in indicator results
2026-06-24 23:19:50 | WARNING  | scanner                   | Sector check: XLF not found in indicator results
2026-06-24 23:19:50 | WARNING  | scanner                   | Sector check: XLE not found in indicator results
2026-06-24 23:19:50 | WARNING  | scanner                   | Sector check: XLV not found in indicator results
2026-06-24 23:19:50 | WARNING  | scanner                   | Sector check: XLI not found in indicator results
2026-06-24 23:19:50 | WARNING  | scanner                   | Sector check: XLY not found in indicator results
2026-06-24 23:19:50 | WARNING  | scanner                   | Sector check: XLP not found in indicator results
2026-06-24 23:19:50 | WARNING  | scanner                   | Sector check: XLU not found in indicator results
2026-06-24 23:19:50 | WARNING  | scanner                   | Sector check: XLB not found in indicator results
2026-06-24 23:19:50 | WARNING  | scanner                   | Sector check: XLRE not found in indicator results
2026-06-24 23:19:50 | WARNING  | scanner                   | Sector check: XLC not found in indicator results
2026-06-24 23:19:50 | INFO     | scanner                   | Sector | XLK: BULLISH
2026-06-24 23:19:50 | INFO     | scanner                   | Sector | XLF: BULLISH
2026-06-24 23:19:50 | INFO     | scanner                   | Sector | XLE: BULLISH
2026-06-24 23:19:50 | INFO     | scanner                   | Sector | XLV: BULLISH
2026-06-24 23:19:50 | INFO     | scanner                   | Sector | XLI: BEARISH
2026-06-24 23:19:50 | INFO     | scanner                   | Sector | XLY: BULLISH
2026-06-24 23:19:50 | INFO     | scanner                   | Sector | XLP: BULLISH
2026-06-24 23:19:50 | INFO     | scanner                   | Sector | XLU: BEARISH
2026-06-24 23:19:50 | INFO     | scanner                   | Sector | XLB: BEARISH
2026-06-24 23:19:50 | INFO     | scanner                   | Sector | XLRE: BULLISH
2026-06-24 23:19:50 | INFO     | scanner                   | Sector | XLC: BEARISH
2026-06-24 23:19:50 | WARNING  | scanner                   | Sector check: XLK not found in indicator results
2026-06-24 23:19:50 | WARNING  | scanner                   | Sector check: XLF not found in indicator results
2026-06-24 23:19:50 | WARNING  | scanner                   | Sector check: XLE not found in indicator results
2026-06-24 23:19:50 | WARNING  | scanner                   | Sector check: XLV not found in indicator results
2026-06-24 23:19:50 | WARNING  | scanner                   | Sector check: XLI not found in indicator results
2026-06-24 23:19:50 | WARNING  | scanner                   | Sector check: XLY not found in indicator results
2026-06-24 23:19:50 | WARNING  | scanner                   | Sector check: XLP not found in indicator results
2026-06-24 23:19:50 | WARNING  | scanner                   | Sector check: XLU not found in indicator results
2026-06-24 23:19:50 | WARNING  | scanner                   | Sector check: XLB not found in indicator results
2026-06-24 23:19:50 | WARNING  | scanner                   | Sector check: XLRE not found in indicator results
2026-06-24 23:19:50 | WARNING  | scanner                   | Sector check: XLC not found in indicator results
2026-06-24 23:19:50 | INFO     | scanner                   | Sector | XLK: BULLISH
2026-06-24 23:19:50 | INFO     | scanner                   | Sector | XLF: BULLISH
2026-06-24 23:19:50 | INFO     | scanner                   | Sector | XLE: BULLISH
2026-06-24 23:19:50 | INFO     | scanner                   | Sector | XLV: BULLISH
2026-06-24 23:19:50 | INFO     | scanner                   | Sector | XLI: BEARISH
2026-06-24 23:19:50 | INFO     | scanner                   | Sector | XLY: BULLISH
2026-06-24 23:19:50 | INFO     | scanner                   | Sector | XLP: BULLISH
2026-06-24 23:19:50 | INFO     | scanner                   | Sector | XLU: BEARISH
2026-06-24 23:19:50 | INFO     | scanner                   | Sector | XLB: BEARISH
2026-06-24 23:19:50 | INFO     | scanner                   | Sector | XLRE: BULLISH
2026-06-24 23:19:50 | INFO     | scanner                   | Sector | XLC: BEARISH
2026-06-24 23:19:50 | WARNING  | scanner                   | Sector check: XLK not found in indicator results
2026-06-24 23:19:50 | WARNING  | scanner                   | Sector check: XLF not found in indicator results
2026-06-24 23:19:50 | WARNING  | scanner                   | Sector check: XLE not found in indicator results
2026-06-24 23:19:50 | WARNING  | scanner                   | Sector check: XLV not found in indicator results
2026-06-24 23:19:50 | WARNING  | scanner                   | Sector check: XLI not found in indicator results
2026-06-24 23:19:50 | WARNING  | scanner                   | Sector check: XLY not found in indicator results
2026-06-24 23:19:50 | WARNING  | scanner                   | Sector check: XLP not found in indicator results
2026-06-24 23:19:50 | WARNING  | scanner                   | Sector check: XLU not found in indicator results
2026-06-24 23:19:50 | WARNING  | scanner                   | Sector check: XLB not found in indicator results
2026-06-24 23:19:50 | WARNING  | scanner                   | Sector check: XLRE not found in indicator results
2026-06-24 23:19:50 | WARNING  | scanner                   | Sector check: XLC not found in indicator results
2026-06-24 23:19:50 | INFO     | scanner                   | Sector | XLK: BULLISH
2026-06-24 23:19:50 | INFO     | scanner                   | Sector | XLF: BULLISH
2026-06-24 23:19:50 | INFO     | scanner                   | Sector | XLE: BULLISH
2026-06-24 23:19:50 | INFO     | scanner                   | Sector | XLV: BULLISH
2026-06-24 23:19:50 | INFO     | scanner                   | Sector | XLI: BEARISH
2026-06-24 23:19:50 | INFO     | scanner                   | Sector | XLY: BULLISH
2026-06-24 23:19:50 | INFO     | scanner                   | Sector | XLP: BULLISH
2026-06-24 23:19:50 | INFO     | scanner                   | Sector | XLU: BEARISH
2026-06-24 23:19:50 | INFO     | scanner                   | Sector | XLB: BEARISH
2026-06-24 23:19:50 | INFO     | scanner                   | Sector | XLRE: BULLISH
2026-06-24 23:19:50 | INFO     | scanner                   | Sector | XLC: BEARISH
2026-06-24 23:19:50 | WARNING  | scanner                   | Sector check: XLK not found in indicator results
2026-06-24 23:19:50 | WARNING  | scanner                   | Sector check: XLF not found in indicator results
2026-06-24 23:19:50 | WARNING  | scanner                   | Sector check: XLE not found in indicator results
2026-06-24 23:19:50 | WARNING  | scanner                   | Sector check: XLV not found in indicator results
2026-06-24 23:19:50 | WARNING  | scanner                   | Sector check: XLI not found in indicator results
2026-06-24 23:19:50 | WARNING  | scanner                   | Sector check: XLY not found in indicator results
2026-06-24 23:19:50 | WARNING  | scanner                   | Sector check: XLP not found in indicator results
2026-06-24 23:19:50 | WARNING  | scanner                   | Sector check: XLU not found in indicator results
2026-06-24 23:19:50 | WARNING  | scanner                   | Sector check: XLB not found in indicator results
2026-06-24 23:19:50 | WARNING  | scanner                   | Sector check: XLRE not found in indicator results
2026-06-24 23:19:50 | WARNING  | scanner                   | Sector check: XLC not found in indicator results
2026-06-24 23:19:50 | INFO     | scanner                   | Sector | XLK: BULLISH
2026-06-24 23:19:50 | INFO     | scanner                   | Sector | XLF: BULLISH
2026-06-24 23:19:50 | INFO     | scanner                   | Sector | XLE: BULLISH
2026-06-24 23:19:50 | INFO     | scanner                   | Sector | XLV: BULLISH
2026-06-24 23:19:50 | INFO     | scanner                   | Sector | XLI: BEARISH
2026-06-24 23:19:50 | INFO     | scanner                   | Sector | XLY: BULLISH
2026-06-24 23:19:50 | INFO     | scanner                   | Sector | XLP: BULLISH
2026-06-24 23:19:50 | INFO     | scanner                   | Sector | XLU: BEARISH
2026-06-24 23:19:50 | INFO     | scanner                   | Sector | XLB: BEARISH
2026-06-24 23:19:50 | INFO     | scanner                   | Sector | XLRE: BULLISH
2026-06-24 23:19:50 | INFO     | scanner                   | Sector | XLC: BEARISH
2026-06-24 23:19:50 | WARNING  | scanner                   | Sector check: XLK not found in indicator results
2026-06-24 23:19:50 | WARNING  | scanner                   | Sector check: XLF not found in indicator results
2026-06-24 23:19:50 | WARNING  | scanner                   | Sector check: XLE not found in indicator results
2026-06-24 23:19:50 | WARNING  | scanner                   | Sector check: XLV not found in indicator results
2026-06-24 23:19:50 | WARNING  | scanner                   | Sector check: XLI not found in indicator results
2026-06-24 23:19:50 | WARNING  | scanner                   | Sector check: XLY not found in indicator results
2026-06-24 23:19:50 | WARNING  | scanner                   | Sector check: XLP not found in indicator results
2026-06-24 23:19:50 | WARNING  | scanner                   | Sector check: XLU not found in indicator results
2026-06-24 23:19:50 | WARNING  | scanner                   | Sector check: XLB not found in indicator results
2026-06-24 23:19:50 | WARNING  | scanner                   | Sector check: XLRE not found in indicator results
2026-06-24 23:19:50 | WARNING  | scanner                   | Sector check: XLC not found in indicator results
2026-06-24 23:19:50 | INFO     | scanner                   | Sector | XLK: BULLISH
2026-06-24 23:19:50 | INFO     | scanner                   | Sector | XLF: BULLISH
2026-06-24 23:19:50 | INFO     | scanner                   | Sector | XLE: BULLISH
2026-06-24 23:19:50 | INFO     | scanner                   | Sector | XLV: BULLISH
2026-06-24 23:19:50 | INFO     | scanner                   | Sector | XLI: BEARISH
2026-06-24 23:19:50 | INFO     | scanner                   | Sector | XLY: BULLISH
2026-06-24 23:19:50 | INFO     | scanner                   | Sector | XLP: BULLISH
2026-06-24 23:19:50 | INFO     | scanner                   | Sector | XLU: BULLISH
2026-06-24 23:19:50 | INFO     | scanner                   | Sector | XLB: BEARISH
2026-06-24 23:19:50 | INFO     | scanner                   | Sector | XLRE: BULLISH
2026-06-24 23:19:50 | INFO     | scanner                   | Sector | XLC: BEARISH
2026-06-24 23:19:50 | WARNING  | scanner                   | Sector check: XLK not found in indicator results
2026-06-24 23:19:50 | WARNING  | scanner                   | Sector check: XLF not found in indicator results
2026-06-24 23:19:50 | WARNING  | scanner                   | Sector check: XLE not found in indicator results
2026-06-24 23:19:50 | WARNING  | scanner                   | Sector check: XLV not found in indicator results
2026-06-24 23:19:50 | WARNING  | scanner                   | Sector check: XLI not found in indicator results
2026-06-24 23:19:50 | WARNING  | scanner                   | Sector check: XLY not found in indicator results
2026-06-24 23:19:50 | WARNING  | scanner                   | Sector check: XLP not found in indicator results
2026-06-24 23:19:50 | WARNING  | scanner                   | Sector check: XLU not found in indicator results
2026-06-24 23:19:50 | WARNING  | scanner                   | Sector check: XLB not found in indicator results
2026-06-24 23:19:50 | WARNING  | scanner                   | Sector check: XLRE not found in indicator results
2026-06-24 23:19:50 | WARNING  | scanner                   | Sector check: XLC not found in indicator results
2026-06-24 23:19:50 | INFO     | scanner                   | Sector | XLK: BULLISH
2026-06-24 23:19:50 | INFO     | scanner                   | Sector | XLF: BULLISH
2026-06-24 23:19:50 | INFO     | scanner                   | Sector | XLE: BULLISH
2026-06-24 23:19:50 | INFO     | scanner                   | Sector | XLV: BULLISH
2026-06-24 23:19:50 | INFO     | scanner                   | Sector | XLI: BEARISH
2026-06-24 23:19:50 | INFO     | scanner                   | Sector | XLY: BULLISH
2026-06-24 23:19:50 | INFO     | scanner                   | Sector | XLP: BULLISH
2026-06-24 23:19:50 | INFO     | scanner                   | Sector | XLU: BULLISH
2026-06-24 23:19:50 | INFO     | scanner                   | Sector | XLB: BEARISH
2026-06-24 23:19:50 | INFO     | scanner                   | Sector | XLRE: BULLISH
2026-06-24 23:19:50 | INFO     | scanner                   | Sector | XLC: BEARISH
2026-06-24 23:19:50 | WARNING  | scanner                   | Sector check: XLK not found in indicator results
2026-06-24 23:19:50 | WARNING  | scanner                   | Sector check: XLF not found in indicator results
2026-06-24 23:19:50 | WARNING  | scanner                   | Sector check: XLE not found in indicator results
2026-06-24 23:19:50 | WARNING  | scanner                   | Sector check: XLV not found in indicator results
2026-06-24 23:19:50 | WARNING  | scanner                   | Sector check: XLI not found in indicator results
2026-06-24 23:19:50 | WARNING  | scanner                   | Sector check: XLY not found in indicator results
2026-06-24 23:19:50 | WARNING  | scanner                   | Sector check: XLP not found in indicator results
2026-06-24 23:19:50 | WARNING  | scanner                   | Sector check: XLU not found in indicator results
2026-06-24 23:19:50 | WARNING  | scanner                   | Sector check: XLB not found in indicator results
2026-06-24 23:19:50 | WARNING  | scanner                   | Sector check: XLRE not found in indicator results
2026-06-24 23:19:50 | WARNING  | scanner                   | Sector check: XLC not found in indicator results
2026-06-24 23:19:50 | INFO     | scanner                   | Sector | XLK: BULLISH
2026-06-24 23:19:50 | INFO     | scanner                   | Sector | XLF: BULLISH
2026-06-24 23:19:50 | INFO     | scanner                   | Sector | XLE: BULLISH
2026-06-24 23:19:50 | INFO     | scanner                   | Sector | XLV: BULLISH
2026-06-24 23:19:50 | INFO     | scanner                   | Sector | XLI: BEARISH
2026-06-24 23:19:50 | INFO     | scanner                   | Sector | XLY: BULLISH
2026-06-24 23:19:50 | INFO     | scanner                   | Sector | XLP: BULLISH
2026-06-24 23:19:50 | INFO     | scanner                   | Sector | XLU: BULLISH
2026-06-24 23:19:50 | INFO     | scanner                   | Sector | XLB: BEARISH
2026-06-24 23:19:50 | INFO     | scanner                   | Sector | XLRE: BULLISH
2026-06-24 23:19:50 | INFO     | scanner                   | Sector | XLC: BEARISH
2026-06-24 23:19:50 | WARNING  | scanner                   | Sector check: XLK not found in indicator results
2026-06-24 23:19:50 | WARNING  | scanner                   | Sector check: XLF not found in indicator results
2026-06-24 23:19:50 | WARNING  | scanner                   | Sector check: XLE not found in indicator results
2026-06-24 23:19:50 | WARNING  | scanner                   | Sector check: XLV not found in indicator results
2026-06-24 23:19:50 | WARNING  | scanner                   | Sector check: XLI not found in indicator results
2026-06-24 23:19:50 | WARNING  | scanner                   | Sector check: XLY not found in indicator results
2026-06-24 23:19:50 | WARNING  | scanner                   | Sector check: XLP not found in indicator results
2026-06-24 23:19:50 | WARNING  | scanner                   | Sector check: XLU not found in indicator results
2026-06-24 23:19:50 | WARNING  | scanner                   | Sector check: XLB not found in indicator results
2026-06-24 23:19:50 | WARNING  | scanner                   | Sector check: XLRE not found in indicator results
2026-06-24 23:19:50 | WARNING  | scanner                   | Sector check: XLC not found in indicator results
2026-06-24 23:19:50 | INFO     | scanner                   | Sector | XLK: BULLISH
2026-06-24 23:19:50 | INFO     | scanner                   | Sector | XLF: BULLISH
2026-06-24 23:19:50 | INFO     | scanner                   | Sector | XLE: BULLISH
2026-06-24 23:19:50 | INFO     | scanner                   | Sector | XLV: BULLISH
2026-06-24 23:19:50 | INFO     | scanner                   | Sector | XLI: BEARISH
2026-06-24 23:19:50 | INFO     | scanner                   | Sector | XLY: BULLISH
2026-06-24 23:19:50 | INFO     | scanner                   | Sector | XLP: BEARISH
2026-06-24 23:19:50 | INFO     | scanner                   | Sector | XLU: BULLISH
2026-06-24 23:19:50 | INFO     | scanner                   | Sector | XLB: BEARISH
2026-06-24 23:19:50 | INFO     | scanner                   | Sector | XLRE: BULLISH
2026-06-24 23:19:50 | INFO     | scanner                   | Sector | XLC: BEARISH
2026-06-24 23:19:50 | WARNING  | scanner                   | Sector check: XLK not found in indicator results
2026-06-24 23:19:50 | WARNING  | scanner                   | Sector check: XLF not found in indicator results
2026-06-24 23:19:50 | WARNING  | scanner                   | Sector check: XLE not found in indicator results
2026-06-24 23:19:50 | WARNING  | scanner                   | Sector check: XLV not found in indicator results
2026-06-24 23:19:50 | WARNING  | scanner                   | Sector check: XLI not found in indicator results
2026-06-24 23:19:50 | WARNING  | scanner                   | Sector check: XLY not found in indicator results
2026-06-24 23:19:50 | WARNING  | scanner                   | Sector check: XLP not found in indicator results
2026-06-24 23:19:50 | WARNING  | scanner                   | Sector check: XLU not found in indicator results
2026-06-24 23:19:50 | WARNING  | scanner                   | Sector check: XLB not found in indicator results
2026-06-24 23:19:50 | WARNING  | scanner                   | Sector check: XLRE not found in indicator results
2026-06-24 23:19:50 | WARNING  | scanner                   | Sector check: XLC not found in indicator results
2026-06-24 23:19:50 | INFO     | scanner                   | Sector | XLK: BULLISH
2026-06-24 23:19:50 | INFO     | scanner                   | Sector | XLF: BULLISH
2026-06-24 23:19:50 | INFO     | scanner                   | Sector | XLE: BULLISH
2026-06-24 23:19:50 | INFO     | scanner                   | Sector | XLV: BULLISH
2026-06-24 23:19:50 | INFO     | scanner                   | Sector | XLI: BEARISH
2026-06-24 23:19:50 | INFO     | scanner                   | Sector | XLY: BULLISH
2026-06-24 23:19:50 | INFO     | scanner                   | Sector | XLP: BEARISH
2026-06-24 23:19:50 | INFO     | scanner                   | Sector | XLU: BULLISH
2026-06-24 23:19:50 | INFO     | scanner                   | Sector | XLB: BEARISH
2026-06-24 23:19:50 | INFO     | scanner                   | Sector | XLRE: BULLISH
2026-06-24 23:19:50 | INFO     | scanner                   | Sector | XLC: BEARISH
2026-06-24 23:19:50 | WARNING  | scanner                   | Sector check: XLK not found in indicator results
2026-06-24 23:19:50 | WARNING  | scanner                   | Sector check: XLF not found in indicator results
2026-06-24 23:19:50 | WARNING  | scanner                   | Sector check: XLE not found in indicator results
2026-06-24 23:19:50 | WARNING  | scanner                   | Sector check: XLV not found in indicator results
2026-06-24 23:19:50 | WARNING  | scanner                   | Sector check: XLI not found in indicator results
2026-06-24 23:19:50 | WARNING  | scanner                   | Sector check: XLY not found in indicator results
2026-06-24 23:19:50 | WARNING  | scanner                   | Sector check: XLP not found in indicator results
2026-06-24 23:19:50 | WARNING  | scanner                   | Sector check: XLU not found in indicator results
2026-06-24 23:19:50 | WARNING  | scanner                   | Sector check: XLB not found in indicator results
2026-06-24 23:19:50 | WARNING  | scanner                   | Sector check: XLRE not found in indicator results
2026-06-24 23:19:50 | WARNING  | scanner                   | Sector check: XLC not found in indicator results
2026-06-24 23:19:50 | INFO     | scanner                   | Sector | XLK: BULLISH
2026-06-24 23:19:50 | INFO     | scanner                   | Sector | XLF: BULLISH
2026-06-24 23:19:50 | INFO     | scanner                   | Sector | XLE: BULLISH
2026-06-24 23:19:50 | INFO     | scanner                   | Sector | XLV: BULLISH
2026-06-24 23:19:50 | INFO     | scanner                   | Sector | XLI: BEARISH
2026-06-24 23:19:50 | INFO     | scanner                   | Sector | XLY: BULLISH
2026-06-24 23:19:50 | INFO     | scanner                   | Sector | XLP: BEARISH
2026-06-24 23:19:50 | INFO     | scanner                   | Sector | XLU: BEARISH
2026-06-24 23:19:50 | INFO     | scanner                   | Sector | XLB: BEARISH
2026-06-24 23:19:50 | INFO     | scanner                   | Sector | XLRE: BULLISH
2026-06-24 23:19:50 | INFO     | scanner                   | Sector | XLC: BEARISH
2026-06-24 23:19:50 | WARNING  | scanner                   | Sector check: XLK not found in indicator results
2026-06-24 23:19:50 | WARNING  | scanner                   | Sector check: XLF not found in indicator results
2026-06-24 23:19:50 | WARNING  | scanner                   | Sector check: XLE not found in indicator results
2026-06-24 23:19:50 | WARNING  | scanner                   | Sector check: XLV not found in indicator results
2026-06-24 23:19:50 | WARNING  | scanner                   | Sector check: XLI not found in indicator results
2026-06-24 23:19:50 | WARNING  | scanner                   | Sector check: XLY not found in indicator results
2026-06-24 23:19:50 | WARNING  | scanner                   | Sector check: XLP not found in indicator results
2026-06-24 23:19:50 | WARNING  | scanner                   | Sector check: XLU not found in indicator results
2026-06-24 23:19:50 | WARNING  | scanner                   | Sector check: XLB not found in indicator results
2026-06-24 23:19:50 | WARNING  | scanner                   | Sector check: XLRE not found in indicator results
2026-06-24 23:19:50 | WARNING  | scanner                   | Sector check: XLC not found in indicator results
2026-06-24 23:19:50 | INFO     | scanner                   | Sector | XLK: BULLISH
2026-06-24 23:19:50 | INFO     | scanner                   | Sector | XLF: BULLISH
2026-06-24 23:19:50 | INFO     | scanner                   | Sector | XLE: BULLISH
2026-06-24 23:19:50 | INFO     | scanner                   | Sector | XLV: BULLISH
2026-06-24 23:19:50 | INFO     | scanner                   | Sector | XLI: BEARISH
2026-06-24 23:19:50 | INFO     | scanner                   | Sector | XLY: BULLISH
2026-06-24 23:19:50 | INFO     | scanner                   | Sector | XLP: BEARISH
2026-06-24 23:19:50 | INFO     | scanner                   | Sector | XLU: BEARISH
2026-06-24 23:19:50 | INFO     | scanner                   | Sector | XLB: BEARISH
2026-06-24 23:19:50 | INFO     | scanner                   | Sector | XLRE: BULLISH
2026-06-24 23:19:50 | INFO     | scanner                   | Sector | XLC: BEARISH
2026-06-24 23:19:50 | WARNING  | scanner                   | Sector check: XLK not found in indicator results
2026-06-24 23:19:50 | WARNING  | scanner                   | Sector check: XLF not found in indicator results
2026-06-24 23:19:50 | WARNING  | scanner                   | Sector check: XLE not found in indicator results
2026-06-24 23:19:50 | WARNING  | scanner                   | Sector check: XLV not found in indicator results
2026-06-24 23:19:50 | WARNING  | scanner                   | Sector check: XLI not found in indicator results
2026-06-24 23:19:50 | WARNING  | scanner                   | Sector check: XLY not found in indicator results
2026-06-24 23:19:50 | WARNING  | scanner                   | Sector check: XLP not found in indicator results
2026-06-24 23:19:50 | WARNING  | scanner                   | Sector check: XLU not found in indicator results
2026-06-24 23:19:50 | WARNING  | scanner                   | Sector check: XLB not found in indicator results
2026-06-24 23:19:50 | WARNING  | scanner                   | Sector check: XLRE not found in indicator results
2026-06-24 23:19:50 | WARNING  | scanner                   | Sector check: XLC not found in indicator results
2026-06-24 23:19:50 | INFO     | scanner                   | Sector | XLK: BULLISH
2026-06-24 23:19:50 | INFO     | scanner                   | Sector | XLF: BULLISH
2026-06-24 23:19:50 | INFO     | scanner                   | Sector | XLE: BULLISH
2026-06-24 23:19:50 | INFO     | scanner                   | Sector | XLV: BULLISH
2026-06-24 23:19:50 | INFO     | scanner                   | Sector | XLI: BEARISH
2026-06-24 23:19:50 | INFO     | scanner                   | Sector | XLY: BULLISH
2026-06-24 23:19:50 | INFO     | scanner                   | Sector | XLP: BEARISH
2026-06-24 23:19:50 | INFO     | scanner                   | Sector | XLU: BEARISH
2026-06-24 23:19:50 | INFO     | scanner                   | Sector | XLB: BEARISH
2026-06-24 23:19:50 | INFO     | scanner                   | Sector | XLRE: BULLISH
2026-06-24 23:19:50 | INFO     | scanner                   | Sector | XLC: BEARISH
2026-06-24 23:19:50 | WARNING  | scanner                   | Sector check: XLK not found in indicator results
2026-06-24 23:19:50 | WARNING  | scanner                   | Sector check: XLF not found in indicator results
2026-06-24 23:19:50 | WARNING  | scanner                   | Sector check: XLE not found in indicator results
2026-06-24 23:19:50 | WARNING  | scanner                   | Sector check: XLV not found in indicator results
2026-06-24 23:19:50 | WARNING  | scanner                   | Sector check: XLI not found in indicator results
2026-06-24 23:19:50 | WARNING  | scanner                   | Sector check: XLY not found in indicator results
2026-06-24 23:19:50 | WARNING  | scanner                   | Sector check: XLP not found in indicator results
2026-06-24 23:19:50 | WARNING  | scanner                   | Sector check: XLU not found in indicator results
2026-06-24 23:19:50 | WARNING  | scanner                   | Sector check: XLB not found in indicator results
2026-06-24 23:19:50 | WARNING  | scanner                   | Sector check: XLRE not found in indicator results
2026-06-24 23:19:50 | WARNING  | scanner                   | Sector check: XLC not found in indicator results
2026-06-24 23:19:50 | INFO     | scanner                   | Sector | XLK: BULLISH
2026-06-24 23:19:50 | INFO     | scanner                   | Sector | XLF: BULLISH
2026-06-24 23:19:50 | INFO     | scanner                   | Sector | XLE: BULLISH
2026-06-24 23:19:50 | INFO     | scanner                   | Sector | XLV: BULLISH
2026-06-24 23:19:50 | INFO     | scanner                   | Sector | XLI: BEARISH
2026-06-24 23:19:50 | INFO     | scanner                   | Sector | XLY: BULLISH
2026-06-24 23:19:50 | INFO     | scanner                   | Sector | XLP: BEARISH
2026-06-24 23:19:50 | INFO     | scanner                   | Sector | XLU: BEARISH
2026-06-24 23:19:50 | INFO     | scanner                   | Sector | XLB: BEARISH
2026-06-24 23:19:50 | INFO     | scanner                   | Sector | XLRE: BULLISH
2026-06-24 23:19:50 | INFO     | scanner                   | Sector | XLC: BEARISH
2026-06-24 23:19:50 | WARNING  | scanner                   | Sector check: XLK not found in indicator results
2026-06-24 23:19:50 | WARNING  | scanner                   | Sector check: XLF not found in indicator results
2026-06-24 23:19:50 | WARNING  | scanner                   | Sector check: XLE not found in indicator results
2026-06-24 23:19:50 | WARNING  | scanner                   | Sector check: XLV not found in indicator results
2026-06-24 23:19:50 | WARNING  | scanner                   | Sector check: XLI not found in indicator results
2026-06-24 23:19:50 | WARNING  | scanner                   | Sector check: XLY not found in indicator results
2026-06-24 23:19:50 | WARNING  | scanner                   | Sector check: XLP not found in indicator results
2026-06-24 23:19:50 | WARNING  | scanner                   | Sector check: XLU not found in indicator results
2026-06-24 23:19:50 | WARNING  | scanner                   | Sector check: XLB not found in indicator results
2026-06-24 23:19:50 | WARNING  | scanner                   | Sector check: XLRE not found in indicator results
2026-06-24 23:19:50 | WARNING  | scanner                   | Sector check: XLC not found in indicator results
2026-06-24 23:19:50 | INFO     | scanner                   | Sector | XLK: BULLISH
2026-06-24 23:19:50 | INFO     | scanner                   | Sector | XLF: BULLISH
2026-06-24 23:19:50 | INFO     | scanner                   | Sector | XLE: BEARISH
2026-06-24 23:19:50 | INFO     | scanner                   | Sector | XLV: BULLISH
2026-06-24 23:19:50 | INFO     | scanner                   | Sector | XLI: BEARISH
2026-06-24 23:19:50 | INFO     | scanner                   | Sector | XLY: BULLISH
2026-06-24 23:19:50 | INFO     | scanner                   | Sector | XLP: BEARISH
2026-06-24 23:19:50 | INFO     | scanner                   | Sector | XLU: BEARISH
2026-06-24 23:19:50 | INFO     | scanner                   | Sector | XLB: BEARISH
2026-06-24 23:19:50 | INFO     | scanner                   | Sector | XLRE: BULLISH
2026-06-24 23:19:50 | INFO     | scanner                   | Sector | XLC: BEARISH
2026-06-24 23:19:50 | WARNING  | scanner                   | Sector check: XLK not found in indicator results
2026-06-24 23:19:50 | WARNING  | scanner                   | Sector check: XLF not found in indicator results
2026-06-24 23:19:50 | WARNING  | scanner                   | Sector check: XLE not found in indicator results
2026-06-24 23:19:50 | WARNING  | scanner                   | Sector check: XLV not found in indicator results
2026-06-24 23:19:50 | WARNING  | scanner                   | Sector check: XLI not found in indicator results
2026-06-24 23:19:50 | WARNING  | scanner                   | Sector check: XLY not found in indicator results
2026-06-24 23:19:50 | WARNING  | scanner                   | Sector check: XLP not found in indicator results
2026-06-24 23:19:50 | WARNING  | scanner                   | Sector check: XLU not found in indicator results
2026-06-24 23:19:50 | WARNING  | scanner                   | Sector check: XLB not found in indicator results
2026-06-24 23:19:50 | WARNING  | scanner                   | Sector check: XLRE not found in indicator results
2026-06-24 23:19:50 | WARNING  | scanner                   | Sector check: XLC not found in indicator results
2026-06-24 23:19:50 | INFO     | scanner                   | Sector | XLK: BULLISH
2026-06-24 23:19:50 | INFO     | scanner                   | Sector | XLF: BULLISH
2026-06-24 23:19:50 | INFO     | scanner                   | Sector | XLE: BEARISH
2026-06-24 23:19:50 | INFO     | scanner                   | Sector | XLV: BULLISH
2026-06-24 23:19:50 | INFO     | scanner                   | Sector | XLI: BEARISH
2026-06-24 23:19:50 | INFO     | scanner                   | Sector | XLY: BULLISH
2026-06-24 23:19:50 | INFO     | scanner                   | Sector | XLP: BEARISH
2026-06-24 23:19:50 | INFO     | scanner                   | Sector | XLU: BEARISH
2026-06-24 23:19:50 | INFO     | scanner                   | Sector | XLB: BEARISH
2026-06-24 23:19:50 | INFO     | scanner                   | Sector | XLRE: BULLISH
2026-06-24 23:19:50 | INFO     | scanner                   | Sector | XLC: BEARISH
2026-06-24 23:19:50 | WARNING  | scanner                   | Sector check: XLK not found in indicator results
2026-06-24 23:19:50 | WARNING  | scanner                   | Sector check: XLF not found in indicator results
2026-06-24 23:19:50 | WARNING  | scanner                   | Sector check: XLE not found in indicator results
2026-06-24 23:19:50 | WARNING  | scanner                   | Sector check: XLV not found in indicator results
2026-06-24 23:19:50 | WARNING  | scanner                   | Sector check: XLI not found in indicator results
2026-06-24 23:19:50 | WARNING  | scanner                   | Sector check: XLY not found in indicator results
2026-06-24 23:19:50 | WARNING  | scanner                   | Sector check: XLP not found in indicator results
2026-06-24 23:19:50 | WARNING  | scanner                   | Sector check: XLU not found in indicator results
2026-06-24 23:19:50 | WARNING  | scanner                   | Sector check: XLB not found in indicator results
2026-06-24 23:19:50 | WARNING  | scanner                   | Sector check: XLRE not found in indicator results
2026-06-24 23:19:50 | WARNING  | scanner                   | Sector check: XLC not found in indicator results
2026-06-24 23:19:50 | INFO     | scanner                   | Sector | XLK: BULLISH
2026-06-24 23:19:50 | INFO     | scanner                   | Sector | XLF: BULLISH
2026-06-24 23:19:50 | INFO     | scanner                   | Sector | XLE: BEARISH
2026-06-24 23:19:50 | INFO     | scanner                   | Sector | XLV: BULLISH
2026-06-24 23:19:50 | INFO     | scanner                   | Sector | XLI: BEARISH
2026-06-24 23:19:50 | INFO     | scanner                   | Sector | XLY: BULLISH
2026-06-24 23:19:50 | INFO     | scanner                   | Sector | XLP: BEARISH
2026-06-24 23:19:50 | INFO     | scanner                   | Sector | XLU: BEARISH
2026-06-24 23:19:50 | INFO     | scanner                   | Sector | XLB: BEARISH
2026-06-24 23:19:50 | INFO     | scanner                   | Sector | XLRE: BEARISH
2026-06-24 23:19:50 | INFO     | scanner                   | Sector | XLC: BEARISH
2026-06-24 23:19:50 | WARNING  | scanner                   | Sector check: XLK not found in indicator results
2026-06-24 23:19:50 | WARNING  | scanner                   | Sector check: XLF not found in indicator results
2026-06-24 23:19:50 | WARNING  | scanner                   | Sector check: XLE not found in indicator results
2026-06-24 23:19:50 | WARNING  | scanner                   | Sector check: XLV not found in indicator results
2026-06-24 23:19:50 | WARNING  | scanner                   | Sector check: XLI not found in indicator results
2026-06-24 23:19:50 | WARNING  | scanner                   | Sector check: XLY not found in indicator results
2026-06-24 23:19:50 | WARNING  | scanner                   | Sector check: XLP not found in indicator results
2026-06-24 23:19:50 | WARNING  | scanner                   | Sector check: XLU not found in indicator results
2026-06-24 23:19:50 | WARNING  | scanner                   | Sector check: XLB not found in indicator results
2026-06-24 23:19:50 | WARNING  | scanner                   | Sector check: XLRE not found in indicator results
2026-06-24 23:19:50 | WARNING  | scanner                   | Sector check: XLC not found in indicator results
2026-06-24 23:19:50 | INFO     | scanner                   | Sector | XLK: BULLISH
2026-06-24 23:19:50 | INFO     | scanner                   | Sector | XLF: BULLISH
2026-06-24 23:19:50 | INFO     | scanner                   | Sector | XLE: BEARISH
2026-06-24 23:19:50 | INFO     | scanner                   | Sector | XLV: BULLISH
2026-06-24 23:19:50 | INFO     | scanner                   | Sector | XLI: BEARISH
2026-06-24 23:19:50 | INFO     | scanner                   | Sector | XLY: BULLISH
2026-06-24 23:19:50 | INFO     | scanner                   | Sector | XLP: BEARISH
2026-06-24 23:19:50 | INFO     | scanner                   | Sector | XLU: BEARISH
2026-06-24 23:19:50 | INFO     | scanner                   | Sector | XLB: BEARISH
2026-06-24 23:19:50 | INFO     | scanner                   | Sector | XLRE: BEARISH
2026-06-24 23:19:50 | INFO     | scanner                   | Sector | XLC: BEARISH
2026-06-24 23:19:50 | WARNING  | scanner                   | Sector check: XLK not found in indicator results
2026-06-24 23:19:50 | WARNING  | scanner                   | Sector check: XLF not found in indicator results
2026-06-24 23:19:50 | WARNING  | scanner                   | Sector check: XLE not found in indicator results
2026-06-24 23:19:50 | WARNING  | scanner                   | Sector check: XLV not found in indicator results
2026-06-24 23:19:50 | WARNING  | scanner                   | Sector check: XLI not found in indicator results
2026-06-24 23:19:50 | WARNING  | scanner                   | Sector check: XLY not found in indicator results
2026-06-24 23:19:50 | WARNING  | scanner                   | Sector check: XLP not found in indicator results
2026-06-24 23:19:50 | WARNING  | scanner                   | Sector check: XLU not found in indicator results
2026-06-24 23:19:50 | WARNING  | scanner                   | Sector check: XLB not found in indicator results
2026-06-24 23:19:50 | WARNING  | scanner                   | Sector check: XLRE not found in indicator results
2026-06-24 23:19:50 | WARNING  | scanner                   | Sector check: XLC not found in indicator results
2026-06-24 23:19:50 | INFO     | scanner                   | Sector | XLK: BULLISH
2026-06-24 23:19:50 | INFO     | scanner                   | Sector | XLF: BULLISH
2026-06-24 23:19:50 | INFO     | scanner                   | Sector | XLE: BEARISH
2026-06-24 23:19:50 | INFO     | scanner                   | Sector | XLV: BULLISH
2026-06-24 23:19:50 | INFO     | scanner                   | Sector | XLI: BULLISH
2026-06-24 23:19:50 | INFO     | scanner                   | Sector | XLY: BULLISH
2026-06-24 23:19:50 | INFO     | scanner                   | Sector | XLP: BEARISH
2026-06-24 23:19:50 | INFO     | scanner                   | Sector | XLU: BEARISH
2026-06-24 23:19:50 | INFO     | scanner                   | Sector | XLB: BEARISH
2026-06-24 23:19:50 | INFO     | scanner                   | Sector | XLRE: BEARISH
2026-06-24 23:19:50 | INFO     | scanner                   | Sector | XLC: BEARISH
2026-06-24 23:19:50 | WARNING  | scanner                   | Sector check: XLK not found in indicator results
2026-06-24 23:19:50 | WARNING  | scanner                   | Sector check: XLF not found in indicator results
2026-06-24 23:19:50 | WARNING  | scanner                   | Sector check: XLE not found in indicator results
2026-06-24 23:19:50 | WARNING  | scanner                   | Sector check: XLV not found in indicator results
2026-06-24 23:19:50 | WARNING  | scanner                   | Sector check: XLI not found in indicator results
2026-06-24 23:19:50 | WARNING  | scanner                   | Sector check: XLY not found in indicator results
2026-06-24 23:19:50 | WARNING  | scanner                   | Sector check: XLP not found in indicator results
2026-06-24 23:19:50 | WARNING  | scanner                   | Sector check: XLU not found in indicator results
2026-06-24 23:19:50 | WARNING  | scanner                   | Sector check: XLB not found in indicator results
2026-06-24 23:19:50 | WARNING  | scanner                   | Sector check: XLRE not found in indicator results
2026-06-24 23:19:50 | WARNING  | scanner                   | Sector check: XLC not found in indicator results
2026-06-24 23:19:50 | INFO     | scanner                   | Sector | XLK: BULLISH
2026-06-24 23:19:50 | INFO     | scanner                   | Sector | XLF: BULLISH
2026-06-24 23:19:50 | INFO     | scanner                   | Sector | XLE: BEARISH
2026-06-24 23:19:50 | INFO     | scanner                   | Sector | XLV: BULLISH
2026-06-24 23:19:50 | INFO     | scanner                   | Sector | XLI: BULLISH
2026-06-24 23:19:50 | INFO     | scanner                   | Sector | XLY: BULLISH
2026-06-24 23:19:50 | INFO     | scanner                   | Sector | XLP: BEARISH
2026-06-24 23:19:50 | INFO     | scanner                   | Sector | XLU: BEARISH
2026-06-24 23:19:50 | INFO     | scanner                   | Sector | XLB: BEARISH
2026-06-24 23:19:50 | INFO     | scanner                   | Sector | XLRE: BEARISH
2026-06-24 23:19:50 | INFO     | scanner                   | Sector | XLC: BEARISH
2026-06-24 23:19:50 | WARNING  | scanner                   | Sector check: XLK not found in indicator results
2026-06-24 23:19:50 | WARNING  | scanner                   | Sector check: XLF not found in indicator results
2026-06-24 23:19:50 | WARNING  | scanner                   | Sector check: XLE not found in indicator results
2026-06-24 23:19:50 | WARNING  | scanner                   | Sector check: XLV not found in indicator results
2026-06-24 23:19:50 | WARNING  | scanner                   | Sector check: XLI not found in indicator results
2026-06-24 23:19:50 | WARNING  | scanner                   | Sector check: XLY not found in indicator results
2026-06-24 23:19:50 | WARNING  | scanner                   | Sector check: XLP not found in indicator results
2026-06-24 23:19:50 | WARNING  | scanner                   | Sector check: XLU not found in indicator results
2026-06-24 23:19:50 | WARNING  | scanner                   | Sector check: XLB not found in indicator results
2026-06-24 23:19:50 | WARNING  | scanner                   | Sector check: XLRE not found in indicator results
2026-06-24 23:19:50 | WARNING  | scanner                   | Sector check: XLC not found in indicator results
2026-06-24 23:19:50 | INFO     | scanner                   | Sector | XLK: BULLISH
2026-06-24 23:19:50 | INFO     | scanner                   | Sector | XLF: BULLISH
2026-06-24 23:19:50 | INFO     | scanner                   | Sector | XLE: BEARISH
2026-06-24 23:19:50 | INFO     | scanner                   | Sector | XLV: BULLISH
2026-06-24 23:19:50 | INFO     | scanner                   | Sector | XLI: BULLISH
2026-06-24 23:19:50 | INFO     | scanner                   | Sector | XLY: BULLISH
2026-06-24 23:19:50 | INFO     | scanner                   | Sector | XLP: BEARISH
2026-06-24 23:19:50 | INFO     | scanner                   | Sector | XLU: BEARISH
2026-06-24 23:19:50 | INFO     | scanner                   | Sector | XLB: BEARISH
2026-06-24 23:19:50 | INFO     | scanner                   | Sector | XLRE: BEARISH
2026-06-24 23:19:50 | INFO     | scanner                   | Sector | XLC: BEARISH
2026-06-24 23:19:50 | WARNING  | scanner                   | Sector check: XLK not found in indicator results
2026-06-24 23:19:50 | WARNING  | scanner                   | Sector check: XLF not found in indicator results
2026-06-24 23:19:50 | WARNING  | scanner                   | Sector check: XLE not found in indicator results
2026-06-24 23:19:50 | WARNING  | scanner                   | Sector check: XLV not found in indicator results
2026-06-24 23:19:50 | WARNING  | scanner                   | Sector check: XLI not found in indicator results
2026-06-24 23:19:50 | WARNING  | scanner                   | Sector check: XLY not found in indicator results
2026-06-24 23:19:50 | WARNING  | scanner                   | Sector check: XLP not found in indicator results
2026-06-24 23:19:50 | WARNING  | scanner                   | Sector check: XLU not found in indicator results
2026-06-24 23:19:50 | WARNING  | scanner                   | Sector check: XLB not found in indicator results
2026-06-24 23:19:50 | WARNING  | scanner                   | Sector check: XLRE not found in indicator results
2026-06-24 23:19:50 | WARNING  | scanner                   | Sector check: XLC not found in indicator results
2026-06-24 23:19:50 | INFO     | scanner                   | Sector | XLK: BULLISH
2026-06-24 23:19:50 | INFO     | scanner                   | Sector | XLF: BULLISH
2026-06-24 23:19:50 | INFO     | scanner                   | Sector | XLE: BEARISH
2026-06-24 23:19:50 | INFO     | scanner                   | Sector | XLV: BULLISH
2026-06-24 23:19:50 | INFO     | scanner                   | Sector | XLI: BULLISH
2026-06-24 23:19:50 | INFO     | scanner                   | Sector | XLY: BULLISH
2026-06-24 23:19:50 | INFO     | scanner                   | Sector | XLP: BEARISH
2026-06-24 23:19:50 | INFO     | scanner                   | Sector | XLU: BEARISH
2026-06-24 23:19:50 | INFO     | scanner                   | Sector | XLB: BEARISH
2026-06-24 23:19:50 | INFO     | scanner                   | Sector | XLRE: BEARISH
2026-06-24 23:19:50 | INFO     | scanner                   | Sector | XLC: BEARISH
2026-06-24 23:19:50 | WARNING  | scanner                   | Sector check: XLK not found in indicator results
2026-06-24 23:19:50 | WARNING  | scanner                   | Sector check: XLF not found in indicator results
2026-06-24 23:19:50 | WARNING  | scanner                   | Sector check: XLE not found in indicator results
2026-06-24 23:19:50 | WARNING  | scanner                   | Sector check: XLV not found in indicator results
2026-06-24 23:19:50 | WARNING  | scanner                   | Sector check: XLI not found in indicator results
2026-06-24 23:19:50 | WARNING  | scanner                   | Sector check: XLY not found in indicator results
2026-06-24 23:19:50 | WARNING  | scanner                   | Sector check: XLP not found in indicator results
2026-06-24 23:19:50 | WARNING  | scanner                   | Sector check: XLU not found in indicator results
2026-06-24 23:19:50 | WARNING  | scanner                   | Sector check: XLB not found in indicator results
2026-06-24 23:19:50 | WARNING  | scanner                   | Sector check: XLRE not found in indicator results
2026-06-24 23:19:50 | WARNING  | scanner                   | Sector check: XLC not found in indicator results
2026-06-24 23:19:50 | INFO     | scanner                   | Sector | XLK: BULLISH
2026-06-24 23:19:50 | INFO     | scanner                   | Sector | XLF: BULLISH
2026-06-24 23:19:50 | INFO     | scanner                   | Sector | XLE: BEARISH
2026-06-24 23:19:50 | INFO     | scanner                   | Sector | XLV: BULLISH
2026-06-24 23:19:50 | INFO     | scanner                   | Sector | XLI: BULLISH
2026-06-24 23:19:50 | INFO     | scanner                   | Sector | XLY: BULLISH
2026-06-24 23:19:50 | INFO     | scanner                   | Sector | XLP: BEARISH
2026-06-24 23:19:50 | INFO     | scanner                   | Sector | XLU: BEARISH
2026-06-24 23:19:50 | INFO     | scanner                   | Sector | XLB: BEARISH
2026-06-24 23:19:50 | INFO     | scanner                   | Sector | XLRE: BEARISH
2026-06-24 23:19:50 | INFO     | scanner                   | Sector | XLC: BEARISH
2026-06-24 23:19:50 | WARNING  | scanner                   | Sector check: XLK not found in indicator results
2026-06-24 23:19:50 | WARNING  | scanner                   | Sector check: XLF not found in indicator results
2026-06-24 23:19:50 | WARNING  | scanner                   | Sector check: XLE not found in indicator results
2026-06-24 23:19:50 | WARNING  | scanner                   | Sector check: XLV not found in indicator results
2026-06-24 23:19:50 | WARNING  | scanner                   | Sector check: XLI not found in indicator results
2026-06-24 23:19:50 | WARNING  | scanner                   | Sector check: XLY not found in indicator results
2026-06-24 23:19:50 | WARNING  | scanner                   | Sector check: XLP not found in indicator results
2026-06-24 23:19:50 | WARNING  | scanner                   | Sector check: XLU not found in indicator results
2026-06-24 23:19:50 | WARNING  | scanner                   | Sector check: XLB not found in indicator results
2026-06-24 23:19:50 | WARNING  | scanner                   | Sector check: XLRE not found in indicator results
2026-06-24 23:19:50 | WARNING  | scanner                   | Sector check: XLC not found in indicator results
2026-06-24 23:19:50 | INFO     | scanner                   | Sector | XLK: BULLISH
2026-06-24 23:19:50 | INFO     | scanner                   | Sector | XLF: BULLISH
2026-06-24 23:19:50 | INFO     | scanner                   | Sector | XLE: BEARISH
2026-06-24 23:19:50 | INFO     | scanner                   | Sector | XLV: BULLISH
2026-06-24 23:19:50 | INFO     | scanner                   | Sector | XLI: BULLISH
2026-06-24 23:19:50 | INFO     | scanner                   | Sector | XLY: BULLISH
2026-06-24 23:19:50 | INFO     | scanner                   | Sector | XLP: BEARISH
2026-06-24 23:19:50 | INFO     | scanner                   | Sector | XLU: BEARISH
2026-06-24 23:19:50 | INFO     | scanner                   | Sector | XLB: BEARISH
2026-06-24 23:19:50 | INFO     | scanner                   | Sector | XLRE: BEARISH
2026-06-24 23:19:50 | INFO     | scanner                   | Sector | XLC: BEARISH
2026-06-24 23:19:50 | WARNING  | scanner                   | Sector check: XLK not found in indicator results
2026-06-24 23:19:50 | WARNING  | scanner                   | Sector check: XLF not found in indicator results
2026-06-24 23:19:50 | WARNING  | scanner                   | Sector check: XLE not found in indicator results
2026-06-24 23:19:50 | WARNING  | scanner                   | Sector check: XLV not found in indicator results
2026-06-24 23:19:50 | WARNING  | scanner                   | Sector check: XLI not found in indicator results
2026-06-24 23:19:50 | WARNING  | scanner                   | Sector check: XLY not found in indicator results
2026-06-24 23:19:50 | WARNING  | scanner                   | Sector check: XLP not found in indicator results
2026-06-24 23:19:50 | WARNING  | scanner                   | Sector check: XLU not found in indicator results
2026-06-24 23:19:50 | WARNING  | scanner                   | Sector check: XLB not found in indicator results
2026-06-24 23:19:50 | WARNING  | scanner                   | Sector check: XLRE not found in indicator results
2026-06-24 23:19:50 | WARNING  | scanner                   | Sector check: XLC not found in indicator results
2026-06-24 23:19:50 | INFO     | scanner                   | Sector | XLK: BULLISH
2026-06-24 23:19:50 | INFO     | scanner                   | Sector | XLF: BULLISH
2026-06-24 23:19:50 | INFO     | scanner                   | Sector | XLE: BEARISH
2026-06-24 23:19:50 | INFO     | scanner                   | Sector | XLV: BULLISH
2026-06-24 23:19:50 | INFO     | scanner                   | Sector | XLI: BULLISH
2026-06-24 23:19:50 | INFO     | scanner                   | Sector | XLY: BULLISH
2026-06-24 23:19:50 | INFO     | scanner                   | Sector | XLP: BEARISH
2026-06-24 23:19:50 | INFO     | scanner                   | Sector | XLU: BEARISH
2026-06-24 23:19:50 | INFO     | scanner                   | Sector | XLB: BEARISH
2026-06-24 23:19:50 | INFO     | scanner                   | Sector | XLRE: BEARISH
2026-06-24 23:19:50 | INFO     | scanner                   | Sector | XLC: BEARISH
2026-06-24 23:19:50 | WARNING  | scanner                   | Sector check: XLK not found in indicator results
2026-06-24 23:19:50 | WARNING  | scanner                   | Sector check: XLF not found in indicator results
2026-06-24 23:19:50 | WARNING  | scanner                   | Sector check: XLE not found in indicator results
2026-06-24 23:19:50 | WARNING  | scanner                   | Sector check: XLV not found in indicator results
2026-06-24 23:19:50 | WARNING  | scanner                   | Sector check: XLI not found in indicator results
2026-06-24 23:19:50 | WARNING  | scanner                   | Sector check: XLY not found in indicator results
2026-06-24 23:19:50 | WARNING  | scanner                   | Sector check: XLP not found in indicator results
2026-06-24 23:19:50 | WARNING  | scanner                   | Sector check: XLU not found in indicator results
2026-06-24 23:19:50 | WARNING  | scanner                   | Sector check: XLB not found in indicator results
2026-06-24 23:19:50 | WARNING  | scanner                   | Sector check: XLRE not found in indicator results
2026-06-24 23:19:50 | WARNING  | scanner                   | Sector check: XLC not found in indicator results
2026-06-24 23:19:50 | INFO     | scanner                   | Sector | XLK: BULLISH
2026-06-24 23:19:50 | INFO     | scanner                   | Sector | XLF: BULLISH
2026-06-24 23:19:50 | INFO     | scanner                   | Sector | XLE: BEARISH
2026-06-24 23:19:50 | INFO     | scanner                   | Sector | XLV: BULLISH
2026-06-24 23:19:50 | INFO     | scanner                   | Sector | XLI: BULLISH
2026-06-24 23:19:50 | INFO     | scanner                   | Sector | XLY: BULLISH
2026-06-24 23:19:50 | INFO     | scanner                   | Sector | XLP: BEARISH
2026-06-24 23:19:50 | INFO     | scanner                   | Sector | XLU: BEARISH
2026-06-24 23:19:50 | INFO     | scanner                   | Sector | XLB: BULLISH
2026-06-24 23:19:50 | INFO     | scanner                   | Sector | XLRE: BEARISH
2026-06-24 23:19:50 | INFO     | scanner                   | Sector | XLC: BEARISH
2026-06-24 23:19:50 | WARNING  | scanner                   | Sector check: XLK not found in indicator results
2026-06-24 23:19:50 | WARNING  | scanner                   | Sector check: XLF not found in indicator results
2026-06-24 23:19:50 | WARNING  | scanner                   | Sector check: XLE not found in indicator results
2026-06-24 23:19:50 | WARNING  | scanner                   | Sector check: XLV not found in indicator results
2026-06-24 23:19:50 | WARNING  | scanner                   | Sector check: XLI not found in indicator results
2026-06-24 23:19:50 | WARNING  | scanner                   | Sector check: XLY not found in indicator results
2026-06-24 23:19:50 | WARNING  | scanner                   | Sector check: XLP not found in indicator results
2026-06-24 23:19:50 | WARNING  | scanner                   | Sector check: XLU not found in indicator results
2026-06-24 23:19:50 | WARNING  | scanner                   | Sector check: XLB not found in indicator results
2026-06-24 23:19:50 | WARNING  | scanner                   | Sector check: XLRE not found in indicator results
2026-06-24 23:19:50 | WARNING  | scanner                   | Sector check: XLC not found in indicator results
2026-06-24 23:19:50 | INFO     | scanner                   | Sector | XLK: BULLISH
2026-06-24 23:19:50 | INFO     | scanner                   | Sector | XLF: BULLISH
2026-06-24 23:19:50 | INFO     | scanner                   | Sector | XLE: BEARISH
2026-06-24 23:19:50 | INFO     | scanner                   | Sector | XLV: BULLISH
2026-06-24 23:19:50 | INFO     | scanner                   | Sector | XLI: BULLISH
2026-06-24 23:19:50 | INFO     | scanner                   | Sector | XLY: BULLISH
2026-06-24 23:19:50 | INFO     | scanner                   | Sector | XLP: BEARISH
2026-06-24 23:19:50 | INFO     | scanner                   | Sector | XLU: BEARISH
2026-06-24 23:19:50 | INFO     | scanner                   | Sector | XLB: BULLISH
2026-06-24 23:19:50 | INFO     | scanner                   | Sector | XLRE: BEARISH
2026-06-24 23:19:50 | INFO     | scanner                   | Sector | XLC: BEARISH
2026-06-24 23:19:50 | WARNING  | scanner                   | Sector check: XLK not found in indicator results
2026-06-24 23:19:50 | WARNING  | scanner                   | Sector check: XLF not found in indicator results
2026-06-24 23:19:50 | WARNING  | scanner                   | Sector check: XLE not found in indicator results
2026-06-24 23:19:50 | WARNING  | scanner                   | Sector check: XLV not found in indicator results
2026-06-24 23:19:50 | WARNING  | scanner                   | Sector check: XLI not found in indicator results
2026-06-24 23:19:50 | WARNING  | scanner                   | Sector check: XLY not found in indicator results
2026-06-24 23:19:50 | WARNING  | scanner                   | Sector check: XLP not found in indicator results
2026-06-24 23:19:50 | WARNING  | scanner                   | Sector check: XLU not found in indicator results
2026-06-24 23:19:50 | WARNING  | scanner                   | Sector check: XLB not found in indicator results
2026-06-24 23:19:50 | WARNING  | scanner                   | Sector check: XLRE not found in indicator results
2026-06-24 23:19:51 | WARNING  | scanner                   | Sector check: XLC not found in indicator results
2026-06-24 23:19:51 | INFO     | scanner                   | Sector | XLK: BULLISH
2026-06-24 23:19:51 | INFO     | scanner                   | Sector | XLF: BEARISH
2026-06-24 23:19:51 | INFO     | scanner                   | Sector | XLE: BEARISH
2026-06-24 23:19:51 | INFO     | scanner                   | Sector | XLV: BULLISH
2026-06-24 23:19:51 | INFO     | scanner                   | Sector | XLI: BULLISH
2026-06-24 23:19:51 | INFO     | scanner                   | Sector | XLY: BULLISH
2026-06-24 23:19:51 | INFO     | scanner                   | Sector | XLP: BEARISH
2026-06-24 23:19:51 | INFO     | scanner                   | Sector | XLU: BEARISH
2026-06-24 23:19:51 | INFO     | scanner                   | Sector | XLB: BULLISH
2026-06-24 23:19:51 | INFO     | scanner                   | Sector | XLRE: BEARISH
2026-06-24 23:19:51 | INFO     | scanner                   | Sector | XLC: BEARISH
2026-06-24 23:19:51 | WARNING  | scanner                   | Sector check: XLK not found in indicator results
2026-06-24 23:19:51 | WARNING  | scanner                   | Sector check: XLF not found in indicator results
2026-06-24 23:19:51 | WARNING  | scanner                   | Sector check: XLE not found in indicator results
2026-06-24 23:19:51 | WARNING  | scanner                   | Sector check: XLV not found in indicator results
2026-06-24 23:19:51 | WARNING  | scanner                   | Sector check: XLI not found in indicator results
2026-06-24 23:19:51 | WARNING  | scanner                   | Sector check: XLY not found in indicator results
2026-06-24 23:19:51 | WARNING  | scanner                   | Sector check: XLP not found in indicator results
2026-06-24 23:19:51 | WARNING  | scanner                   | Sector check: XLU not found in indicator results
2026-06-24 23:19:51 | WARNING  | scanner                   | Sector check: XLB not found in indicator results
2026-06-24 23:19:51 | WARNING  | scanner                   | Sector check: XLRE not found in indicator results
2026-06-24 23:19:51 | WARNING  | scanner                   | Sector check: XLC not found in indicator results
2026-06-24 23:19:51 | INFO     | scanner                   | Sector | XLK: BULLISH
2026-06-24 23:19:51 | INFO     | scanner                   | Sector | XLF: BEARISH
2026-06-24 23:19:51 | INFO     | scanner                   | Sector | XLE: BEARISH
2026-06-24 23:19:51 | INFO     | scanner                   | Sector | XLV: BULLISH
2026-06-24 23:19:51 | INFO     | scanner                   | Sector | XLI: BULLISH
2026-06-24 23:19:51 | INFO     | scanner                   | Sector | XLY: BULLISH
2026-06-24 23:19:51 | INFO     | scanner                   | Sector | XLP: BEARISH
2026-06-24 23:19:51 | INFO     | scanner                   | Sector | XLU: BEARISH
2026-06-24 23:19:51 | INFO     | scanner                   | Sector | XLB: BULLISH
2026-06-24 23:19:51 | INFO     | scanner                   | Sector | XLRE: BEARISH
2026-06-24 23:19:51 | INFO     | scanner                   | Sector | XLC: BEARISH
2026-06-24 23:19:51 | WARNING  | scanner                   | Sector check: XLK not found in indicator results
2026-06-24 23:19:51 | WARNING  | scanner                   | Sector check: XLF not found in indicator results
2026-06-24 23:19:51 | WARNING  | scanner                   | Sector check: XLE not found in indicator results
2026-06-24 23:19:51 | WARNING  | scanner                   | Sector check: XLV not found in indicator results
2026-06-24 23:19:51 | WARNING  | scanner                   | Sector check: XLI not found in indicator results
2026-06-24 23:19:51 | WARNING  | scanner                   | Sector check: XLY not found in indicator results
2026-06-24 23:19:51 | WARNING  | scanner                   | Sector check: XLP not found in indicator results
2026-06-24 23:19:51 | WARNING  | scanner                   | Sector check: XLU not found in indicator results
2026-06-24 23:19:51 | WARNING  | scanner                   | Sector check: XLB not found in indicator results
2026-06-24 23:19:51 | WARNING  | scanner                   | Sector check: XLRE not found in indicator results
2026-06-24 23:19:51 | WARNING  | scanner                   | Sector check: XLC not found in indicator results
2026-06-24 23:19:51 | INFO     | scanner                   | Sector | XLK: BULLISH
2026-06-24 23:19:51 | INFO     | scanner                   | Sector | XLF: BEARISH
2026-06-24 23:19:51 | INFO     | scanner                   | Sector | XLE: BEARISH
2026-06-24 23:19:51 | INFO     | scanner                   | Sector | XLV: BULLISH
2026-06-24 23:19:51 | INFO     | scanner                   | Sector | XLI: BULLISH
2026-06-24 23:19:51 | INFO     | scanner                   | Sector | XLY: BULLISH
2026-06-24 23:19:51 | INFO     | scanner                   | Sector | XLP: BEARISH
2026-06-24 23:19:51 | INFO     | scanner                   | Sector | XLU: BEARISH
2026-06-24 23:19:51 | INFO     | scanner                   | Sector | XLB: BULLISH
2026-06-24 23:19:51 | INFO     | scanner                   | Sector | XLRE: BEARISH
2026-06-24 23:19:51 | INFO     | scanner                   | Sector | XLC: BEARISH
2026-06-24 23:19:51 | WARNING  | scanner                   | Sector check: XLK not found in indicator results
2026-06-24 23:19:51 | WARNING  | scanner                   | Sector check: XLF not found in indicator results
2026-06-24 23:19:51 | WARNING  | scanner                   | Sector check: XLE not found in indicator results
2026-06-24 23:19:51 | WARNING  | scanner                   | Sector check: XLV not found in indicator results
2026-06-24 23:19:51 | WARNING  | scanner                   | Sector check: XLI not found in indicator results
2026-06-24 23:19:51 | WARNING  | scanner                   | Sector check: XLY not found in indicator results
2026-06-24 23:19:51 | WARNING  | scanner                   | Sector check: XLP not found in indicator results
2026-06-24 23:19:51 | WARNING  | scanner                   | Sector check: XLU not found in indicator results
2026-06-24 23:19:51 | WARNING  | scanner                   | Sector check: XLB not found in indicator results
2026-06-24 23:19:51 | WARNING  | scanner                   | Sector check: XLRE not found in indicator results
2026-06-24 23:19:51 | WARNING  | scanner                   | Sector check: XLC not found in indicator results
2026-06-24 23:19:51 | INFO     | scanner                   | Sector | XLK: BULLISH
2026-06-24 23:19:51 | INFO     | scanner                   | Sector | XLF: BULLISH
2026-06-24 23:19:51 | INFO     | scanner                   | Sector | XLE: BEARISH
2026-06-24 23:19:51 | INFO     | scanner                   | Sector | XLV: BULLISH
2026-06-24 23:19:51 | INFO     | scanner                   | Sector | XLI: BULLISH
2026-06-24 23:19:51 | INFO     | scanner                   | Sector | XLY: BULLISH
2026-06-24 23:19:51 | INFO     | scanner                   | Sector | XLP: BEARISH
2026-06-24 23:19:51 | INFO     | scanner                   | Sector | XLU: BEARISH
2026-06-24 23:19:51 | INFO     | scanner                   | Sector | XLB: BULLISH
2026-06-24 23:19:51 | INFO     | scanner                   | Sector | XLRE: BEARISH
2026-06-24 23:19:51 | INFO     | scanner                   | Sector | XLC: BEARISH
2026-06-24 23:19:51 | WARNING  | scanner                   | Sector check: XLK not found in indicator results
2026-06-24 23:19:51 | WARNING  | scanner                   | Sector check: XLF not found in indicator results
2026-06-24 23:19:51 | WARNING  | scanner                   | Sector check: XLE not found in indicator results
2026-06-24 23:19:51 | WARNING  | scanner                   | Sector check: XLV not found in indicator results
2026-06-24 23:19:51 | WARNING  | scanner                   | Sector check: XLI not found in indicator results
2026-06-24 23:19:51 | WARNING  | scanner                   | Sector check: XLY not found in indicator results
2026-06-24 23:19:51 | WARNING  | scanner                   | Sector check: XLP not found in indicator results
2026-06-24 23:19:51 | WARNING  | scanner                   | Sector check: XLU not found in indicator results
2026-06-24 23:19:51 | WARNING  | scanner                   | Sector check: XLB not found in indicator results
2026-06-24 23:19:51 | WARNING  | scanner                   | Sector check: XLRE not found in indicator results
2026-06-24 23:19:51 | WARNING  | scanner                   | Sector check: XLC not found in indicator results
2026-06-24 23:19:51 | INFO     | scanner                   | Sector | XLK: BULLISH
2026-06-24 23:19:51 | INFO     | scanner                   | Sector | XLF: BULLISH
2026-06-24 23:19:51 | INFO     | scanner                   | Sector | XLE: BEARISH
2026-06-24 23:19:51 | INFO     | scanner                   | Sector | XLV: BULLISH
2026-06-24 23:19:51 | INFO     | scanner                   | Sector | XLI: BULLISH
2026-06-24 23:19:51 | INFO     | scanner                   | Sector | XLY: BULLISH
2026-06-24 23:19:51 | INFO     | scanner                   | Sector | XLP: BEARISH
2026-06-24 23:19:51 | INFO     | scanner                   | Sector | XLU: BEARISH
2026-06-24 23:19:51 | INFO     | scanner                   | Sector | XLB: BULLISH
2026-06-24 23:19:51 | INFO     | scanner                   | Sector | XLRE: BEARISH
2026-06-24 23:19:51 | INFO     | scanner                   | Sector | XLC: BEARISH
2026-06-24 23:19:51 | WARNING  | scanner                   | Sector check: XLK not found in indicator results
2026-06-24 23:19:51 | WARNING  | scanner                   | Sector check: XLF not found in indicator results
2026-06-24 23:19:51 | WARNING  | scanner                   | Sector check: XLE not found in indicator results
2026-06-24 23:19:51 | WARNING  | scanner                   | Sector check: XLV not found in indicator results
2026-06-24 23:19:51 | WARNING  | scanner                   | Sector check: XLI not found in indicator results
2026-06-24 23:19:51 | WARNING  | scanner                   | Sector check: XLY not found in indicator results
2026-06-24 23:19:51 | WARNING  | scanner                   | Sector check: XLP not found in indicator results
2026-06-24 23:19:51 | WARNING  | scanner                   | Sector check: XLU not found in indicator results
2026-06-24 23:19:51 | WARNING  | scanner                   | Sector check: XLB not found in indicator results
2026-06-24 23:19:51 | WARNING  | scanner                   | Sector check: XLRE not found in indicator results
2026-06-24 23:19:51 | WARNING  | scanner                   | Sector check: XLC not found in indicator results
2026-06-24 23:19:51 | INFO     | scanner                   | Sector | XLK: BULLISH
2026-06-24 23:19:51 | INFO     | scanner                   | Sector | XLF: BULLISH
2026-06-24 23:19:51 | INFO     | scanner                   | Sector | XLE: BEARISH
2026-06-24 23:19:51 | INFO     | scanner                   | Sector | XLV: BULLISH
2026-06-24 23:19:51 | INFO     | scanner                   | Sector | XLI: BULLISH
2026-06-24 23:19:51 | INFO     | scanner                   | Sector | XLY: BULLISH
2026-06-24 23:19:51 | INFO     | scanner                   | Sector | XLP: BEARISH
2026-06-24 23:19:51 | INFO     | scanner                   | Sector | XLU: BEARISH
2026-06-24 23:19:51 | INFO     | scanner                   | Sector | XLB: BULLISH
2026-06-24 23:19:51 | INFO     | scanner                   | Sector | XLRE: BEARISH
2026-06-24 23:19:51 | INFO     | scanner                   | Sector | XLC: BEARISH
2026-06-24 23:19:51 | WARNING  | scanner                   | Sector check: XLK not found in indicator results
2026-06-24 23:19:51 | WARNING  | scanner                   | Sector check: XLF not found in indicator results
2026-06-24 23:19:51 | WARNING  | scanner                   | Sector check: XLE not found in indicator results
2026-06-24 23:19:51 | WARNING  | scanner                   | Sector check: XLV not found in indicator results
2026-06-24 23:19:51 | WARNING  | scanner                   | Sector check: XLI not found in indicator results
2026-06-24 23:19:51 | WARNING  | scanner                   | Sector check: XLY not found in indicator results
2026-06-24 23:19:51 | WARNING  | scanner                   | Sector check: XLP not found in indicator results
2026-06-24 23:19:51 | WARNING  | scanner                   | Sector check: XLU not found in indicator results
2026-06-24 23:19:51 | WARNING  | scanner                   | Sector check: XLB not found in indicator results
2026-06-24 23:19:51 | WARNING  | scanner                   | Sector check: XLRE not found in indicator results
2026-06-24 23:19:51 | WARNING  | scanner                   | Sector check: XLC not found in indicator results
2026-06-24 23:19:51 | INFO     | scanner                   | Sector | XLK: BULLISH
2026-06-24 23:19:51 | INFO     | scanner                   | Sector | XLF: BULLISH
2026-06-24 23:19:51 | INFO     | scanner                   | Sector | XLE: BEARISH
2026-06-24 23:19:51 | INFO     | scanner                   | Sector | XLV: BULLISH
2026-06-24 23:19:51 | INFO     | scanner                   | Sector | XLI: BULLISH
2026-06-24 23:19:51 | INFO     | scanner                   | Sector | XLY: BULLISH
2026-06-24 23:19:51 | INFO     | scanner                   | Sector | XLP: BEARISH
2026-06-24 23:19:51 | INFO     | scanner                   | Sector | XLU: BEARISH
2026-06-24 23:19:51 | INFO     | scanner                   | Sector | XLB: BULLISH
2026-06-24 23:19:51 | INFO     | scanner                   | Sector | XLRE: BEARISH
2026-06-24 23:19:51 | INFO     | scanner                   | Sector | XLC: BEARISH
2026-06-24 23:19:51 | WARNING  | scanner                   | Sector check: XLK not found in indicator results
2026-06-24 23:19:51 | WARNING  | scanner                   | Sector check: XLF not found in indicator results
2026-06-24 23:19:51 | WARNING  | scanner                   | Sector check: XLE not found in indicator results
2026-06-24 23:19:51 | WARNING  | scanner                   | Sector check: XLV not found in indicator results
2026-06-24 23:19:51 | WARNING  | scanner                   | Sector check: XLI not found in indicator results
2026-06-24 23:19:51 | WARNING  | scanner                   | Sector check: XLY not found in indicator results
2026-06-24 23:19:51 | WARNING  | scanner                   | Sector check: XLP not found in indicator results
2026-06-24 23:19:51 | WARNING  | scanner                   | Sector check: XLU not found in indicator results
2026-06-24 23:19:51 | WARNING  | scanner                   | Sector check: XLB not found in indicator results
2026-06-24 23:19:51 | WARNING  | scanner                   | Sector check: XLRE not found in indicator results
2026-06-24 23:19:51 | WARNING  | scanner                   | Sector check: XLC not found in indicator results
2026-06-24 23:19:51 | INFO     | scanner                   | Sector | XLK: BULLISH
2026-06-24 23:19:51 | INFO     | scanner                   | Sector | XLF: BULLISH
2026-06-24 23:19:51 | INFO     | scanner                   | Sector | XLE: BEARISH
2026-06-24 23:19:51 | INFO     | scanner                   | Sector | XLV: BULLISH
2026-06-24 23:19:51 | INFO     | scanner                   | Sector | XLI: BULLISH
2026-06-24 23:19:51 | INFO     | scanner                   | Sector | XLY: BULLISH
2026-06-24 23:19:51 | INFO     | scanner                   | Sector | XLP: BEARISH
2026-06-24 23:19:51 | INFO     | scanner                   | Sector | XLU: BEARISH
2026-06-24 23:19:51 | INFO     | scanner                   | Sector | XLB: BULLISH
2026-06-24 23:19:51 | INFO     | scanner                   | Sector | XLRE: BEARISH
2026-06-24 23:19:51 | INFO     | scanner                   | Sector | XLC: BEARISH
2026-06-24 23:19:51 | WARNING  | scanner                   | Sector check: XLK not found in indicator results
2026-06-24 23:19:51 | WARNING  | scanner                   | Sector check: XLF not found in indicator results
2026-06-24 23:19:51 | WARNING  | scanner                   | Sector check: XLE not found in indicator results
2026-06-24 23:19:51 | WARNING  | scanner                   | Sector check: XLV not found in indicator results
2026-06-24 23:19:51 | WARNING  | scanner                   | Sector check: XLI not found in indicator results
2026-06-24 23:19:51 | WARNING  | scanner                   | Sector check: XLY not found in indicator results
2026-06-24 23:19:51 | WARNING  | scanner                   | Sector check: XLP not found in indicator results
2026-06-24 23:19:51 | WARNING  | scanner                   | Sector check: XLU not found in indicator results
2026-06-24 23:19:51 | WARNING  | scanner                   | Sector check: XLB not found in indicator results
2026-06-24 23:19:51 | WARNING  | scanner                   | Sector check: XLRE not found in indicator results
2026-06-24 23:19:51 | WARNING  | scanner                   | Sector check: XLC not found in indicator results
2026-06-24 23:19:51 | INFO     | scanner                   | Sector | XLK: BULLISH
2026-06-24 23:19:51 | INFO     | scanner                   | Sector | XLF: BULLISH
2026-06-24 23:19:51 | INFO     | scanner                   | Sector | XLE: BEARISH
2026-06-24 23:19:51 | INFO     | scanner                   | Sector | XLV: BULLISH
2026-06-24 23:19:51 | INFO     | scanner                   | Sector | XLI: BULLISH
2026-06-24 23:19:51 | INFO     | scanner                   | Sector | XLY: BULLISH
2026-06-24 23:19:51 | INFO     | scanner                   | Sector | XLP: BEARISH
2026-06-24 23:19:51 | INFO     | scanner                   | Sector | XLU: BEARISH
2026-06-24 23:19:51 | INFO     | scanner                   | Sector | XLB: BULLISH
2026-06-24 23:19:51 | INFO     | scanner                   | Sector | XLRE: BEARISH
2026-06-24 23:19:51 | INFO     | scanner                   | Sector | XLC: BEARISH
2026-06-24 23:19:51 | WARNING  | scanner                   | Sector check: XLK not found in indicator results
2026-06-24 23:19:51 | WARNING  | scanner                   | Sector check: XLF not found in indicator results
2026-06-24 23:19:51 | WARNING  | scanner                   | Sector check: XLE not found in indicator results
2026-06-24 23:19:51 | WARNING  | scanner                   | Sector check: XLV not found in indicator results
2026-06-24 23:19:51 | WARNING  | scanner                   | Sector check: XLI not found in indicator results
2026-06-24 23:19:51 | WARNING  | scanner                   | Sector check: XLY not found in indicator results
2026-06-24 23:19:51 | WARNING  | scanner                   | Sector check: XLP not found in indicator results
2026-06-24 23:19:51 | WARNING  | scanner                   | Sector check: XLU not found in indicator results
2026-06-24 23:19:51 | WARNING  | scanner                   | Sector check: XLB not found in indicator results
2026-06-24 23:19:51 | WARNING  | scanner                   | Sector check: XLRE not found in indicator results
2026-06-24 23:19:51 | WARNING  | scanner                   | Sector check: XLC not found in indicator results
2026-06-24 23:19:51 | INFO     | scanner                   | Sector | XLK: BULLISH
2026-06-24 23:19:51 | INFO     | scanner                   | Sector | XLF: BULLISH
2026-06-24 23:19:51 | INFO     | scanner                   | Sector | XLE: BEARISH
2026-06-24 23:19:51 | INFO     | scanner                   | Sector | XLV: BULLISH
2026-06-24 23:19:51 | INFO     | scanner                   | Sector | XLI: BULLISH
2026-06-24 23:19:51 | INFO     | scanner                   | Sector | XLY: BULLISH
2026-06-24 23:19:51 | INFO     | scanner                   | Sector | XLP: BEARISH
2026-06-24 23:19:51 | INFO     | scanner                   | Sector | XLU: BEARISH
2026-06-24 23:19:51 | INFO     | scanner                   | Sector | XLB: BULLISH
2026-06-24 23:19:51 | INFO     | scanner                   | Sector | XLRE: BULLISH
2026-06-24 23:19:51 | INFO     | scanner                   | Sector | XLC: BEARISH
2026-06-24 23:19:51 | WARNING  | scanner                   | Sector check: XLK not found in indicator results
2026-06-24 23:19:51 | WARNING  | scanner                   | Sector check: XLF not found in indicator results
2026-06-24 23:19:51 | WARNING  | scanner                   | Sector check: XLE not found in indicator results
2026-06-24 23:19:51 | WARNING  | scanner                   | Sector check: XLV not found in indicator results
2026-06-24 23:19:51 | WARNING  | scanner                   | Sector check: XLI not found in indicator results
2026-06-24 23:19:51 | WARNING  | scanner                   | Sector check: XLY not found in indicator results
2026-06-24 23:19:51 | WARNING  | scanner                   | Sector check: XLP not found in indicator results
2026-06-24 23:19:51 | WARNING  | scanner                   | Sector check: XLU not found in indicator results
2026-06-24 23:19:51 | WARNING  | scanner                   | Sector check: XLB not found in indicator results
2026-06-24 23:19:51 | WARNING  | scanner                   | Sector check: XLRE not found in indicator results
2026-06-24 23:19:51 | WARNING  | scanner                   | Sector check: XLC not found in indicator results
2026-06-24 23:19:51 | INFO     | scanner                   | Sector | XLK: BULLISH
2026-06-24 23:19:51 | INFO     | scanner                   | Sector | XLF: BULLISH
2026-06-24 23:19:51 | INFO     | scanner                   | Sector | XLE: BEARISH
2026-06-24 23:19:51 | INFO     | scanner                   | Sector | XLV: BULLISH
2026-06-24 23:19:51 | INFO     | scanner                   | Sector | XLI: BULLISH
2026-06-24 23:19:51 | INFO     | scanner                   | Sector | XLY: BULLISH
2026-06-24 23:19:51 | INFO     | scanner                   | Sector | XLP: BEARISH
2026-06-24 23:19:51 | INFO     | scanner                   | Sector | XLU: BEARISH
2026-06-24 23:19:51 | INFO     | scanner                   | Sector | XLB: BULLISH
2026-06-24 23:19:51 | INFO     | scanner                   | Sector | XLRE: BULLISH
2026-06-24 23:19:51 | INFO     | scanner                   | Sector | XLC: BEARISH
2026-06-24 23:19:51 | WARNING  | scanner                   | Sector check: XLK not found in indicator results
2026-06-24 23:19:51 | WARNING  | scanner                   | Sector check: XLF not found in indicator results
2026-06-24 23:19:51 | WARNING  | scanner                   | Sector check: XLE not found in indicator results
2026-06-24 23:19:51 | WARNING  | scanner                   | Sector check: XLV not found in indicator results
2026-06-24 23:19:51 | WARNING  | scanner                   | Sector check: XLI not found in indicator results
2026-06-24 23:19:51 | WARNING  | scanner                   | Sector check: XLY not found in indicator results
2026-06-24 23:19:51 | WARNING  | scanner                   | Sector check: XLP not found in indicator results
2026-06-24 23:19:51 | WARNING  | scanner                   | Sector check: XLU not found in indicator results
2026-06-24 23:19:51 | WARNING  | scanner                   | Sector check: XLB not found in indicator results
2026-06-24 23:19:51 | WARNING  | scanner                   | Sector check: XLRE not found in indicator results
2026-06-24 23:19:51 | WARNING  | scanner                   | Sector check: XLC not found in indicator results
2026-06-24 23:19:51 | INFO     | scanner                   | Sector | XLK: BULLISH
2026-06-24 23:19:51 | INFO     | scanner                   | Sector | XLF: BULLISH
2026-06-24 23:19:51 | INFO     | scanner                   | Sector | XLE: BEARISH
2026-06-24 23:19:51 | INFO     | scanner                   | Sector | XLV: BULLISH
2026-06-24 23:19:51 | INFO     | scanner                   | Sector | XLI: BULLISH
2026-06-24 23:19:51 | INFO     | scanner                   | Sector | XLY: BULLISH
2026-06-24 23:19:51 | INFO     | scanner                   | Sector | XLP: BEARISH
2026-06-24 23:19:51 | INFO     | scanner                   | Sector | XLU: BEARISH
2026-06-24 23:19:51 | INFO     | scanner                   | Sector | XLB: BULLISH
2026-06-24 23:19:51 | INFO     | scanner                   | Sector | XLRE: BULLISH
2026-06-24 23:19:51 | INFO     | scanner                   | Sector | XLC: BEARISH
2026-06-24 23:19:51 | WARNING  | scanner                   | Sector check: XLK not found in indicator results
2026-06-24 23:19:51 | WARNING  | scanner                   | Sector check: XLF not found in indicator results
2026-06-24 23:19:51 | WARNING  | scanner                   | Sector check: XLE not found in indicator results
2026-06-24 23:19:51 | WARNING  | scanner                   | Sector check: XLV not found in indicator results
2026-06-24 23:19:51 | WARNING  | scanner                   | Sector check: XLI not found in indicator results
2026-06-24 23:19:51 | WARNING  | scanner                   | Sector check: XLY not found in indicator results
2026-06-24 23:19:51 | WARNING  | scanner                   | Sector check: XLP not found in indicator results
2026-06-24 23:19:51 | WARNING  | scanner                   | Sector check: XLU not found in indicator results
2026-06-24 23:19:51 | WARNING  | scanner                   | Sector check: XLB not found in indicator results
2026-06-24 23:19:51 | WARNING  | scanner                   | Sector check: XLRE not found in indicator results
2026-06-24 23:19:51 | WARNING  | scanner                   | Sector check: XLC not found in indicator results
2026-06-24 23:19:51 | INFO     | scanner                   | Sector | XLK: BULLISH
2026-06-24 23:19:51 | INFO     | scanner                   | Sector | XLF: BULLISH
2026-06-24 23:19:51 | INFO     | scanner                   | Sector | XLE: BEARISH
2026-06-24 23:19:51 | INFO     | scanner                   | Sector | XLV: BULLISH
2026-06-24 23:19:51 | INFO     | scanner                   | Sector | XLI: BULLISH
2026-06-24 23:19:51 | INFO     | scanner                   | Sector | XLY: BULLISH
2026-06-24 23:19:51 | INFO     | scanner                   | Sector | XLP: BEARISH
2026-06-24 23:19:51 | INFO     | scanner                   | Sector | XLU: BEARISH
2026-06-24 23:19:51 | INFO     | scanner                   | Sector | XLB: BULLISH
2026-06-24 23:19:51 | INFO     | scanner                   | Sector | XLRE: BULLISH
2026-06-24 23:19:51 | INFO     | scanner                   | Sector | XLC: BEARISH
2026-06-24 23:19:51 | WARNING  | scanner                   | Sector check: XLK not found in indicator results
2026-06-24 23:19:51 | WARNING  | scanner                   | Sector check: XLF not found in indicator results
2026-06-24 23:19:51 | WARNING  | scanner                   | Sector check: XLE not found in indicator results
2026-06-24 23:19:51 | WARNING  | scanner                   | Sector check: XLV not found in indicator results
2026-06-24 23:19:51 | WARNING  | scanner                   | Sector check: XLI not found in indicator results
2026-06-24 23:19:51 | WARNING  | scanner                   | Sector check: XLY not found in indicator results
2026-06-24 23:19:51 | WARNING  | scanner                   | Sector check: XLP not found in indicator results
2026-06-24 23:19:51 | WARNING  | scanner                   | Sector check: XLU not found in indicator results
2026-06-24 23:19:51 | WARNING  | scanner                   | Sector check: XLB not found in indicator results
2026-06-24 23:19:51 | WARNING  | scanner                   | Sector check: XLRE not found in indicator results
2026-06-24 23:19:51 | WARNING  | scanner                   | Sector check: XLC not found in indicator results
2026-06-24 23:19:51 | INFO     | scanner                   | Sector | XLK: BULLISH
2026-06-24 23:19:51 | INFO     | scanner                   | Sector | XLF: BULLISH
2026-06-24 23:19:51 | INFO     | scanner                   | Sector | XLE: BEARISH
2026-06-24 23:19:51 | INFO     | scanner                   | Sector | XLV: BULLISH
2026-06-24 23:19:51 | INFO     | scanner                   | Sector | XLI: BULLISH
2026-06-24 23:19:51 | INFO     | scanner                   | Sector | XLY: BULLISH
2026-06-24 23:19:51 | INFO     | scanner                   | Sector | XLP: BEARISH
2026-06-24 23:19:51 | INFO     | scanner                   | Sector | XLU: BEARISH
2026-06-24 23:19:51 | INFO     | scanner                   | Sector | XLB: BULLISH
2026-06-24 23:19:51 | INFO     | scanner                   | Sector | XLRE: BULLISH
2026-06-24 23:19:51 | INFO     | scanner                   | Sector | XLC: BEARISH
2026-06-24 23:19:51 | WARNING  | scanner                   | Sector check: XLK not found in indicator results
2026-06-24 23:19:51 | WARNING  | scanner                   | Sector check: XLF not found in indicator results
2026-06-24 23:19:51 | WARNING  | scanner                   | Sector check: XLE not found in indicator results
2026-06-24 23:19:51 | WARNING  | scanner                   | Sector check: XLV not found in indicator results
2026-06-24 23:19:51 | WARNING  | scanner                   | Sector check: XLI not found in indicator results
2026-06-24 23:19:51 | WARNING  | scanner                   | Sector check: XLY not found in indicator results
2026-06-24 23:19:51 | WARNING  | scanner                   | Sector check: XLP not found in indicator results
2026-06-24 23:19:51 | WARNING  | scanner                   | Sector check: XLU not found in indicator results
2026-06-24 23:19:51 | WARNING  | scanner                   | Sector check: XLB not found in indicator results
2026-06-24 23:19:51 | WARNING  | scanner                   | Sector check: XLRE not found in indicator results
2026-06-24 23:19:51 | WARNING  | scanner                   | Sector check: XLC not found in indicator results
2026-06-24 23:19:51 | INFO     | scanner                   | Sector | XLK: BULLISH
2026-06-24 23:19:51 | INFO     | scanner                   | Sector | XLF: BULLISH
2026-06-24 23:19:51 | INFO     | scanner                   | Sector | XLE: BEARISH
2026-06-24 23:19:51 | INFO     | scanner                   | Sector | XLV: BULLISH
2026-06-24 23:19:51 | INFO     | scanner                   | Sector | XLI: BULLISH
2026-06-24 23:19:51 | INFO     | scanner                   | Sector | XLY: BULLISH
2026-06-24 23:19:51 | INFO     | scanner                   | Sector | XLP: BEARISH
2026-06-24 23:19:51 | INFO     | scanner                   | Sector | XLU: BEARISH
2026-06-24 23:19:51 | INFO     | scanner                   | Sector | XLB: BULLISH
2026-06-24 23:19:51 | INFO     | scanner                   | Sector | XLRE: BULLISH
2026-06-24 23:19:51 | INFO     | scanner                   | Sector | XLC: BEARISH
2026-06-24 23:19:51 | WARNING  | scanner                   | Sector check: XLK not found in indicator results
2026-06-24 23:19:51 | WARNING  | scanner                   | Sector check: XLF not found in indicator results
2026-06-24 23:19:51 | WARNING  | scanner                   | Sector check: XLE not found in indicator results
2026-06-24 23:19:51 | WARNING  | scanner                   | Sector check: XLV not found in indicator results
2026-06-24 23:19:51 | WARNING  | scanner                   | Sector check: XLI not found in indicator results
2026-06-24 23:19:51 | WARNING  | scanner                   | Sector check: XLY not found in indicator results
2026-06-24 23:19:51 | WARNING  | scanner                   | Sector check: XLP not found in indicator results
2026-06-24 23:19:51 | WARNING  | scanner                   | Sector check: XLU not found in indicator results
2026-06-24 23:19:51 | WARNING  | scanner                   | Sector check: XLB not found in indicator results
2026-06-24 23:19:51 | WARNING  | scanner                   | Sector check: XLRE not found in indicator results
2026-06-24 23:19:51 | WARNING  | scanner                   | Sector check: XLC not found in indicator results
2026-06-24 23:19:51 | INFO     | scanner                   | Sector | XLK: BULLISH
2026-06-24 23:19:51 | INFO     | scanner                   | Sector | XLF: BULLISH
2026-06-24 23:19:51 | INFO     | scanner                   | Sector | XLE: BEARISH
2026-06-24 23:19:51 | INFO     | scanner                   | Sector | XLV: BULLISH
2026-06-24 23:19:51 | INFO     | scanner                   | Sector | XLI: BULLISH
2026-06-24 23:19:51 | INFO     | scanner                   | Sector | XLY: BULLISH
2026-06-24 23:19:51 | INFO     | scanner                   | Sector | XLP: BEARISH
2026-06-24 23:19:51 | INFO     | scanner                   | Sector | XLU: BEARISH
2026-06-24 23:19:51 | INFO     | scanner                   | Sector | XLB: BULLISH
2026-06-24 23:19:51 | INFO     | scanner                   | Sector | XLRE: BULLISH
2026-06-24 23:19:51 | INFO     | scanner                   | Sector | XLC: BEARISH
2026-06-24 23:19:51 | WARNING  | scanner                   | Sector check: XLK not found in indicator results
2026-06-24 23:19:51 | WARNING  | scanner                   | Sector check: XLF not found in indicator results
2026-06-24 23:19:51 | WARNING  | scanner                   | Sector check: XLE not found in indicator results
2026-06-24 23:19:51 | WARNING  | scanner                   | Sector check: XLV not found in indicator results
2026-06-24 23:19:51 | WARNING  | scanner                   | Sector check: XLI not found in indicator results
2026-06-24 23:19:51 | WARNING  | scanner                   | Sector check: XLY not found in indicator results
2026-06-24 23:19:51 | WARNING  | scanner                   | Sector check: XLP not found in indicator results
2026-06-24 23:19:51 | WARNING  | scanner                   | Sector check: XLU not found in indicator results
2026-06-24 23:19:51 | WARNING  | scanner                   | Sector check: XLB not found in indicator results
2026-06-24 23:19:51 | WARNING  | scanner                   | Sector check: XLRE not found in indicator results
2026-06-24 23:19:51 | WARNING  | scanner                   | Sector check: XLC not found in indicator results
2026-06-24 23:19:51 | INFO     | scanner                   | Sector | XLK: BULLISH
2026-06-24 23:19:51 | INFO     | scanner                   | Sector | XLF: BULLISH
2026-06-24 23:19:51 | INFO     | scanner                   | Sector | XLE: BEARISH
2026-06-24 23:19:51 | INFO     | scanner                   | Sector | XLV: BULLISH
2026-06-24 23:19:51 | INFO     | scanner                   | Sector | XLI: BULLISH
2026-06-24 23:19:51 | INFO     | scanner                   | Sector | XLY: BULLISH
2026-06-24 23:19:51 | INFO     | scanner                   | Sector | XLP: BEARISH
2026-06-24 23:19:51 | INFO     | scanner                   | Sector | XLU: BEARISH
2026-06-24 23:19:51 | INFO     | scanner                   | Sector | XLB: BULLISH
2026-06-24 23:19:51 | INFO     | scanner                   | Sector | XLRE: BULLISH
2026-06-24 23:19:51 | INFO     | scanner                   | Sector | XLC: BEARISH
2026-06-24 23:19:51 | WARNING  | scanner                   | Sector check: XLK not found in indicator results
2026-06-24 23:19:51 | WARNING  | scanner                   | Sector check: XLF not found in indicator results
2026-06-24 23:19:51 | WARNING  | scanner                   | Sector check: XLE not found in indicator results
2026-06-24 23:19:51 | WARNING  | scanner                   | Sector check: XLV not found in indicator results
2026-06-24 23:19:51 | WARNING  | scanner                   | Sector check: XLI not found in indicator results
2026-06-24 23:19:51 | WARNING  | scanner                   | Sector check: XLY not found in indicator results
2026-06-24 23:19:51 | WARNING  | scanner                   | Sector check: XLP not found in indicator results
2026-06-24 23:19:51 | WARNING  | scanner                   | Sector check: XLU not found in indicator results
2026-06-24 23:19:51 | WARNING  | scanner                   | Sector check: XLB not found in indicator results
2026-06-24 23:19:51 | WARNING  | scanner                   | Sector check: XLRE not found in indicator results
2026-06-24 23:19:51 | WARNING  | scanner                   | Sector check: XLC not found in indicator results
2026-06-24 23:19:51 | INFO     | scanner                   | Sector | XLK: BULLISH
2026-06-24 23:19:51 | INFO     | scanner                   | Sector | XLF: BULLISH
2026-06-24 23:19:51 | INFO     | scanner                   | Sector | XLE: BEARISH
2026-06-24 23:19:51 | INFO     | scanner                   | Sector | XLV: BULLISH
2026-06-24 23:19:51 | INFO     | scanner                   | Sector | XLI: BULLISH
2026-06-24 23:19:51 | INFO     | scanner                   | Sector | XLY: BULLISH
2026-06-24 23:19:51 | INFO     | scanner                   | Sector | XLP: BEARISH
2026-06-24 23:19:51 | INFO     | scanner                   | Sector | XLU: BEARISH
2026-06-24 23:19:51 | INFO     | scanner                   | Sector | XLB: BULLISH
2026-06-24 23:19:51 | INFO     | scanner                   | Sector | XLRE: BULLISH
2026-06-24 23:19:51 | INFO     | scanner                   | Sector | XLC: BEARISH
2026-06-24 23:19:51 | WARNING  | scanner                   | Sector check: XLK not found in indicator results
2026-06-24 23:19:51 | WARNING  | scanner                   | Sector check: XLF not found in indicator results
2026-06-24 23:19:51 | WARNING  | scanner                   | Sector check: XLE not found in indicator results
2026-06-24 23:19:51 | WARNING  | scanner                   | Sector check: XLV not found in indicator results
2026-06-24 23:19:51 | WARNING  | scanner                   | Sector check: XLI not found in indicator results
2026-06-24 23:19:51 | WARNING  | scanner                   | Sector check: XLY not found in indicator results
2026-06-24 23:19:51 | WARNING  | scanner                   | Sector check: XLP not found in indicator results
2026-06-24 23:19:51 | WARNING  | scanner                   | Sector check: XLU not found in indicator results
2026-06-24 23:19:51 | WARNING  | scanner                   | Sector check: XLB not found in indicator results
2026-06-24 23:19:51 | WARNING  | scanner                   | Sector check: XLRE not found in indicator results
2026-06-24 23:19:51 | WARNING  | scanner                   | Sector check: XLC not found in indicator results
2026-06-24 23:19:51 | INFO     | scanner                   | Sector | XLK: BULLISH
2026-06-24 23:19:51 | INFO     | scanner                   | Sector | XLF: BULLISH
2026-06-24 23:19:51 | INFO     | scanner                   | Sector | XLE: BEARISH
2026-06-24 23:19:51 | INFO     | scanner                   | Sector | XLV: BULLISH
2026-06-24 23:19:51 | INFO     | scanner                   | Sector | XLI: BULLISH
2026-06-24 23:19:51 | INFO     | scanner                   | Sector | XLY: BULLISH
2026-06-24 23:19:51 | INFO     | scanner                   | Sector | XLP: BEARISH
2026-06-24 23:19:51 | INFO     | scanner                   | Sector | XLU: BEARISH
2026-06-24 23:19:51 | INFO     | scanner                   | Sector | XLB: BULLISH
2026-06-24 23:19:51 | INFO     | scanner                   | Sector | XLRE: BULLISH
2026-06-24 23:19:51 | INFO     | scanner                   | Sector | XLC: BEARISH
2026-06-24 23:19:51 | WARNING  | scanner                   | Sector check: XLK not found in indicator results
2026-06-24 23:19:51 | WARNING  | scanner                   | Sector check: XLF not found in indicator results
2026-06-24 23:19:51 | WARNING  | scanner                   | Sector check: XLE not found in indicator results
2026-06-24 23:19:51 | WARNING  | scanner                   | Sector check: XLV not found in indicator results
2026-06-24 23:19:51 | WARNING  | scanner                   | Sector check: XLI not found in indicator results
2026-06-24 23:19:51 | WARNING  | scanner                   | Sector check: XLY not found in indicator results
2026-06-24 23:19:51 | WARNING  | scanner                   | Sector check: XLP not found in indicator results
2026-06-24 23:19:51 | WARNING  | scanner                   | Sector check: XLU not found in indicator results
2026-06-24 23:19:51 | WARNING  | scanner                   | Sector check: XLB not found in indicator results
2026-06-24 23:19:51 | WARNING  | scanner                   | Sector check: XLRE not found in indicator results
2026-06-24 23:19:51 | WARNING  | scanner                   | Sector check: XLC not found in indicator results
2026-06-24 23:19:51 | INFO     | scanner                   | Sector | XLK: BULLISH
2026-06-24 23:19:51 | INFO     | scanner                   | Sector | XLF: BULLISH
2026-06-24 23:19:51 | INFO     | scanner                   | Sector | XLE: BEARISH
2026-06-24 23:19:51 | INFO     | scanner                   | Sector | XLV: BULLISH
2026-06-24 23:19:51 | INFO     | scanner                   | Sector | XLI: BULLISH
2026-06-24 23:19:51 | INFO     | scanner                   | Sector | XLY: BULLISH
2026-06-24 23:19:51 | INFO     | scanner                   | Sector | XLP: BEARISH
2026-06-24 23:19:51 | INFO     | scanner                   | Sector | XLU: BEARISH
2026-06-24 23:19:51 | INFO     | scanner                   | Sector | XLB: BULLISH
2026-06-24 23:19:51 | INFO     | scanner                   | Sector | XLRE: BULLISH
2026-06-24 23:19:51 | INFO     | scanner                   | Sector | XLC: BEARISH
2026-06-24 23:19:51 | WARNING  | scanner                   | Sector check: XLK not found in indicator results
2026-06-24 23:19:51 | WARNING  | scanner                   | Sector check: XLF not found in indicator results
2026-06-24 23:19:51 | WARNING  | scanner                   | Sector check: XLE not found in indicator results
2026-06-24 23:19:51 | WARNING  | scanner                   | Sector check: XLV not found in indicator results
2026-06-24 23:19:51 | WARNING  | scanner                   | Sector check: XLI not found in indicator results
2026-06-24 23:19:51 | WARNING  | scanner                   | Sector check: XLY not found in indicator results
2026-06-24 23:19:51 | WARNING  | scanner                   | Sector check: XLP not found in indicator results
2026-06-24 23:19:51 | WARNING  | scanner                   | Sector check: XLU not found in indicator results
2026-06-24 23:19:51 | WARNING  | scanner                   | Sector check: XLB not found in indicator results
2026-06-24 23:19:51 | WARNING  | scanner                   | Sector check: XLRE not found in indicator results
2026-06-24 23:19:51 | WARNING  | scanner                   | Sector check: XLC not found in indicator results
2026-06-24 23:19:51 | INFO     | scanner                   | Sector | XLK: BULLISH
2026-06-24 23:19:51 | INFO     | scanner                   | Sector | XLF: BULLISH
2026-06-24 23:19:51 | INFO     | scanner                   | Sector | XLE: BEARISH
2026-06-24 23:19:51 | INFO     | scanner                   | Sector | XLV: BULLISH
2026-06-24 23:19:51 | INFO     | scanner                   | Sector | XLI: BULLISH
2026-06-24 23:19:51 | INFO     | scanner                   | Sector | XLY: BEARISH
2026-06-24 23:19:51 | INFO     | scanner                   | Sector | XLP: BEARISH
2026-06-24 23:19:51 | INFO     | scanner                   | Sector | XLU: BEARISH
2026-06-24 23:19:51 | INFO     | scanner                   | Sector | XLB: BULLISH
2026-06-24 23:19:51 | INFO     | scanner                   | Sector | XLRE: BULLISH
2026-06-24 23:19:51 | INFO     | scanner                   | Sector | XLC: BEARISH
2026-06-24 23:19:51 | WARNING  | scanner                   | Sector check: XLK not found in indicator results
2026-06-24 23:19:51 | WARNING  | scanner                   | Sector check: XLF not found in indicator results
2026-06-24 23:19:51 | WARNING  | scanner                   | Sector check: XLE not found in indicator results
2026-06-24 23:19:51 | WARNING  | scanner                   | Sector check: XLV not found in indicator results
2026-06-24 23:19:51 | WARNING  | scanner                   | Sector check: XLI not found in indicator results
2026-06-24 23:19:51 | WARNING  | scanner                   | Sector check: XLY not found in indicator results
2026-06-24 23:19:51 | WARNING  | scanner                   | Sector check: XLP not found in indicator results
2026-06-24 23:19:51 | WARNING  | scanner                   | Sector check: XLU not found in indicator results
2026-06-24 23:19:51 | WARNING  | scanner                   | Sector check: XLB not found in indicator results
2026-06-24 23:19:51 | WARNING  | scanner                   | Sector check: XLRE not found in indicator results
2026-06-24 23:19:51 | WARNING  | scanner                   | Sector check: XLC not found in indicator results
2026-06-24 23:19:51 | INFO     | scanner                   | Sector | XLK: BULLISH
2026-06-24 23:19:51 | INFO     | scanner                   | Sector | XLF: BULLISH
2026-06-24 23:19:51 | INFO     | scanner                   | Sector | XLE: BEARISH
2026-06-24 23:19:51 | INFO     | scanner                   | Sector | XLV: BULLISH
2026-06-24 23:19:51 | INFO     | scanner                   | Sector | XLI: BULLISH
2026-06-24 23:19:51 | INFO     | scanner                   | Sector | XLY: BEARISH
2026-06-24 23:19:51 | INFO     | scanner                   | Sector | XLP: BEARISH
2026-06-24 23:19:51 | INFO     | scanner                   | Sector | XLU: BEARISH
2026-06-24 23:19:51 | INFO     | scanner                   | Sector | XLB: BULLISH
2026-06-24 23:19:51 | INFO     | scanner                   | Sector | XLRE: BULLISH
2026-06-24 23:19:51 | INFO     | scanner                   | Sector | XLC: BEARISH
2026-06-24 23:19:51 | WARNING  | scanner                   | Sector check: XLK not found in indicator results
2026-06-24 23:19:51 | WARNING  | scanner                   | Sector check: XLF not found in indicator results
2026-06-24 23:19:51 | WARNING  | scanner                   | Sector check: XLE not found in indicator results
2026-06-24 23:19:51 | WARNING  | scanner                   | Sector check: XLV not found in indicator results
2026-06-24 23:19:51 | WARNING  | scanner                   | Sector check: XLI not found in indicator results
2026-06-24 23:19:51 | WARNING  | scanner                   | Sector check: XLY not found in indicator results
2026-06-24 23:19:51 | WARNING  | scanner                   | Sector check: XLP not found in indicator results
2026-06-24 23:19:51 | WARNING  | scanner                   | Sector check: XLU not found in indicator results
2026-06-24 23:19:51 | WARNING  | scanner                   | Sector check: XLB not found in indicator results
2026-06-24 23:19:51 | WARNING  | scanner                   | Sector check: XLRE not found in indicator results
2026-06-24 23:19:51 | WARNING  | scanner                   | Sector check: XLC not found in indicator results
2026-06-24 23:19:51 | INFO     | scanner                   | Sector | XLK: BULLISH
2026-06-24 23:19:51 | INFO     | scanner                   | Sector | XLF: BULLISH
2026-06-24 23:19:51 | INFO     | scanner                   | Sector | XLE: BEARISH
2026-06-24 23:19:51 | INFO     | scanner                   | Sector | XLV: BULLISH
2026-06-24 23:19:51 | INFO     | scanner                   | Sector | XLI: BULLISH
2026-06-24 23:19:51 | INFO     | scanner                   | Sector | XLY: BEARISH
2026-06-24 23:19:51 | INFO     | scanner                   | Sector | XLP: BEARISH
2026-06-24 23:19:51 | INFO     | scanner                   | Sector | XLU: BEARISH
2026-06-24 23:19:51 | INFO     | scanner                   | Sector | XLB: BULLISH
2026-06-24 23:19:51 | INFO     | scanner                   | Sector | XLRE: BULLISH
2026-06-24 23:19:51 | INFO     | scanner                   | Sector | XLC: BEARISH
2026-06-24 23:19:51 | WARNING  | scanner                   | Sector check: XLK not found in indicator results
2026-06-24 23:19:51 | WARNING  | scanner                   | Sector check: XLF not found in indicator results
2026-06-24 23:19:51 | WARNING  | scanner                   | Sector check: XLE not found in indicator results
2026-06-24 23:19:51 | WARNING  | scanner                   | Sector check: XLV not found in indicator results
2026-06-24 23:19:51 | WARNING  | scanner                   | Sector check: XLI not found in indicator results
2026-06-24 23:19:51 | WARNING  | scanner                   | Sector check: XLY not found in indicator results
2026-06-24 23:19:51 | WARNING  | scanner                   | Sector check: XLP not found in indicator results
2026-06-24 23:19:51 | WARNING  | scanner                   | Sector check: XLU not found in indicator results
2026-06-24 23:19:51 | WARNING  | scanner                   | Sector check: XLB not found in indicator results
2026-06-24 23:19:51 | WARNING  | scanner                   | Sector check: XLRE not found in indicator results
2026-06-24 23:19:51 | WARNING  | scanner                   | Sector check: XLC not found in indicator results
2026-06-24 23:19:51 | INFO     | scanner                   | Sector | XLK: BULLISH
2026-06-24 23:19:51 | INFO     | scanner                   | Sector | XLF: BULLISH
2026-06-24 23:19:51 | INFO     | scanner                   | Sector | XLE: BEARISH
2026-06-24 23:19:51 | INFO     | scanner                   | Sector | XLV: BULLISH
2026-06-24 23:19:51 | INFO     | scanner                   | Sector | XLI: BULLISH
2026-06-24 23:19:51 | INFO     | scanner                   | Sector | XLY: BEARISH
2026-06-24 23:19:51 | INFO     | scanner                   | Sector | XLP: BEARISH
2026-06-24 23:19:51 | INFO     | scanner                   | Sector | XLU: BEARISH
2026-06-24 23:19:51 | INFO     | scanner                   | Sector | XLB: BULLISH
2026-06-24 23:19:51 | INFO     | scanner                   | Sector | XLRE: BULLISH
2026-06-24 23:19:51 | INFO     | scanner                   | Sector | XLC: BEARISH
2026-06-24 23:19:51 | WARNING  | scanner                   | Sector check: XLK not found in indicator results
2026-06-24 23:19:51 | WARNING  | scanner                   | Sector check: XLF not found in indicator results
2026-06-24 23:19:51 | WARNING  | scanner                   | Sector check: XLE not found in indicator results
2026-06-24 23:19:51 | WARNING  | scanner                   | Sector check: XLV not found in indicator results
2026-06-24 23:19:51 | WARNING  | scanner                   | Sector check: XLI not found in indicator results
2026-06-24 23:19:51 | WARNING  | scanner                   | Sector check: XLY not found in indicator results
2026-06-24 23:19:51 | WARNING  | scanner                   | Sector check: XLP not found in indicator results
2026-06-24 23:19:51 | WARNING  | scanner                   | Sector check: XLU not found in indicator results
2026-06-24 23:19:51 | WARNING  | scanner                   | Sector check: XLB not found in indicator results
2026-06-24 23:19:51 | WARNING  | scanner                   | Sector check: XLRE not found in indicator results
2026-06-24 23:19:51 | WARNING  | scanner                   | Sector check: XLC not found in indicator results
2026-06-24 23:19:51 | INFO     | scanner                   | Sector | XLK: BULLISH
2026-06-24 23:19:51 | INFO     | scanner                   | Sector | XLF: BULLISH
2026-06-24 23:19:51 | INFO     | scanner                   | Sector | XLE: BEARISH
2026-06-24 23:19:51 | INFO     | scanner                   | Sector | XLV: BULLISH
2026-06-24 23:19:51 | INFO     | scanner                   | Sector | XLI: BULLISH
2026-06-24 23:19:51 | INFO     | scanner                   | Sector | XLY: BEARISH
2026-06-24 23:19:51 | INFO     | scanner                   | Sector | XLP: BEARISH
2026-06-24 23:19:51 | INFO     | scanner                   | Sector | XLU: BEARISH
2026-06-24 23:19:51 | INFO     | scanner                   | Sector | XLB: BULLISH
2026-06-24 23:19:51 | INFO     | scanner                   | Sector | XLRE: BULLISH
2026-06-24 23:19:51 | INFO     | scanner                   | Sector | XLC: BEARISH
2026-06-24 23:19:51 | WARNING  | scanner                   | Sector check: XLK not found in indicator results
2026-06-24 23:19:51 | WARNING  | scanner                   | Sector check: XLF not found in indicator results
2026-06-24 23:19:51 | WARNING  | scanner                   | Sector check: XLE not found in indicator results
2026-06-24 23:19:51 | WARNING  | scanner                   | Sector check: XLV not found in indicator results
2026-06-24 23:19:51 | WARNING  | scanner                   | Sector check: XLI not found in indicator results
2026-06-24 23:19:51 | WARNING  | scanner                   | Sector check: XLY not found in indicator results
2026-06-24 23:19:51 | WARNING  | scanner                   | Sector check: XLP not found in indicator results
2026-06-24 23:19:51 | WARNING  | scanner                   | Sector check: XLU not found in indicator results
2026-06-24 23:19:51 | WARNING  | scanner                   | Sector check: XLB not found in indicator results
2026-06-24 23:19:51 | WARNING  | scanner                   | Sector check: XLRE not found in indicator results
2026-06-24 23:19:51 | WARNING  | scanner                   | Sector check: XLC not found in indicator results
2026-06-24 23:19:51 | INFO     | scanner                   | Sector | XLK: BULLISH
2026-06-24 23:19:51 | INFO     | scanner                   | Sector | XLF: BULLISH
2026-06-24 23:19:51 | INFO     | scanner                   | Sector | XLE: BEARISH
2026-06-24 23:19:51 | INFO     | scanner                   | Sector | XLV: BULLISH
2026-06-24 23:19:51 | INFO     | scanner                   | Sector | XLI: BULLISH
2026-06-24 23:19:51 | INFO     | scanner                   | Sector | XLY: BEARISH
2026-06-24 23:19:51 | INFO     | scanner                   | Sector | XLP: BEARISH
2026-06-24 23:19:51 | INFO     | scanner                   | Sector | XLU: BEARISH
2026-06-24 23:19:51 | INFO     | scanner                   | Sector | XLB: BULLISH
2026-06-24 23:19:51 | INFO     | scanner                   | Sector | XLRE: BULLISH
2026-06-24 23:19:51 | INFO     | scanner                   | Sector | XLC: BEARISH
2026-06-24 23:19:51 | WARNING  | scanner                   | Sector check: XLK not found in indicator results
2026-06-24 23:19:51 | WARNING  | scanner                   | Sector check: XLF not found in indicator results
2026-06-24 23:19:51 | WARNING  | scanner                   | Sector check: XLE not found in indicator results
2026-06-24 23:19:51 | WARNING  | scanner                   | Sector check: XLV not found in indicator results
2026-06-24 23:19:51 | WARNING  | scanner                   | Sector check: XLI not found in indicator results
2026-06-24 23:19:51 | WARNING  | scanner                   | Sector check: XLY not found in indicator results
2026-06-24 23:19:51 | WARNING  | scanner                   | Sector check: XLP not found in indicator results
2026-06-24 23:19:51 | WARNING  | scanner                   | Sector check: XLU not found in indicator results
2026-06-24 23:19:51 | WARNING  | scanner                   | Sector check: XLB not found in indicator results
2026-06-24 23:19:51 | WARNING  | scanner                   | Sector check: XLRE not found in indicator results
2026-06-24 23:19:51 | WARNING  | scanner                   | Sector check: XLC not found in indicator results
2026-06-24 23:19:51 | INFO     | scanner                   | Sector | XLK: BULLISH
2026-06-24 23:19:51 | INFO     | scanner                   | Sector | XLF: BULLISH
2026-06-24 23:19:51 | INFO     | scanner                   | Sector | XLE: BEARISH
2026-06-24 23:19:51 | INFO     | scanner                   | Sector | XLV: BULLISH
2026-06-24 23:19:51 | INFO     | scanner                   | Sector | XLI: BULLISH
2026-06-24 23:19:51 | INFO     | scanner                   | Sector | XLY: BEARISH
2026-06-24 23:19:51 | INFO     | scanner                   | Sector | XLP: BEARISH
2026-06-24 23:19:51 | INFO     | scanner                   | Sector | XLU: BEARISH
2026-06-24 23:19:51 | INFO     | scanner                   | Sector | XLB: BULLISH
2026-06-24 23:19:51 | INFO     | scanner                   | Sector | XLRE: BULLISH
2026-06-24 23:19:51 | INFO     | scanner                   | Sector | XLC: BEARISH
2026-06-24 23:19:51 | WARNING  | scanner                   | Sector check: XLK not found in indicator results
2026-06-24 23:19:51 | WARNING  | scanner                   | Sector check: XLF not found in indicator results
2026-06-24 23:19:51 | WARNING  | scanner                   | Sector check: XLE not found in indicator results
2026-06-24 23:19:51 | WARNING  | scanner                   | Sector check: XLV not found in indicator results
2026-06-24 23:19:51 | WARNING  | scanner                   | Sector check: XLI not found in indicator results
2026-06-24 23:19:51 | WARNING  | scanner                   | Sector check: XLY not found in indicator results
2026-06-24 23:19:51 | WARNING  | scanner                   | Sector check: XLP not found in indicator results
2026-06-24 23:19:51 | WARNING  | scanner                   | Sector check: XLU not found in indicator results
2026-06-24 23:19:51 | WARNING  | scanner                   | Sector check: XLB not found in indicator results
2026-06-24 23:19:51 | WARNING  | scanner                   | Sector check: XLRE not found in indicator results
2026-06-24 23:19:51 | WARNING  | scanner                   | Sector check: XLC not found in indicator results
2026-06-24 23:19:51 | INFO     | scanner                   | Sector | XLK: BULLISH
2026-06-24 23:19:51 | INFO     | scanner                   | Sector | XLF: BULLISH
2026-06-24 23:19:51 | INFO     | scanner                   | Sector | XLE: BEARISH
2026-06-24 23:19:51 | INFO     | scanner                   | Sector | XLV: BULLISH
2026-06-24 23:19:51 | INFO     | scanner                   | Sector | XLI: BULLISH
2026-06-24 23:19:51 | INFO     | scanner                   | Sector | XLY: BEARISH
2026-06-24 23:19:51 | INFO     | scanner                   | Sector | XLP: BEARISH
2026-06-24 23:19:51 | INFO     | scanner                   | Sector | XLU: BEARISH
2026-06-24 23:19:51 | INFO     | scanner                   | Sector | XLB: BULLISH
2026-06-24 23:19:51 | INFO     | scanner                   | Sector | XLRE: BULLISH
2026-06-24 23:19:51 | INFO     | scanner                   | Sector | XLC: BEARISH
2026-06-24 23:19:51 | WARNING  | scanner                   | Sector check: XLK not found in indicator results
2026-06-24 23:19:51 | WARNING  | scanner                   | Sector check: XLF not found in indicator results
2026-06-24 23:19:51 | WARNING  | scanner                   | Sector check: XLE not found in indicator results
2026-06-24 23:19:51 | WARNING  | scanner                   | Sector check: XLV not found in indicator results
2026-06-24 23:19:51 | WARNING  | scanner                   | Sector check: XLI not found in indicator results
2026-06-24 23:19:51 | WARNING  | scanner                   | Sector check: XLY not found in indicator results
2026-06-24 23:19:51 | WARNING  | scanner                   | Sector check: XLP not found in indicator results
2026-06-24 23:19:51 | WARNING  | scanner                   | Sector check: XLU not found in indicator results
2026-06-24 23:19:51 | WARNING  | scanner                   | Sector check: XLB not found in indicator results
2026-06-24 23:19:51 | WARNING  | scanner                   | Sector check: XLRE not found in indicator results
2026-06-24 23:19:51 | WARNING  | scanner                   | Sector check: XLC not found in indicator results
2026-06-24 23:19:51 | INFO     | scanner                   | Sector | XLK: BULLISH
2026-06-24 23:19:51 | INFO     | scanner                   | Sector | XLF: BULLISH
2026-06-24 23:19:51 | INFO     | scanner                   | Sector | XLE: BEARISH
2026-06-24 23:19:51 | INFO     | scanner                   | Sector | XLV: BULLISH
2026-06-24 23:19:51 | INFO     | scanner                   | Sector | XLI: BULLISH
2026-06-24 23:19:51 | INFO     | scanner                   | Sector | XLY: BEARISH
2026-06-24 23:19:51 | INFO     | scanner                   | Sector | XLP: BEARISH
2026-06-24 23:19:51 | INFO     | scanner                   | Sector | XLU: BEARISH
2026-06-24 23:19:51 | INFO     | scanner                   | Sector | XLB: BULLISH
2026-06-24 23:19:51 | INFO     | scanner                   | Sector | XLRE: BULLISH
2026-06-24 23:19:51 | INFO     | scanner                   | Sector | XLC: BEARISH
2026-06-24 23:19:51 | WARNING  | scanner                   | Sector check: XLK not found in indicator results
2026-06-24 23:19:51 | WARNING  | scanner                   | Sector check: XLF not found in indicator results
2026-06-24 23:19:51 | WARNING  | scanner                   | Sector check: XLE not found in indicator results
2026-06-24 23:19:51 | WARNING  | scanner                   | Sector check: XLV not found in indicator results
2026-06-24 23:19:51 | WARNING  | scanner                   | Sector check: XLI not found in indicator results
2026-06-24 23:19:51 | WARNING  | scanner                   | Sector check: XLY not found in indicator results
2026-06-24 23:19:51 | WARNING  | scanner                   | Sector check: XLP not found in indicator results
2026-06-24 23:19:51 | WARNING  | scanner                   | Sector check: XLU not found in indicator results
2026-06-24 23:19:51 | WARNING  | scanner                   | Sector check: XLB not found in indicator results
2026-06-24 23:19:51 | WARNING  | scanner                   | Sector check: XLRE not found in indicator results
2026-06-24 23:19:51 | WARNING  | scanner                   | Sector check: XLC not found in indicator results
2026-06-24 23:19:51 | INFO     | scanner                   | Sector | XLK: BULLISH
2026-06-24 23:19:51 | INFO     | scanner                   | Sector | XLF: BULLISH
2026-06-24 23:19:51 | INFO     | scanner                   | Sector | XLE: BEARISH
2026-06-24 23:19:51 | INFO     | scanner                   | Sector | XLV: BULLISH
2026-06-24 23:19:51 | INFO     | scanner                   | Sector | XLI: BULLISH
2026-06-24 23:19:51 | INFO     | scanner                   | Sector | XLY: BEARISH
2026-06-24 23:19:51 | INFO     | scanner                   | Sector | XLP: BEARISH
2026-06-24 23:19:51 | INFO     | scanner                   | Sector | XLU: BEARISH
2026-06-24 23:19:51 | INFO     | scanner                   | Sector | XLB: BULLISH
2026-06-24 23:19:51 | INFO     | scanner                   | Sector | XLRE: BULLISH
2026-06-24 23:19:51 | INFO     | scanner                   | Sector | XLC: BEARISH
2026-06-24 23:19:51 | WARNING  | scanner                   | Sector check: XLK not found in indicator results
2026-06-24 23:19:51 | WARNING  | scanner                   | Sector check: XLF not found in indicator results
2026-06-24 23:19:51 | WARNING  | scanner                   | Sector check: XLE not found in indicator results
2026-06-24 23:19:51 | WARNING  | scanner                   | Sector check: XLV not found in indicator results
2026-06-24 23:19:51 | WARNING  | scanner                   | Sector check: XLI not found in indicator results
2026-06-24 23:19:51 | WARNING  | scanner                   | Sector check: XLY not found in indicator results
2026-06-24 23:19:51 | WARNING  | scanner                   | Sector check: XLP not found in indicator results
2026-06-24 23:19:51 | WARNING  | scanner                   | Sector check: XLU not found in indicator results
2026-06-24 23:19:51 | WARNING  | scanner                   | Sector check: XLB not found in indicator results
2026-06-24 23:19:51 | WARNING  | scanner                   | Sector check: XLRE not found in indicator results
2026-06-24 23:19:51 | WARNING  | scanner                   | Sector check: XLC not found in indicator results
2026-06-24 23:19:51 | INFO     | scanner                   | Sector | XLK: BULLISH
2026-06-24 23:19:51 | INFO     | scanner                   | Sector | XLF: BULLISH
2026-06-24 23:19:51 | INFO     | scanner                   | Sector | XLE: BEARISH
2026-06-24 23:19:51 | INFO     | scanner                   | Sector | XLV: BULLISH
2026-06-24 23:19:51 | INFO     | scanner                   | Sector | XLI: BULLISH
2026-06-24 23:19:51 | INFO     | scanner                   | Sector | XLY: BEARISH
2026-06-24 23:19:51 | INFO     | scanner                   | Sector | XLP: BEARISH
2026-06-24 23:19:51 | INFO     | scanner                   | Sector | XLU: BEARISH
2026-06-24 23:19:51 | INFO     | scanner                   | Sector | XLB: BULLISH
2026-06-24 23:19:51 | INFO     | scanner                   | Sector | XLRE: BULLISH
2026-06-24 23:19:51 | INFO     | scanner                   | Sector | XLC: BEARISH
2026-06-24 23:19:51 | WARNING  | scanner                   | Sector check: XLK not found in indicator results
2026-06-24 23:19:51 | WARNING  | scanner                   | Sector check: XLF not found in indicator results
2026-06-24 23:19:51 | WARNING  | scanner                   | Sector check: XLE not found in indicator results
2026-06-24 23:19:51 | WARNING  | scanner                   | Sector check: XLV not found in indicator results
2026-06-24 23:19:51 | WARNING  | scanner                   | Sector check: XLI not found in indicator results
2026-06-24 23:19:51 | WARNING  | scanner                   | Sector check: XLY not found in indicator results
2026-06-24 23:19:51 | WARNING  | scanner                   | Sector check: XLP not found in indicator results
2026-06-24 23:19:51 | WARNING  | scanner                   | Sector check: XLU not found in indicator results
2026-06-24 23:19:51 | WARNING  | scanner                   | Sector check: XLB not found in indicator results
2026-06-24 23:19:51 | WARNING  | scanner                   | Sector check: XLRE not found in indicator results
2026-06-24 23:19:51 | WARNING  | scanner                   | Sector check: XLC not found in indicator results
2026-06-24 23:19:51 | INFO     | scanner                   | Sector | XLK: BULLISH
2026-06-24 23:19:51 | INFO     | scanner                   | Sector | XLF: BULLISH
2026-06-24 23:19:51 | INFO     | scanner                   | Sector | XLE: BEARISH
2026-06-24 23:19:51 | INFO     | scanner                   | Sector | XLV: BULLISH
2026-06-24 23:19:51 | INFO     | scanner                   | Sector | XLI: BULLISH
2026-06-24 23:19:51 | INFO     | scanner                   | Sector | XLY: BEARISH
2026-06-24 23:19:51 | INFO     | scanner                   | Sector | XLP: BEARISH
2026-06-24 23:19:51 | INFO     | scanner                   | Sector | XLU: BEARISH
2026-06-24 23:19:51 | INFO     | scanner                   | Sector | XLB: BULLISH
2026-06-24 23:19:51 | INFO     | scanner                   | Sector | XLRE: BULLISH
2026-06-24 23:19:51 | INFO     | scanner                   | Sector | XLC: BEARISH
2026-06-24 23:19:51 | WARNING  | scanner                   | Sector check: XLK not found in indicator results
2026-06-24 23:19:51 | WARNING  | scanner                   | Sector check: XLF not found in indicator results
2026-06-24 23:19:51 | WARNING  | scanner                   | Sector check: XLE not found in indicator results
2026-06-24 23:19:51 | WARNING  | scanner                   | Sector check: XLV not found in indicator results
2026-06-24 23:19:51 | WARNING  | scanner                   | Sector check: XLI not found in indicator results
2026-06-24 23:19:51 | WARNING  | scanner                   | Sector check: XLY not found in indicator results
2026-06-24 23:19:51 | WARNING  | scanner                   | Sector check: XLP not found in indicator results
2026-06-24 23:19:51 | WARNING  | scanner                   | Sector check: XLU not found in indicator results
2026-06-24 23:19:51 | WARNING  | scanner                   | Sector check: XLB not found in indicator results
2026-06-24 23:19:51 | WARNING  | scanner                   | Sector check: XLRE not found in indicator results
2026-06-24 23:19:51 | WARNING  | scanner                   | Sector check: XLC not found in indicator results
2026-06-24 23:19:51 | INFO     | scanner                   | Sector | XLK: BULLISH
2026-06-24 23:19:51 | INFO     | scanner                   | Sector | XLF: BULLISH
2026-06-24 23:19:51 | INFO     | scanner                   | Sector | XLE: BEARISH
2026-06-24 23:19:51 | INFO     | scanner                   | Sector | XLV: BULLISH
2026-06-24 23:19:51 | INFO     | scanner                   | Sector | XLI: BULLISH
2026-06-24 23:19:51 | INFO     | scanner                   | Sector | XLY: BEARISH
2026-06-24 23:19:51 | INFO     | scanner                   | Sector | XLP: BEARISH
2026-06-24 23:19:51 | INFO     | scanner                   | Sector | XLU: BEARISH
2026-06-24 23:19:51 | INFO     | scanner                   | Sector | XLB: BULLISH
2026-06-24 23:19:51 | INFO     | scanner                   | Sector | XLRE: BULLISH
2026-06-24 23:19:51 | INFO     | scanner                   | Sector | XLC: BEARISH
2026-06-24 23:19:51 | WARNING  | scanner                   | Sector check: XLK not found in indicator results
2026-06-24 23:19:51 | WARNING  | scanner                   | Sector check: XLF not found in indicator results
2026-06-24 23:19:51 | WARNING  | scanner                   | Sector check: XLE not found in indicator results
2026-06-24 23:19:51 | WARNING  | scanner                   | Sector check: XLV not found in indicator results
2026-06-24 23:19:51 | WARNING  | scanner                   | Sector check: XLI not found in indicator results
2026-06-24 23:19:51 | WARNING  | scanner                   | Sector check: XLY not found in indicator results
2026-06-24 23:19:51 | WARNING  | scanner                   | Sector check: XLP not found in indicator results
2026-06-24 23:19:51 | WARNING  | scanner                   | Sector check: XLU not found in indicator results
2026-06-24 23:19:51 | WARNING  | scanner                   | Sector check: XLB not found in indicator results
2026-06-24 23:19:51 | WARNING  | scanner                   | Sector check: XLRE not found in indicator results
2026-06-24 23:19:51 | WARNING  | scanner                   | Sector check: XLC not found in indicator results
2026-06-24 23:19:51 | INFO     | scanner                   | Sector | XLK: BULLISH
2026-06-24 23:19:51 | INFO     | scanner                   | Sector | XLF: BULLISH
2026-06-24 23:19:51 | INFO     | scanner                   | Sector | XLE: BEARISH
2026-06-24 23:19:51 | INFO     | scanner                   | Sector | XLV: BULLISH
2026-06-24 23:19:51 | INFO     | scanner                   | Sector | XLI: BULLISH
2026-06-24 23:19:51 | INFO     | scanner                   | Sector | XLY: BEARISH
2026-06-24 23:19:51 | INFO     | scanner                   | Sector | XLP: BEARISH
2026-06-24 23:19:51 | INFO     | scanner                   | Sector | XLU: BEARISH
2026-06-24 23:19:51 | INFO     | scanner                   | Sector | XLB: BULLISH
2026-06-24 23:19:51 | INFO     | scanner                   | Sector | XLRE: BULLISH
2026-06-24 23:19:51 | INFO     | scanner                   | Sector | XLC: BEARISH
2026-06-24 23:19:51 | WARNING  | scanner                   | Sector check: XLK not found in indicator results
2026-06-24 23:19:51 | WARNING  | scanner                   | Sector check: XLF not found in indicator results
2026-06-24 23:19:51 | WARNING  | scanner                   | Sector check: XLE not found in indicator results
2026-06-24 23:19:51 | WARNING  | scanner                   | Sector check: XLV not found in indicator results
2026-06-24 23:19:51 | WARNING  | scanner                   | Sector check: XLI not found in indicator results
2026-06-24 23:19:51 | WARNING  | scanner                   | Sector check: XLY not found in indicator results
2026-06-24 23:19:51 | WARNING  | scanner                   | Sector check: XLP not found in indicator results
2026-06-24 23:19:51 | WARNING  | scanner                   | Sector check: XLU not found in indicator results
2026-06-24 23:19:51 | WARNING  | scanner                   | Sector check: XLB not found in indicator results
2026-06-24 23:19:51 | WARNING  | scanner                   | Sector check: XLRE not found in indicator results
2026-06-24 23:19:51 | WARNING  | scanner                   | Sector check: XLC not found in indicator results
2026-06-24 23:19:51 | INFO     | scanner                   | Sector | XLK: BULLISH
2026-06-24 23:19:51 | INFO     | scanner                   | Sector | XLF: BULLISH
2026-06-24 23:19:51 | INFO     | scanner                   | Sector | XLE: BEARISH
2026-06-24 23:19:51 | INFO     | scanner                   | Sector | XLV: BULLISH
2026-06-24 23:19:51 | INFO     | scanner                   | Sector | XLI: BULLISH
2026-06-24 23:19:51 | INFO     | scanner                   | Sector | XLY: BEARISH
2026-06-24 23:19:51 | INFO     | scanner                   | Sector | XLP: BEARISH
2026-06-24 23:19:51 | INFO     | scanner                   | Sector | XLU: BEARISH
2026-06-24 23:19:51 | INFO     | scanner                   | Sector | XLB: BULLISH
2026-06-24 23:19:51 | INFO     | scanner                   | Sector | XLRE: BULLISH
2026-06-24 23:19:51 | INFO     | scanner                   | Sector | XLC: BEARISH
2026-06-24 23:19:51 | WARNING  | scanner                   | Sector check: XLK not found in indicator results
2026-06-24 23:19:51 | WARNING  | scanner                   | Sector check: XLF not found in indicator results
2026-06-24 23:19:51 | WARNING  | scanner                   | Sector check: XLE not found in indicator results
2026-06-24 23:19:51 | WARNING  | scanner                   | Sector check: XLV not found in indicator results
2026-06-24 23:19:51 | WARNING  | scanner                   | Sector check: XLI not found in indicator results
2026-06-24 23:19:51 | WARNING  | scanner                   | Sector check: XLY not found in indicator results
2026-06-24 23:19:51 | WARNING  | scanner                   | Sector check: XLP not found in indicator results
2026-06-24 23:19:51 | WARNING  | scanner                   | Sector check: XLU not found in indicator results
2026-06-24 23:19:51 | WARNING  | scanner                   | Sector check: XLB not found in indicator results
2026-06-24 23:19:51 | WARNING  | scanner                   | Sector check: XLRE not found in indicator results
2026-06-24 23:19:51 | WARNING  | scanner                   | Sector check: XLC not found in indicator results
2026-06-24 23:19:51 | INFO     | scanner                   | Sector | XLK: BULLISH
2026-06-24 23:19:51 | INFO     | scanner                   | Sector | XLF: BULLISH
2026-06-24 23:19:51 | INFO     | scanner                   | Sector | XLE: BEARISH
2026-06-24 23:19:51 | INFO     | scanner                   | Sector | XLV: BULLISH
2026-06-24 23:19:51 | INFO     | scanner                   | Sector | XLI: BULLISH
2026-06-24 23:19:51 | INFO     | scanner                   | Sector | XLY: BEARISH
2026-06-24 23:19:51 | INFO     | scanner                   | Sector | XLP: BEARISH
2026-06-24 23:19:51 | INFO     | scanner                   | Sector | XLU: BEARISH
2026-06-24 23:19:51 | INFO     | scanner                   | Sector | XLB: BULLISH
2026-06-24 23:19:51 | INFO     | scanner                   | Sector | XLRE: BULLISH
2026-06-24 23:19:51 | INFO     | scanner                   | Sector | XLC: BEARISH
2026-06-24 23:19:51 | WARNING  | scanner                   | Sector check: XLK not found in indicator results
2026-06-24 23:19:51 | WARNING  | scanner                   | Sector check: XLF not found in indicator results
2026-06-24 23:19:51 | WARNING  | scanner                   | Sector check: XLE not found in indicator results
2026-06-24 23:19:51 | WARNING  | scanner                   | Sector check: XLV not found in indicator results
2026-06-24 23:19:51 | WARNING  | scanner                   | Sector check: XLI not found in indicator results
2026-06-24 23:19:51 | WARNING  | scanner                   | Sector check: XLY not found in indicator results
2026-06-24 23:19:51 | WARNING  | scanner                   | Sector check: XLP not found in indicator results
2026-06-24 23:19:51 | WARNING  | scanner                   | Sector check: XLU not found in indicator results
2026-06-24 23:19:51 | WARNING  | scanner                   | Sector check: XLB not found in indicator results
2026-06-24 23:19:51 | WARNING  | scanner                   | Sector check: XLRE not found in indicator results
2026-06-24 23:19:51 | WARNING  | scanner                   | Sector check: XLC not found in indicator results
2026-06-24 23:19:51 | INFO     | scanner                   | Sector | XLK: BULLISH
2026-06-24 23:19:51 | INFO     | scanner                   | Sector | XLF: BULLISH
2026-06-24 23:19:51 | INFO     | scanner                   | Sector | XLE: BEARISH
2026-06-24 23:19:51 | INFO     | scanner                   | Sector | XLV: BULLISH
2026-06-24 23:19:51 | INFO     | scanner                   | Sector | XLI: BULLISH
2026-06-24 23:19:51 | INFO     | scanner                   | Sector | XLY: BEARISH
2026-06-24 23:19:51 | INFO     | scanner                   | Sector | XLP: BEARISH
2026-06-24 23:19:51 | INFO     | scanner                   | Sector | XLU: BEARISH
2026-06-24 23:19:51 | INFO     | scanner                   | Sector | XLB: BULLISH
2026-06-24 23:19:51 | INFO     | scanner                   | Sector | XLRE: BULLISH
2026-06-24 23:19:51 | INFO     | scanner                   | Sector | XLC: BEARISH
2026-06-24 23:19:51 | WARNING  | scanner                   | Sector check: XLK not found in indicator results
2026-06-24 23:19:51 | WARNING  | scanner                   | Sector check: XLF not found in indicator results
2026-06-24 23:19:51 | WARNING  | scanner                   | Sector check: XLE not found in indicator results
2026-06-24 23:19:51 | WARNING  | scanner                   | Sector check: XLV not found in indicator results
2026-06-24 23:19:51 | WARNING  | scanner                   | Sector check: XLI not found in indicator results
2026-06-24 23:19:51 | WARNING  | scanner                   | Sector check: XLY not found in indicator results
2026-06-24 23:19:51 | WARNING  | scanner                   | Sector check: XLP not found in indicator results
2026-06-24 23:19:51 | WARNING  | scanner                   | Sector check: XLU not found in indicator results
2026-06-24 23:19:51 | WARNING  | scanner                   | Sector check: XLB not found in indicator results
2026-06-24 23:19:51 | WARNING  | scanner                   | Sector check: XLRE not found in indicator results
2026-06-24 23:19:51 | WARNING  | scanner                   | Sector check: XLC not found in indicator results
2026-06-24 23:19:51 | INFO     | scanner                   | Sector | XLK: BULLISH
2026-06-24 23:19:51 | INFO     | scanner                   | Sector | XLF: BULLISH
2026-06-24 23:19:51 | INFO     | scanner                   | Sector | XLE: BEARISH
2026-06-24 23:19:51 | INFO     | scanner                   | Sector | XLV: BULLISH
2026-06-24 23:19:51 | INFO     | scanner                   | Sector | XLI: BULLISH
2026-06-24 23:19:51 | INFO     | scanner                   | Sector | XLY: BEARISH
2026-06-24 23:19:51 | INFO     | scanner                   | Sector | XLP: BEARISH
2026-06-24 23:19:51 | INFO     | scanner                   | Sector | XLU: BEARISH
2026-06-24 23:19:51 | INFO     | scanner                   | Sector | XLB: BULLISH
2026-06-24 23:19:51 | INFO     | scanner                   | Sector | XLRE: BULLISH
2026-06-24 23:19:51 | INFO     | scanner                   | Sector | XLC: BEARISH
2026-06-24 23:19:51 | WARNING  | scanner                   | Sector check: XLK not found in indicator results
2026-06-24 23:19:51 | WARNING  | scanner                   | Sector check: XLF not found in indicator results
2026-06-24 23:19:51 | WARNING  | scanner                   | Sector check: XLE not found in indicator results
2026-06-24 23:19:51 | WARNING  | scanner                   | Sector check: XLV not found in indicator results
2026-06-24 23:19:51 | WARNING  | scanner                   | Sector check: XLI not found in indicator results
2026-06-24 23:19:51 | WARNING  | scanner                   | Sector check: XLY not found in indicator results
2026-06-24 23:19:51 | WARNING  | scanner                   | Sector check: XLP not found in indicator results
2026-06-24 23:19:51 | WARNING  | scanner                   | Sector check: XLU not found in indicator results
2026-06-24 23:19:51 | WARNING  | scanner                   | Sector check: XLB not found in indicator results
2026-06-24 23:19:51 | WARNING  | scanner                   | Sector check: XLRE not found in indicator results
2026-06-24 23:19:51 | WARNING  | scanner                   | Sector check: XLC not found in indicator results
2026-06-24 23:19:51 | INFO     | scanner                   | Sector | XLK: BULLISH
2026-06-24 23:19:51 | INFO     | scanner                   | Sector | XLF: BULLISH
2026-06-24 23:19:51 | INFO     | scanner                   | Sector | XLE: BEARISH
2026-06-24 23:19:51 | INFO     | scanner                   | Sector | XLV: BULLISH
2026-06-24 23:19:51 | INFO     | scanner                   | Sector | XLI: BULLISH
2026-06-24 23:19:51 | INFO     | scanner                   | Sector | XLY: BEARISH
2026-06-24 23:19:51 | INFO     | scanner                   | Sector | XLP: BEARISH
2026-06-24 23:19:51 | INFO     | scanner                   | Sector | XLU: BEARISH
2026-06-24 23:19:51 | INFO     | scanner                   | Sector | XLB: BULLISH
2026-06-24 23:19:51 | INFO     | scanner                   | Sector | XLRE: BULLISH
2026-06-24 23:19:51 | INFO     | scanner                   | Sector | XLC: BEARISH
2026-06-24 23:19:51 | WARNING  | scanner                   | Sector check: XLK not found in indicator results
2026-06-24 23:19:51 | WARNING  | scanner                   | Sector check: XLF not found in indicator results
2026-06-24 23:19:51 | WARNING  | scanner                   | Sector check: XLE not found in indicator results
2026-06-24 23:19:51 | WARNING  | scanner                   | Sector check: XLV not found in indicator results
2026-06-24 23:19:52 | WARNING  | scanner                   | Sector check: XLI not found in indicator results
2026-06-24 23:19:52 | WARNING  | scanner                   | Sector check: XLY not found in indicator results
2026-06-24 23:19:52 | WARNING  | scanner                   | Sector check: XLP not found in indicator results
2026-06-24 23:19:52 | WARNING  | scanner                   | Sector check: XLU not found in indicator results
2026-06-24 23:19:52 | WARNING  | scanner                   | Sector check: XLB not found in indicator results
2026-06-24 23:19:52 | WARNING  | scanner                   | Sector check: XLRE not found in indicator results
2026-06-24 23:19:52 | WARNING  | scanner                   | Sector check: XLC not found in indicator results
2026-06-24 23:19:52 | INFO     | scanner                   | Sector | XLK: BULLISH
2026-06-24 23:19:52 | INFO     | scanner                   | Sector | XLF: BULLISH
2026-06-24 23:19:52 | INFO     | scanner                   | Sector | XLE: BEARISH
2026-06-24 23:19:52 | INFO     | scanner                   | Sector | XLV: BULLISH
2026-06-24 23:19:52 | INFO     | scanner                   | Sector | XLI: BULLISH
2026-06-24 23:19:52 | INFO     | scanner                   | Sector | XLY: BEARISH
2026-06-24 23:19:52 | INFO     | scanner                   | Sector | XLP: BEARISH
2026-06-24 23:19:52 | INFO     | scanner                   | Sector | XLU: BEARISH
2026-06-24 23:19:52 | INFO     | scanner                   | Sector | XLB: BULLISH
2026-06-24 23:19:52 | INFO     | scanner                   | Sector | XLRE: BULLISH
2026-06-24 23:19:52 | INFO     | scanner                   | Sector | XLC: BEARISH
2026-06-24 23:19:52 | WARNING  | scanner                   | Sector check: XLK not found in indicator results
2026-06-24 23:19:52 | WARNING  | scanner                   | Sector check: XLF not found in indicator results
2026-06-24 23:19:52 | WARNING  | scanner                   | Sector check: XLE not found in indicator results
2026-06-24 23:19:52 | WARNING  | scanner                   | Sector check: XLV not found in indicator results
2026-06-24 23:19:52 | WARNING  | scanner                   | Sector check: XLI not found in indicator results
2026-06-24 23:19:52 | WARNING  | scanner                   | Sector check: XLY not found in indicator results
2026-06-24 23:19:52 | WARNING  | scanner                   | Sector check: XLP not found in indicator results
2026-06-24 23:19:52 | WARNING  | scanner                   | Sector check: XLU not found in indicator results
2026-06-24 23:19:52 | WARNING  | scanner                   | Sector check: XLB not found in indicator results
2026-06-24 23:19:52 | WARNING  | scanner                   | Sector check: XLRE not found in indicator results
2026-06-24 23:19:52 | WARNING  | scanner                   | Sector check: XLC not found in indicator results
2026-06-24 23:19:52 | INFO     | scanner                   | Sector | XLK: BULLISH
2026-06-24 23:19:52 | INFO     | scanner                   | Sector | XLF: BULLISH
2026-06-24 23:19:52 | INFO     | scanner                   | Sector | XLE: BEARISH
2026-06-24 23:19:52 | INFO     | scanner                   | Sector | XLV: BULLISH
2026-06-24 23:19:52 | INFO     | scanner                   | Sector | XLI: BULLISH
2026-06-24 23:19:52 | INFO     | scanner                   | Sector | XLY: BEARISH
2026-06-24 23:19:52 | INFO     | scanner                   | Sector | XLP: BEARISH
2026-06-24 23:19:52 | INFO     | scanner                   | Sector | XLU: BEARISH
2026-06-24 23:19:52 | INFO     | scanner                   | Sector | XLB: BULLISH
2026-06-24 23:19:52 | INFO     | scanner                   | Sector | XLRE: BULLISH
2026-06-24 23:19:52 | INFO     | scanner                   | Sector | XLC: BEARISH
2026-06-24 23:19:52 | WARNING  | scanner                   | Sector check: XLK not found in indicator results
2026-06-24 23:19:52 | WARNING  | scanner                   | Sector check: XLF not found in indicator results
2026-06-24 23:19:52 | WARNING  | scanner                   | Sector check: XLE not found in indicator results
2026-06-24 23:19:52 | WARNING  | scanner                   | Sector check: XLV not found in indicator results
2026-06-24 23:19:52 | WARNING  | scanner                   | Sector check: XLI not found in indicator results
2026-06-24 23:19:52 | WARNING  | scanner                   | Sector check: XLY not found in indicator results
2026-06-24 23:19:52 | WARNING  | scanner                   | Sector check: XLP not found in indicator results
2026-06-24 23:19:52 | WARNING  | scanner                   | Sector check: XLU not found in indicator results
2026-06-24 23:19:52 | WARNING  | scanner                   | Sector check: XLB not found in indicator results
2026-06-24 23:19:52 | WARNING  | scanner                   | Sector check: XLRE not found in indicator results
2026-06-24 23:19:52 | WARNING  | scanner                   | Sector check: XLC not found in indicator results
2026-06-24 23:19:52 | INFO     | scanner                   | Sector | XLK: BEARISH
2026-06-24 23:19:52 | INFO     | scanner                   | Sector | XLF: BULLISH
2026-06-24 23:19:52 | INFO     | scanner                   | Sector | XLE: BEARISH
2026-06-24 23:19:52 | INFO     | scanner                   | Sector | XLV: BULLISH
2026-06-24 23:19:52 | INFO     | scanner                   | Sector | XLI: BULLISH
2026-06-24 23:19:52 | INFO     | scanner                   | Sector | XLY: BEARISH
2026-06-24 23:19:52 | INFO     | scanner                   | Sector | XLP: BEARISH
2026-06-24 23:19:52 | INFO     | scanner                   | Sector | XLU: BEARISH
2026-06-24 23:19:52 | INFO     | scanner                   | Sector | XLB: BULLISH
2026-06-24 23:19:52 | INFO     | scanner                   | Sector | XLRE: BULLISH
2026-06-24 23:19:52 | INFO     | scanner                   | Sector | XLC: BEARISH
2026-06-24 23:19:52 | WARNING  | scanner                   | Sector check: XLK not found in indicator results
2026-06-24 23:19:52 | WARNING  | scanner                   | Sector check: XLF not found in indicator results
2026-06-24 23:19:52 | WARNING  | scanner                   | Sector check: XLE not found in indicator results
2026-06-24 23:19:52 | WARNING  | scanner                   | Sector check: XLV not found in indicator results
2026-06-24 23:19:52 | WARNING  | scanner                   | Sector check: XLI not found in indicator results
2026-06-24 23:19:52 | WARNING  | scanner                   | Sector check: XLY not found in indicator results
2026-06-24 23:19:52 | WARNING  | scanner                   | Sector check: XLP not found in indicator results
2026-06-24 23:19:52 | WARNING  | scanner                   | Sector check: XLU not found in indicator results
2026-06-24 23:19:52 | WARNING  | scanner                   | Sector check: XLB not found in indicator results
2026-06-24 23:19:52 | WARNING  | scanner                   | Sector check: XLRE not found in indicator results
2026-06-24 23:19:52 | WARNING  | scanner                   | Sector check: XLC not found in indicator results
2026-06-24 23:19:52 | INFO     | scanner                   | Sector | XLK: BEARISH
2026-06-24 23:19:52 | INFO     | scanner                   | Sector | XLF: BULLISH
2026-06-24 23:19:52 | INFO     | scanner                   | Sector | XLE: BEARISH
2026-06-24 23:19:52 | INFO     | scanner                   | Sector | XLV: BULLISH
2026-06-24 23:19:52 | INFO     | scanner                   | Sector | XLI: BULLISH
2026-06-24 23:19:52 | INFO     | scanner                   | Sector | XLY: BEARISH
2026-06-24 23:19:52 | INFO     | scanner                   | Sector | XLP: BULLISH
2026-06-24 23:19:52 | INFO     | scanner                   | Sector | XLU: BEARISH
2026-06-24 23:19:52 | INFO     | scanner                   | Sector | XLB: BULLISH
2026-06-24 23:19:52 | INFO     | scanner                   | Sector | XLRE: BULLISH
2026-06-24 23:19:52 | INFO     | scanner                   | Sector | XLC: BEARISH
2026-06-24 23:19:52 | WARNING  | scanner                   | Sector check: XLK not found in indicator results
2026-06-24 23:19:52 | WARNING  | scanner                   | Sector check: XLF not found in indicator results
2026-06-24 23:19:52 | WARNING  | scanner                   | Sector check: XLE not found in indicator results
2026-06-24 23:19:52 | WARNING  | scanner                   | Sector check: XLV not found in indicator results
2026-06-24 23:19:52 | WARNING  | scanner                   | Sector check: XLI not found in indicator results
2026-06-24 23:19:52 | WARNING  | scanner                   | Sector check: XLY not found in indicator results
2026-06-24 23:19:52 | WARNING  | scanner                   | Sector check: XLP not found in indicator results
2026-06-24 23:19:52 | WARNING  | scanner                   | Sector check: XLU not found in indicator results
2026-06-24 23:19:52 | WARNING  | scanner                   | Sector check: XLB not found in indicator results
2026-06-24 23:19:52 | WARNING  | scanner                   | Sector check: XLRE not found in indicator results
2026-06-24 23:19:52 | WARNING  | scanner                   | Sector check: XLC not found in indicator results
2026-06-24 23:19:52 | INFO     | scanner                   | Sector | XLK: BEARISH
2026-06-24 23:19:52 | INFO     | scanner                   | Sector | XLF: BULLISH
2026-06-24 23:19:52 | INFO     | scanner                   | Sector | XLE: BEARISH
2026-06-24 23:19:52 | INFO     | scanner                   | Sector | XLV: BULLISH
2026-06-24 23:19:52 | INFO     | scanner                   | Sector | XLI: BULLISH
2026-06-24 23:19:52 | INFO     | scanner                   | Sector | XLY: BEARISH
2026-06-24 23:19:52 | INFO     | scanner                   | Sector | XLP: BULLISH
2026-06-24 23:19:52 | INFO     | scanner                   | Sector | XLU: BEARISH
2026-06-24 23:19:52 | INFO     | scanner                   | Sector | XLB: BULLISH
2026-06-24 23:19:52 | INFO     | scanner                   | Sector | XLRE: BULLISH
2026-06-24 23:19:52 | INFO     | scanner                   | Sector | XLC: BEARISH
2026-06-24 23:19:52 | WARNING  | scanner                   | Sector check: XLK not found in indicator results
2026-06-24 23:19:52 | WARNING  | scanner                   | Sector check: XLF not found in indicator results
2026-06-24 23:19:52 | WARNING  | scanner                   | Sector check: XLE not found in indicator results
2026-06-24 23:19:52 | WARNING  | scanner                   | Sector check: XLV not found in indicator results
2026-06-24 23:19:52 | WARNING  | scanner                   | Sector check: XLI not found in indicator results
2026-06-24 23:19:52 | WARNING  | scanner                   | Sector check: XLY not found in indicator results
2026-06-24 23:19:52 | WARNING  | scanner                   | Sector check: XLP not found in indicator results
2026-06-24 23:19:52 | WARNING  | scanner                   | Sector check: XLU not found in indicator results
2026-06-24 23:19:52 | WARNING  | scanner                   | Sector check: XLB not found in indicator results
2026-06-24 23:19:52 | WARNING  | scanner                   | Sector check: XLRE not found in indicator results
2026-06-24 23:19:52 | WARNING  | scanner                   | Sector check: XLC not found in indicator results
2026-06-24 23:19:52 | INFO     | scanner                   | Sector | XLK: BEARISH
2026-06-24 23:19:52 | INFO     | scanner                   | Sector | XLF: BULLISH
2026-06-24 23:19:52 | INFO     | scanner                   | Sector | XLE: BEARISH
2026-06-24 23:19:52 | INFO     | scanner                   | Sector | XLV: BULLISH
2026-06-24 23:19:52 | INFO     | scanner                   | Sector | XLI: BULLISH
2026-06-24 23:19:52 | INFO     | scanner                   | Sector | XLY: BEARISH
2026-06-24 23:19:52 | INFO     | scanner                   | Sector | XLP: BULLISH
2026-06-24 23:19:52 | INFO     | scanner                   | Sector | XLU: BEARISH
2026-06-24 23:19:52 | INFO     | scanner                   | Sector | XLB: BULLISH
2026-06-24 23:19:52 | INFO     | scanner                   | Sector | XLRE: BULLISH
2026-06-24 23:19:52 | INFO     | scanner                   | Sector | XLC: BEARISH
2026-06-24 23:19:52 | WARNING  | scanner                   | Sector check: XLK not found in indicator results
2026-06-24 23:19:52 | WARNING  | scanner                   | Sector check: XLF not found in indicator results
2026-06-24 23:19:52 | WARNING  | scanner                   | Sector check: XLE not found in indicator results
2026-06-24 23:19:52 | WARNING  | scanner                   | Sector check: XLV not found in indicator results
2026-06-24 23:19:52 | WARNING  | scanner                   | Sector check: XLI not found in indicator results
2026-06-24 23:19:52 | WARNING  | scanner                   | Sector check: XLY not found in indicator results
2026-06-24 23:19:52 | WARNING  | scanner                   | Sector check: XLP not found in indicator results
2026-06-24 23:19:52 | WARNING  | scanner                   | Sector check: XLU not found in indicator results
2026-06-24 23:19:52 | WARNING  | scanner                   | Sector check: XLB not found in indicator results
2026-06-24 23:19:52 | WARNING  | scanner                   | Sector check: XLRE not found in indicator results
2026-06-24 23:19:52 | WARNING  | scanner                   | Sector check: XLC not found in indicator results
2026-06-24 23:19:52 | INFO     | scanner                   | Sector | XLK: BEARISH
2026-06-24 23:19:52 | INFO     | scanner                   | Sector | XLF: BULLISH
2026-06-24 23:19:52 | INFO     | scanner                   | Sector | XLE: BEARISH
2026-06-24 23:19:52 | INFO     | scanner                   | Sector | XLV: BULLISH
2026-06-24 23:19:52 | INFO     | scanner                   | Sector | XLI: BULLISH
2026-06-24 23:19:52 | INFO     | scanner                   | Sector | XLY: BEARISH
2026-06-24 23:19:52 | INFO     | scanner                   | Sector | XLP: BULLISH
2026-06-24 23:19:52 | INFO     | scanner                   | Sector | XLU: BEARISH
2026-06-24 23:19:52 | INFO     | scanner                   | Sector | XLB: BULLISH
2026-06-24 23:19:52 | INFO     | scanner                   | Sector | XLRE: BULLISH
2026-06-24 23:19:52 | INFO     | scanner                   | Sector | XLC: BEARISH
2026-06-24 23:19:52 | WARNING  | scanner                   | Sector check: XLK not found in indicator results
2026-06-24 23:19:52 | WARNING  | scanner                   | Sector check: XLF not found in indicator results
2026-06-24 23:19:52 | WARNING  | scanner                   | Sector check: XLE not found in indicator results
2026-06-24 23:19:52 | WARNING  | scanner                   | Sector check: XLV not found in indicator results
2026-06-24 23:19:52 | WARNING  | scanner                   | Sector check: XLI not found in indicator results
2026-06-24 23:19:52 | WARNING  | scanner                   | Sector check: XLY not found in indicator results
2026-06-24 23:19:52 | WARNING  | scanner                   | Sector check: XLP not found in indicator results
2026-06-24 23:19:52 | WARNING  | scanner                   | Sector check: XLU not found in indicator results
2026-06-24 23:19:52 | WARNING  | scanner                   | Sector check: XLB not found in indicator results
2026-06-24 23:19:52 | WARNING  | scanner                   | Sector check: XLRE not found in indicator results
2026-06-24 23:19:52 | WARNING  | scanner                   | Sector check: XLC not found in indicator results
2026-06-24 23:19:52 | INFO     | scanner                   | Sector | XLK: BEARISH
2026-06-24 23:19:52 | INFO     | scanner                   | Sector | XLF: BULLISH
2026-06-24 23:19:52 | INFO     | scanner                   | Sector | XLE: BEARISH
2026-06-24 23:19:52 | INFO     | scanner                   | Sector | XLV: BULLISH
2026-06-24 23:19:52 | INFO     | scanner                   | Sector | XLI: BULLISH
2026-06-24 23:19:52 | INFO     | scanner                   | Sector | XLY: BEARISH
2026-06-24 23:19:52 | INFO     | scanner                   | Sector | XLP: BULLISH
2026-06-24 23:19:52 | INFO     | scanner                   | Sector | XLU: BEARISH
2026-06-24 23:19:52 | INFO     | scanner                   | Sector | XLB: BULLISH
2026-06-24 23:19:52 | INFO     | scanner                   | Sector | XLRE: BULLISH
2026-06-24 23:19:52 | INFO     | scanner                   | Sector | XLC: BEARISH
2026-06-24 23:19:52 | WARNING  | scanner                   | Sector check: XLK not found in indicator results
2026-06-24 23:19:52 | WARNING  | scanner                   | Sector check: XLF not found in indicator results
2026-06-24 23:19:52 | WARNING  | scanner                   | Sector check: XLE not found in indicator results
2026-06-24 23:19:52 | WARNING  | scanner                   | Sector check: XLV not found in indicator results
2026-06-24 23:19:52 | WARNING  | scanner                   | Sector check: XLI not found in indicator results
2026-06-24 23:19:52 | WARNING  | scanner                   | Sector check: XLY not found in indicator results
2026-06-24 23:19:52 | WARNING  | scanner                   | Sector check: XLP not found in indicator results
2026-06-24 23:19:52 | WARNING  | scanner                   | Sector check: XLU not found in indicator results
2026-06-24 23:19:52 | WARNING  | scanner                   | Sector check: XLB not found in indicator results
2026-06-24 23:19:52 | WARNING  | scanner                   | Sector check: XLRE not found in indicator results
2026-06-24 23:19:52 | WARNING  | scanner                   | Sector check: XLC not found in indicator results
2026-06-24 23:19:52 | INFO     | scanner                   | Sector | XLK: BEARISH
2026-06-24 23:19:52 | INFO     | scanner                   | Sector | XLF: BULLISH
2026-06-24 23:19:52 | INFO     | scanner                   | Sector | XLE: BEARISH
2026-06-24 23:19:52 | INFO     | scanner                   | Sector | XLV: BULLISH
2026-06-24 23:19:52 | INFO     | scanner                   | Sector | XLI: BULLISH
2026-06-24 23:19:52 | INFO     | scanner                   | Sector | XLY: BEARISH
2026-06-24 23:19:52 | INFO     | scanner                   | Sector | XLP: BULLISH
2026-06-24 23:19:52 | INFO     | scanner                   | Sector | XLU: BEARISH
2026-06-24 23:19:52 | INFO     | scanner                   | Sector | XLB: BULLISH
2026-06-24 23:19:52 | INFO     | scanner                   | Sector | XLRE: BULLISH
2026-06-24 23:19:52 | INFO     | scanner                   | Sector | XLC: BEARISH
2026-06-24 23:19:52 | WARNING  | scanner                   | Sector check: XLK not found in indicator results
2026-06-24 23:19:52 | WARNING  | scanner                   | Sector check: XLF not found in indicator results
2026-06-24 23:19:52 | WARNING  | scanner                   | Sector check: XLE not found in indicator results
2026-06-24 23:19:52 | WARNING  | scanner                   | Sector check: XLV not found in indicator results
2026-06-24 23:19:52 | WARNING  | scanner                   | Sector check: XLI not found in indicator results
2026-06-24 23:19:52 | WARNING  | scanner                   | Sector check: XLY not found in indicator results
2026-06-24 23:19:52 | WARNING  | scanner                   | Sector check: XLP not found in indicator results
2026-06-24 23:19:52 | WARNING  | scanner                   | Sector check: XLU not found in indicator results
2026-06-24 23:19:52 | WARNING  | scanner                   | Sector check: XLB not found in indicator results
2026-06-24 23:19:52 | WARNING  | scanner                   | Sector check: XLRE not found in indicator results
2026-06-24 23:19:52 | WARNING  | scanner                   | Sector check: XLC not found in indicator results
2026-06-24 23:19:52 | INFO     | scanner                   | Sector | XLK: BEARISH
2026-06-24 23:19:52 | INFO     | scanner                   | Sector | XLF: BULLISH
2026-06-24 23:19:52 | INFO     | scanner                   | Sector | XLE: BEARISH
2026-06-24 23:19:52 | INFO     | scanner                   | Sector | XLV: BULLISH
2026-06-24 23:19:52 | INFO     | scanner                   | Sector | XLI: BULLISH
2026-06-24 23:19:52 | INFO     | scanner                   | Sector | XLY: BEARISH
2026-06-24 23:19:52 | INFO     | scanner                   | Sector | XLP: BULLISH
2026-06-24 23:19:52 | INFO     | scanner                   | Sector | XLU: BEARISH
2026-06-24 23:19:52 | INFO     | scanner                   | Sector | XLB: BULLISH
2026-06-24 23:19:52 | INFO     | scanner                   | Sector | XLRE: BULLISH
2026-06-24 23:19:52 | INFO     | scanner                   | Sector | XLC: BEARISH
2026-06-24 23:19:52 | WARNING  | scanner                   | Sector check: XLK not found in indicator results
2026-06-24 23:19:52 | WARNING  | scanner                   | Sector check: XLF not found in indicator results
2026-06-24 23:19:52 | WARNING  | scanner                   | Sector check: XLE not found in indicator results
2026-06-24 23:19:52 | WARNING  | scanner                   | Sector check: XLV not found in indicator results
2026-06-24 23:19:52 | WARNING  | scanner                   | Sector check: XLI not found in indicator results
2026-06-24 23:19:52 | WARNING  | scanner                   | Sector check: XLY not found in indicator results
2026-06-24 23:19:52 | WARNING  | scanner                   | Sector check: XLP not found in indicator results
2026-06-24 23:19:52 | WARNING  | scanner                   | Sector check: XLU not found in indicator results
2026-06-24 23:19:52 | WARNING  | scanner                   | Sector check: XLB not found in indicator results
2026-06-24 23:19:52 | WARNING  | scanner                   | Sector check: XLRE not found in indicator results
2026-06-24 23:19:52 | WARNING  | scanner                   | Sector check: XLC not found in indicator results
2026-06-24 23:19:52 | INFO     | scanner                   | Sector | XLK: BEARISH
2026-06-24 23:19:52 | INFO     | scanner                   | Sector | XLF: BULLISH
2026-06-24 23:19:52 | INFO     | scanner                   | Sector | XLE: BEARISH
2026-06-24 23:19:52 | INFO     | scanner                   | Sector | XLV: BULLISH
2026-06-24 23:19:52 | INFO     | scanner                   | Sector | XLI: BULLISH
2026-06-24 23:19:52 | INFO     | scanner                   | Sector | XLY: BEARISH
2026-06-24 23:19:52 | INFO     | scanner                   | Sector | XLP: BULLISH
2026-06-24 23:19:52 | INFO     | scanner                   | Sector | XLU: BEARISH
2026-06-24 23:19:52 | INFO     | scanner                   | Sector | XLB: BULLISH
2026-06-24 23:19:52 | INFO     | scanner                   | Sector | XLRE: BULLISH
2026-06-24 23:19:52 | INFO     | scanner                   | Sector | XLC: BEARISH
2026-06-24 23:19:52 | WARNING  | scanner                   | Sector check: XLK not found in indicator results
2026-06-24 23:19:52 | WARNING  | scanner                   | Sector check: XLF not found in indicator results
2026-06-24 23:19:52 | WARNING  | scanner                   | Sector check: XLE not found in indicator results
2026-06-24 23:19:52 | WARNING  | scanner                   | Sector check: XLV not found in indicator results
2026-06-24 23:19:52 | WARNING  | scanner                   | Sector check: XLI not found in indicator results
2026-06-24 23:19:52 | WARNING  | scanner                   | Sector check: XLY not found in indicator results
2026-06-24 23:19:52 | WARNING  | scanner                   | Sector check: XLP not found in indicator results
2026-06-24 23:19:52 | WARNING  | scanner                   | Sector check: XLU not found in indicator results
2026-06-24 23:19:52 | WARNING  | scanner                   | Sector check: XLB not found in indicator results
2026-06-24 23:19:52 | WARNING  | scanner                   | Sector check: XLRE not found in indicator results
2026-06-24 23:19:52 | WARNING  | scanner                   | Sector check: XLC not found in indicator results
2026-06-24 23:19:52 | INFO     | scanner                   | Sector | XLK: BEARISH
2026-06-24 23:19:52 | INFO     | scanner                   | Sector | XLF: BULLISH
2026-06-24 23:19:52 | INFO     | scanner                   | Sector | XLE: BEARISH
2026-06-24 23:19:52 | INFO     | scanner                   | Sector | XLV: BULLISH
2026-06-24 23:19:52 | INFO     | scanner                   | Sector | XLI: BULLISH
2026-06-24 23:19:52 | INFO     | scanner                   | Sector | XLY: BEARISH
2026-06-24 23:19:52 | INFO     | scanner                   | Sector | XLP: BULLISH
2026-06-24 23:19:52 | INFO     | scanner                   | Sector | XLU: BEARISH
2026-06-24 23:19:52 | INFO     | scanner                   | Sector | XLB: BULLISH
2026-06-24 23:19:52 | INFO     | scanner                   | Sector | XLRE: BULLISH
2026-06-24 23:19:52 | INFO     | scanner                   | Sector | XLC: BEARISH
2026-06-24 23:19:52 | WARNING  | scanner                   | Sector check: XLK not found in indicator results
2026-06-24 23:19:52 | WARNING  | scanner                   | Sector check: XLF not found in indicator results
2026-06-24 23:19:52 | WARNING  | scanner                   | Sector check: XLE not found in indicator results
2026-06-24 23:19:52 | WARNING  | scanner                   | Sector check: XLV not found in indicator results
2026-06-24 23:19:52 | WARNING  | scanner                   | Sector check: XLI not found in indicator results
2026-06-24 23:19:52 | WARNING  | scanner                   | Sector check: XLY not found in indicator results
2026-06-24 23:19:52 | WARNING  | scanner                   | Sector check: XLP not found in indicator results
2026-06-24 23:19:52 | WARNING  | scanner                   | Sector check: XLU not found in indicator results
2026-06-24 23:19:52 | WARNING  | scanner                   | Sector check: XLB not found in indicator results
2026-06-24 23:19:52 | WARNING  | scanner                   | Sector check: XLRE not found in indicator results
2026-06-24 23:19:52 | WARNING  | scanner                   | Sector check: XLC not found in indicator results
2026-06-24 23:19:52 | INFO     | scanner                   | Sector | XLK: BEARISH
2026-06-24 23:19:52 | INFO     | scanner                   | Sector | XLF: BULLISH
2026-06-24 23:19:52 | INFO     | scanner                   | Sector | XLE: BEARISH
2026-06-24 23:19:52 | INFO     | scanner                   | Sector | XLV: BULLISH
2026-06-24 23:19:52 | INFO     | scanner                   | Sector | XLI: BULLISH
2026-06-24 23:19:52 | INFO     | scanner                   | Sector | XLY: BEARISH
2026-06-24 23:19:52 | INFO     | scanner                   | Sector | XLP: BULLISH
2026-06-24 23:19:52 | INFO     | scanner                   | Sector | XLU: BEARISH
2026-06-24 23:19:52 | INFO     | scanner                   | Sector | XLB: BULLISH
2026-06-24 23:19:52 | INFO     | scanner                   | Sector | XLRE: BULLISH
2026-06-24 23:19:52 | INFO     | scanner                   | Sector | XLC: BEARISH
2026-06-24 23:19:52 | WARNING  | scanner                   | Sector check: XLK not found in indicator results
2026-06-24 23:19:52 | WARNING  | scanner                   | Sector check: XLF not found in indicator results
2026-06-24 23:19:52 | WARNING  | scanner                   | Sector check: XLE not found in indicator results
2026-06-24 23:19:52 | WARNING  | scanner                   | Sector check: XLV not found in indicator results
2026-06-24 23:19:52 | WARNING  | scanner                   | Sector check: XLI not found in indicator results
2026-06-24 23:19:52 | WARNING  | scanner                   | Sector check: XLY not found in indicator results
2026-06-24 23:19:52 | WARNING  | scanner                   | Sector check: XLP not found in indicator results
2026-06-24 23:19:52 | WARNING  | scanner                   | Sector check: XLU not found in indicator results
2026-06-24 23:19:52 | WARNING  | scanner                   | Sector check: XLB not found in indicator results
2026-06-24 23:19:52 | WARNING  | scanner                   | Sector check: XLRE not found in indicator results
2026-06-24 23:19:52 | WARNING  | scanner                   | Sector check: XLC not found in indicator results
2026-06-24 23:19:52 | INFO     | scanner                   | Sector | XLK: BEARISH
2026-06-24 23:19:52 | INFO     | scanner                   | Sector | XLF: BULLISH
2026-06-24 23:19:52 | INFO     | scanner                   | Sector | XLE: BEARISH
2026-06-24 23:19:52 | INFO     | scanner                   | Sector | XLV: BULLISH
2026-06-24 23:19:52 | INFO     | scanner                   | Sector | XLI: BULLISH
2026-06-24 23:19:52 | INFO     | scanner                   | Sector | XLY: BEARISH
2026-06-24 23:19:52 | INFO     | scanner                   | Sector | XLP: BULLISH
2026-06-24 23:19:52 | INFO     | scanner                   | Sector | XLU: BEARISH
2026-06-24 23:19:52 | INFO     | scanner                   | Sector | XLB: BULLISH
2026-06-24 23:19:52 | INFO     | scanner                   | Sector | XLRE: BULLISH
2026-06-24 23:19:52 | INFO     | scanner                   | Sector | XLC: BEARISH
2026-06-24 23:19:52 | WARNING  | scanner                   | Sector check: XLK not found in indicator results
2026-06-24 23:19:52 | WARNING  | scanner                   | Sector check: XLF not found in indicator results
2026-06-24 23:19:52 | WARNING  | scanner                   | Sector check: XLE not found in indicator results
2026-06-24 23:19:52 | WARNING  | scanner                   | Sector check: XLV not found in indicator results
2026-06-24 23:19:52 | WARNING  | scanner                   | Sector check: XLI not found in indicator results
2026-06-24 23:19:52 | WARNING  | scanner                   | Sector check: XLY not found in indicator results
2026-06-24 23:19:52 | WARNING  | scanner                   | Sector check: XLP not found in indicator results
2026-06-24 23:19:52 | WARNING  | scanner                   | Sector check: XLU not found in indicator results
2026-06-24 23:19:52 | WARNING  | scanner                   | Sector check: XLB not found in indicator results
2026-06-24 23:19:52 | WARNING  | scanner                   | Sector check: XLRE not found in indicator results
2026-06-24 23:19:52 | WARNING  | scanner                   | Sector check: XLC not found in indicator results
2026-06-24 23:19:52 | INFO     | scanner                   | Sector | XLK: BEARISH
2026-06-24 23:19:52 | INFO     | scanner                   | Sector | XLF: BULLISH
2026-06-24 23:19:52 | INFO     | scanner                   | Sector | XLE: BEARISH
2026-06-24 23:19:52 | INFO     | scanner                   | Sector | XLV: BULLISH
2026-06-24 23:19:52 | INFO     | scanner                   | Sector | XLI: BULLISH
2026-06-24 23:19:52 | INFO     | scanner                   | Sector | XLY: BEARISH
2026-06-24 23:19:52 | INFO     | scanner                   | Sector | XLP: BULLISH
2026-06-24 23:19:52 | INFO     | scanner                   | Sector | XLU: BEARISH
2026-06-24 23:19:52 | INFO     | scanner                   | Sector | XLB: BULLISH
2026-06-24 23:19:52 | INFO     | scanner                   | Sector | XLRE: BULLISH
2026-06-24 23:19:52 | INFO     | scanner                   | Sector | XLC: BEARISH
2026-06-24 23:19:52 | WARNING  | scanner                   | Sector check: XLK not found in indicator results
2026-06-24 23:19:52 | WARNING  | scanner                   | Sector check: XLF not found in indicator results
2026-06-24 23:19:52 | WARNING  | scanner                   | Sector check: XLE not found in indicator results
2026-06-24 23:19:52 | WARNING  | scanner                   | Sector check: XLV not found in indicator results
2026-06-24 23:19:52 | WARNING  | scanner                   | Sector check: XLI not found in indicator results
2026-06-24 23:19:52 | WARNING  | scanner                   | Sector check: XLY not found in indicator results
2026-06-24 23:19:52 | WARNING  | scanner                   | Sector check: XLP not found in indicator results
2026-06-24 23:19:52 | WARNING  | scanner                   | Sector check: XLU not found in indicator results
2026-06-24 23:19:52 | WARNING  | scanner                   | Sector check: XLB not found in indicator results
2026-06-24 23:19:52 | WARNING  | scanner                   | Sector check: XLRE not found in indicator results
2026-06-24 23:19:52 | WARNING  | scanner                   | Sector check: XLC not found in indicator results
2026-06-24 23:19:52 | INFO     | scanner                   | Sector | XLK: BEARISH
2026-06-24 23:19:52 | INFO     | scanner                   | Sector | XLF: BULLISH
2026-06-24 23:19:52 | INFO     | scanner                   | Sector | XLE: BEARISH
2026-06-24 23:19:52 | INFO     | scanner                   | Sector | XLV: BULLISH
2026-06-24 23:19:52 | INFO     | scanner                   | Sector | XLI: BULLISH
2026-06-24 23:19:52 | INFO     | scanner                   | Sector | XLY: BEARISH
2026-06-24 23:19:52 | INFO     | scanner                   | Sector | XLP: BULLISH
2026-06-24 23:19:52 | INFO     | scanner                   | Sector | XLU: BEARISH
2026-06-24 23:19:52 | INFO     | scanner                   | Sector | XLB: BULLISH
2026-06-24 23:19:52 | INFO     | scanner                   | Sector | XLRE: BULLISH
2026-06-24 23:19:52 | INFO     | scanner                   | Sector | XLC: BEARISH
2026-06-24 23:19:52 | WARNING  | scanner                   | Sector check: XLK not found in indicator results
2026-06-24 23:19:52 | WARNING  | scanner                   | Sector check: XLF not found in indicator results
2026-06-24 23:19:52 | WARNING  | scanner                   | Sector check: XLE not found in indicator results
2026-06-24 23:19:52 | WARNING  | scanner                   | Sector check: XLV not found in indicator results
2026-06-24 23:19:52 | WARNING  | scanner                   | Sector check: XLI not found in indicator results
2026-06-24 23:19:52 | WARNING  | scanner                   | Sector check: XLY not found in indicator results
2026-06-24 23:19:52 | WARNING  | scanner                   | Sector check: XLP not found in indicator results
2026-06-24 23:19:52 | WARNING  | scanner                   | Sector check: XLU not found in indicator results
2026-06-24 23:19:52 | WARNING  | scanner                   | Sector check: XLB not found in indicator results
2026-06-24 23:19:52 | WARNING  | scanner                   | Sector check: XLRE not found in indicator results
2026-06-24 23:19:52 | WARNING  | scanner                   | Sector check: XLC not found in indicator results
2026-06-24 23:19:52 | INFO     | scanner                   | Sector | XLK: BEARISH
2026-06-24 23:19:52 | INFO     | scanner                   | Sector | XLF: BULLISH
2026-06-24 23:19:52 | INFO     | scanner                   | Sector | XLE: BEARISH
2026-06-24 23:19:52 | INFO     | scanner                   | Sector | XLV: BULLISH
2026-06-24 23:19:52 | INFO     | scanner                   | Sector | XLI: BULLISH
2026-06-24 23:19:52 | INFO     | scanner                   | Sector | XLY: BEARISH
2026-06-24 23:19:52 | INFO     | scanner                   | Sector | XLP: BULLISH
2026-06-24 23:19:52 | INFO     | scanner                   | Sector | XLU: BEARISH
2026-06-24 23:19:52 | INFO     | scanner                   | Sector | XLB: BULLISH
2026-06-24 23:19:52 | INFO     | scanner                   | Sector | XLRE: BULLISH
2026-06-24 23:19:52 | INFO     | scanner                   | Sector | XLC: BEARISH
2026-06-24 23:19:52 | WARNING  | scanner                   | Sector check: XLK not found in indicator results
2026-06-24 23:19:52 | WARNING  | scanner                   | Sector check: XLF not found in indicator results
2026-06-24 23:19:52 | WARNING  | scanner                   | Sector check: XLE not found in indicator results
2026-06-24 23:19:52 | WARNING  | scanner                   | Sector check: XLV not found in indicator results
2026-06-24 23:19:52 | WARNING  | scanner                   | Sector check: XLI not found in indicator results
2026-06-24 23:19:52 | WARNING  | scanner                   | Sector check: XLY not found in indicator results
2026-06-24 23:19:52 | WARNING  | scanner                   | Sector check: XLP not found in indicator results
2026-06-24 23:19:52 | WARNING  | scanner                   | Sector check: XLU not found in indicator results
2026-06-24 23:19:52 | WARNING  | scanner                   | Sector check: XLB not found in indicator results
2026-06-24 23:19:52 | WARNING  | scanner                   | Sector check: XLRE not found in indicator results
2026-06-24 23:19:52 | WARNING  | scanner                   | Sector check: XLC not found in indicator results
2026-06-24 23:19:52 | INFO     | scanner                   | Sector | XLK: BEARISH
2026-06-24 23:19:52 | INFO     | scanner                   | Sector | XLF: BULLISH
2026-06-24 23:19:52 | INFO     | scanner                   | Sector | XLE: BEARISH
2026-06-24 23:19:52 | INFO     | scanner                   | Sector | XLV: BULLISH
2026-06-24 23:19:52 | INFO     | scanner                   | Sector | XLI: BULLISH
2026-06-24 23:19:52 | INFO     | scanner                   | Sector | XLY: BEARISH
2026-06-24 23:19:52 | INFO     | scanner                   | Sector | XLP: BULLISH
2026-06-24 23:19:52 | INFO     | scanner                   | Sector | XLU: BEARISH
2026-06-24 23:19:52 | INFO     | scanner                   | Sector | XLB: BULLISH
2026-06-24 23:19:52 | INFO     | scanner                   | Sector | XLRE: BULLISH
2026-06-24 23:19:52 | INFO     | scanner                   | Sector | XLC: BEARISH
2026-06-24 23:19:52 | WARNING  | scanner                   | Sector check: XLK not found in indicator results
2026-06-24 23:19:52 | WARNING  | scanner                   | Sector check: XLF not found in indicator results
2026-06-24 23:19:52 | WARNING  | scanner                   | Sector check: XLE not found in indicator results
2026-06-24 23:19:52 | WARNING  | scanner                   | Sector check: XLV not found in indicator results
2026-06-24 23:19:52 | WARNING  | scanner                   | Sector check: XLI not found in indicator results
2026-06-24 23:19:52 | WARNING  | scanner                   | Sector check: XLY not found in indicator results
2026-06-24 23:19:52 | WARNING  | scanner                   | Sector check: XLP not found in indicator results
2026-06-24 23:19:52 | WARNING  | scanner                   | Sector check: XLU not found in indicator results
2026-06-24 23:19:52 | WARNING  | scanner                   | Sector check: XLB not found in indicator results
2026-06-24 23:19:52 | WARNING  | scanner                   | Sector check: XLRE not found in indicator results
2026-06-24 23:19:52 | WARNING  | scanner                   | Sector check: XLC not found in indicator results
2026-06-24 23:19:52 | INFO     | scanner                   | Sector | XLK: BEARISH
2026-06-24 23:19:52 | INFO     | scanner                   | Sector | XLF: BULLISH
2026-06-24 23:19:52 | INFO     | scanner                   | Sector | XLE: BEARISH
2026-06-24 23:19:52 | INFO     | scanner                   | Sector | XLV: BULLISH
2026-06-24 23:19:52 | INFO     | scanner                   | Sector | XLI: BULLISH
2026-06-24 23:19:52 | INFO     | scanner                   | Sector | XLY: BEARISH
2026-06-24 23:19:52 | INFO     | scanner                   | Sector | XLP: BULLISH
2026-06-24 23:19:52 | INFO     | scanner                   | Sector | XLU: BEARISH
2026-06-24 23:19:52 | INFO     | scanner                   | Sector | XLB: BULLISH
2026-06-24 23:19:52 | INFO     | scanner                   | Sector | XLRE: BULLISH
2026-06-24 23:19:52 | INFO     | scanner                   | Sector | XLC: BEARISH
2026-06-24 23:19:52 | WARNING  | scanner                   | Sector check: XLK not found in indicator results
2026-06-24 23:19:52 | WARNING  | scanner                   | Sector check: XLF not found in indicator results
2026-06-24 23:19:52 | WARNING  | scanner                   | Sector check: XLE not found in indicator results
2026-06-24 23:19:52 | WARNING  | scanner                   | Sector check: XLV not found in indicator results
2026-06-24 23:19:52 | WARNING  | scanner                   | Sector check: XLI not found in indicator results
2026-06-24 23:19:52 | WARNING  | scanner                   | Sector check: XLY not found in indicator results
2026-06-24 23:19:52 | WARNING  | scanner                   | Sector check: XLP not found in indicator results
2026-06-24 23:19:52 | WARNING  | scanner                   | Sector check: XLU not found in indicator results
2026-06-24 23:19:52 | WARNING  | scanner                   | Sector check: XLB not found in indicator results
2026-06-24 23:19:52 | WARNING  | scanner                   | Sector check: XLRE not found in indicator results
2026-06-24 23:19:52 | WARNING  | scanner                   | Sector check: XLC not found in indicator results
2026-06-24 23:19:52 | INFO     | scanner                   | Sector | XLK: BEARISH
2026-06-24 23:19:52 | INFO     | scanner                   | Sector | XLF: BULLISH
2026-06-24 23:19:52 | INFO     | scanner                   | Sector | XLE: BEARISH
2026-06-24 23:19:52 | INFO     | scanner                   | Sector | XLV: BULLISH
2026-06-24 23:19:52 | INFO     | scanner                   | Sector | XLI: BULLISH
2026-06-24 23:19:52 | INFO     | scanner                   | Sector | XLY: BEARISH
2026-06-24 23:19:52 | INFO     | scanner                   | Sector | XLP: BULLISH
2026-06-24 23:19:52 | INFO     | scanner                   | Sector | XLU: BEARISH
2026-06-24 23:19:52 | INFO     | scanner                   | Sector | XLB: BULLISH
2026-06-24 23:19:52 | INFO     | scanner                   | Sector | XLRE: BULLISH
2026-06-24 23:19:52 | INFO     | scanner                   | Sector | XLC: BEARISH
2026-06-24 23:19:52 | WARNING  | scanner                   | Sector check: XLK not found in indicator results
2026-06-24 23:19:52 | WARNING  | scanner                   | Sector check: XLF not found in indicator results
2026-06-24 23:19:52 | WARNING  | scanner                   | Sector check: XLE not found in indicator results
2026-06-24 23:19:52 | WARNING  | scanner                   | Sector check: XLV not found in indicator results
2026-06-24 23:19:52 | WARNING  | scanner                   | Sector check: XLI not found in indicator results
2026-06-24 23:19:52 | WARNING  | scanner                   | Sector check: XLY not found in indicator results
2026-06-24 23:19:52 | WARNING  | scanner                   | Sector check: XLP not found in indicator results
2026-06-24 23:19:52 | WARNING  | scanner                   | Sector check: XLU not found in indicator results
2026-06-24 23:19:52 | WARNING  | scanner                   | Sector check: XLB not found in indicator results
2026-06-24 23:19:52 | WARNING  | scanner                   | Sector check: XLRE not found in indicator results
2026-06-24 23:19:52 | WARNING  | scanner                   | Sector check: XLC not found in indicator results
2026-06-24 23:19:52 | INFO     | scanner                   | Sector | XLK: BEARISH
2026-06-24 23:19:52 | INFO     | scanner                   | Sector | XLF: BULLISH
2026-06-24 23:19:52 | INFO     | scanner                   | Sector | XLE: BEARISH
2026-06-24 23:19:52 | INFO     | scanner                   | Sector | XLV: BULLISH
2026-06-24 23:19:52 | INFO     | scanner                   | Sector | XLI: BULLISH
2026-06-24 23:19:52 | INFO     | scanner                   | Sector | XLY: BEARISH
2026-06-24 23:19:52 | INFO     | scanner                   | Sector | XLP: BULLISH
2026-06-24 23:19:52 | INFO     | scanner                   | Sector | XLU: BEARISH
2026-06-24 23:19:52 | INFO     | scanner                   | Sector | XLB: BULLISH
2026-06-24 23:19:52 | INFO     | scanner                   | Sector | XLRE: BULLISH
2026-06-24 23:19:52 | INFO     | scanner                   | Sector | XLC: BEARISH
2026-06-24 23:19:52 | WARNING  | scanner                   | Sector check: XLK not found in indicator results
2026-06-24 23:19:52 | WARNING  | scanner                   | Sector check: XLF not found in indicator results
2026-06-24 23:19:52 | WARNING  | scanner                   | Sector check: XLE not found in indicator results
2026-06-24 23:19:52 | WARNING  | scanner                   | Sector check: XLV not found in indicator results
2026-06-24 23:19:52 | WARNING  | scanner                   | Sector check: XLI not found in indicator results
2026-06-24 23:19:52 | WARNING  | scanner                   | Sector check: XLY not found in indicator results
2026-06-24 23:19:52 | WARNING  | scanner                   | Sector check: XLP not found in indicator results
2026-06-24 23:19:52 | WARNING  | scanner                   | Sector check: XLU not found in indicator results
2026-06-24 23:19:52 | WARNING  | scanner                   | Sector check: XLB not found in indicator results
2026-06-24 23:19:52 | WARNING  | scanner                   | Sector check: XLRE not found in indicator results
2026-06-24 23:19:52 | WARNING  | scanner                   | Sector check: XLC not found in indicator results
2026-06-24 23:19:52 | INFO     | scanner                   | Sector | XLK: BEARISH
2026-06-24 23:19:52 | INFO     | scanner                   | Sector | XLF: BULLISH
2026-06-24 23:19:52 | INFO     | scanner                   | Sector | XLE: BEARISH
2026-06-24 23:19:52 | INFO     | scanner                   | Sector | XLV: BULLISH
2026-06-24 23:19:52 | INFO     | scanner                   | Sector | XLI: BULLISH
2026-06-24 23:19:52 | INFO     | scanner                   | Sector | XLY: BEARISH
2026-06-24 23:19:52 | INFO     | scanner                   | Sector | XLP: BULLISH
2026-06-24 23:19:52 | INFO     | scanner                   | Sector | XLU: BULLISH
2026-06-24 23:19:52 | INFO     | scanner                   | Sector | XLB: BULLISH
2026-06-24 23:19:52 | INFO     | scanner                   | Sector | XLRE: BULLISH
2026-06-24 23:19:52 | INFO     | scanner                   | Sector | XLC: BEARISH
2026-06-24 23:19:52 | WARNING  | scanner                   | Sector check: XLK not found in indicator results
2026-06-24 23:19:52 | WARNING  | scanner                   | Sector check: XLF not found in indicator results
2026-06-24 23:19:52 | WARNING  | scanner                   | Sector check: XLE not found in indicator results
2026-06-24 23:19:52 | WARNING  | scanner                   | Sector check: XLV not found in indicator results
2026-06-24 23:19:52 | WARNING  | scanner                   | Sector check: XLI not found in indicator results
2026-06-24 23:19:52 | WARNING  | scanner                   | Sector check: XLY not found in indicator results
2026-06-24 23:19:52 | WARNING  | scanner                   | Sector check: XLP not found in indicator results
2026-06-24 23:19:52 | WARNING  | scanner                   | Sector check: XLU not found in indicator results
2026-06-24 23:19:52 | WARNING  | scanner                   | Sector check: XLB not found in indicator results
2026-06-24 23:19:52 | WARNING  | scanner                   | Sector check: XLRE not found in indicator results
2026-06-24 23:19:52 | WARNING  | scanner                   | Sector check: XLC not found in indicator results
2026-06-24 23:19:52 | INFO     | scanner                   | Sector | XLK: BEARISH
2026-06-24 23:19:52 | INFO     | scanner                   | Sector | XLF: BULLISH
2026-06-24 23:19:52 | INFO     | scanner                   | Sector | XLE: BEARISH
2026-06-24 23:19:52 | INFO     | scanner                   | Sector | XLV: BULLISH
2026-06-24 23:19:52 | INFO     | scanner                   | Sector | XLI: BULLISH
2026-06-24 23:19:52 | INFO     | scanner                   | Sector | XLY: BEARISH
2026-06-24 23:19:52 | INFO     | scanner                   | Sector | XLP: BULLISH
2026-06-24 23:19:52 | INFO     | scanner                   | Sector | XLU: BULLISH
2026-06-24 23:19:52 | INFO     | scanner                   | Sector | XLB: BULLISH
2026-06-24 23:19:52 | INFO     | scanner                   | Sector | XLRE: BULLISH
2026-06-24 23:19:52 | INFO     | scanner                   | Sector | XLC: BEARISH
2026-06-24 23:19:52 | WARNING  | scanner                   | Sector check: XLK not found in indicator results
2026-06-24 23:19:52 | WARNING  | scanner                   | Sector check: XLF not found in indicator results
2026-06-24 23:19:52 | WARNING  | scanner                   | Sector check: XLE not found in indicator results
2026-06-24 23:19:52 | WARNING  | scanner                   | Sector check: XLV not found in indicator results
2026-06-24 23:19:52 | WARNING  | scanner                   | Sector check: XLI not found in indicator results
2026-06-24 23:19:52 | WARNING  | scanner                   | Sector check: XLY not found in indicator results
2026-06-24 23:19:52 | WARNING  | scanner                   | Sector check: XLP not found in indicator results
2026-06-24 23:19:52 | WARNING  | scanner                   | Sector check: XLU not found in indicator results
2026-06-24 23:19:52 | WARNING  | scanner                   | Sector check: XLB not found in indicator results
2026-06-24 23:19:52 | WARNING  | scanner                   | Sector check: XLRE not found in indicator results
2026-06-24 23:19:52 | WARNING  | scanner                   | Sector check: XLC not found in indicator results
2026-06-24 23:19:52 | INFO     | scanner                   | Sector | XLK: BEARISH
2026-06-24 23:19:52 | INFO     | scanner                   | Sector | XLF: BULLISH
2026-06-24 23:19:52 | INFO     | scanner                   | Sector | XLE: BEARISH
2026-06-24 23:19:52 | INFO     | scanner                   | Sector | XLV: BULLISH
2026-06-24 23:19:52 | INFO     | scanner                   | Sector | XLI: BULLISH
2026-06-24 23:19:52 | INFO     | scanner                   | Sector | XLY: BEARISH
2026-06-24 23:19:52 | INFO     | scanner                   | Sector | XLP: BULLISH
2026-06-24 23:19:52 | INFO     | scanner                   | Sector | XLU: BULLISH
2026-06-24 23:19:52 | INFO     | scanner                   | Sector | XLB: BULLISH
2026-06-24 23:19:52 | INFO     | scanner                   | Sector | XLRE: BULLISH
2026-06-24 23:19:52 | INFO     | scanner                   | Sector | XLC: BEARISH
2026-06-24 23:19:52 | WARNING  | scanner                   | Sector check: XLK not found in indicator results
2026-06-24 23:19:52 | WARNING  | scanner                   | Sector check: XLF not found in indicator results
2026-06-24 23:19:52 | WARNING  | scanner                   | Sector check: XLE not found in indicator results
2026-06-24 23:19:52 | WARNING  | scanner                   | Sector check: XLV not found in indicator results
2026-06-24 23:19:52 | WARNING  | scanner                   | Sector check: XLI not found in indicator results
2026-06-24 23:19:52 | WARNING  | scanner                   | Sector check: XLY not found in indicator results
2026-06-24 23:19:52 | WARNING  | scanner                   | Sector check: XLP not found in indicator results
2026-06-24 23:19:52 | WARNING  | scanner                   | Sector check: XLU not found in indicator results
2026-06-24 23:19:52 | WARNING  | scanner                   | Sector check: XLB not found in indicator results
2026-06-24 23:19:52 | WARNING  | scanner                   | Sector check: XLRE not found in indicator results
2026-06-24 23:19:52 | WARNING  | scanner                   | Sector check: XLC not found in indicator results
2026-06-24 23:19:52 | INFO     | scanner                   | Sector | XLK: BEARISH
2026-06-24 23:19:52 | INFO     | scanner                   | Sector | XLF: BULLISH
2026-06-24 23:19:52 | INFO     | scanner                   | Sector | XLE: BEARISH
2026-06-24 23:19:52 | INFO     | scanner                   | Sector | XLV: BULLISH
2026-06-24 23:19:52 | INFO     | scanner                   | Sector | XLI: BULLISH
2026-06-24 23:19:52 | INFO     | scanner                   | Sector | XLY: BEARISH
2026-06-24 23:19:52 | INFO     | scanner                   | Sector | XLP: BULLISH
2026-06-24 23:19:52 | INFO     | scanner                   | Sector | XLU: BULLISH
2026-06-24 23:19:52 | INFO     | scanner                   | Sector | XLB: BULLISH
2026-06-24 23:19:52 | INFO     | scanner                   | Sector | XLRE: BULLISH
2026-06-24 23:19:52 | INFO     | scanner                   | Sector | XLC: BEARISH
2026-06-24 23:19:52 | WARNING  | scanner                   | Sector check: XLK not found in indicator results
2026-06-24 23:19:52 | WARNING  | scanner                   | Sector check: XLF not found in indicator results
2026-06-24 23:19:52 | WARNING  | scanner                   | Sector check: XLE not found in indicator results
2026-06-24 23:19:52 | WARNING  | scanner                   | Sector check: XLV not found in indicator results
2026-06-24 23:19:52 | WARNING  | scanner                   | Sector check: XLI not found in indicator results
2026-06-24 23:19:52 | WARNING  | scanner                   | Sector check: XLY not found in indicator results
2026-06-24 23:19:52 | WARNING  | scanner                   | Sector check: XLP not found in indicator results
2026-06-24 23:19:52 | WARNING  | scanner                   | Sector check: XLU not found in indicator results
2026-06-24 23:19:52 | WARNING  | scanner                   | Sector check: XLB not found in indicator results
2026-06-24 23:19:52 | WARNING  | scanner                   | Sector check: XLRE not found in indicator results
2026-06-24 23:19:52 | WARNING  | scanner                   | Sector check: XLC not found in indicator results
2026-06-24 23:19:52 | INFO     | scanner                   | Sector | XLK: BEARISH
2026-06-24 23:19:52 | INFO     | scanner                   | Sector | XLF: BULLISH
2026-06-24 23:19:52 | INFO     | scanner                   | Sector | XLE: BEARISH
2026-06-24 23:19:52 | INFO     | scanner                   | Sector | XLV: BULLISH
2026-06-24 23:19:52 | INFO     | scanner                   | Sector | XLI: BULLISH
2026-06-24 23:19:52 | INFO     | scanner                   | Sector | XLY: BEARISH
2026-06-24 23:19:52 | INFO     | scanner                   | Sector | XLP: BULLISH
2026-06-24 23:19:52 | INFO     | scanner                   | Sector | XLU: BULLISH
2026-06-24 23:19:52 | INFO     | scanner                   | Sector | XLB: BULLISH
2026-06-24 23:19:52 | INFO     | scanner                   | Sector | XLRE: BULLISH
2026-06-24 23:19:52 | INFO     | scanner                   | Sector | XLC: BEARISH
2026-06-24 23:19:52 | WARNING  | scanner                   | Sector check: XLK not found in indicator results
2026-06-24 23:19:52 | WARNING  | scanner                   | Sector check: XLF not found in indicator results
2026-06-24 23:19:52 | WARNING  | scanner                   | Sector check: XLE not found in indicator results
2026-06-24 23:19:52 | WARNING  | scanner                   | Sector check: XLV not found in indicator results
2026-06-24 23:19:52 | WARNING  | scanner                   | Sector check: XLI not found in indicator results
2026-06-24 23:19:52 | WARNING  | scanner                   | Sector check: XLY not found in indicator results
2026-06-24 23:19:52 | WARNING  | scanner                   | Sector check: XLP not found in indicator results
2026-06-24 23:19:52 | WARNING  | scanner                   | Sector check: XLU not found in indicator results
2026-06-24 23:19:52 | WARNING  | scanner                   | Sector check: XLB not found in indicator results
2026-06-24 23:19:52 | WARNING  | scanner                   | Sector check: XLRE not found in indicator results
2026-06-24 23:19:52 | WARNING  | scanner                   | Sector check: XLC not found in indicator results
2026-06-24 23:19:52 | INFO     | scanner                   | Sector | XLK: BEARISH
2026-06-24 23:19:52 | INFO     | scanner                   | Sector | XLF: BULLISH
2026-06-24 23:19:52 | INFO     | scanner                   | Sector | XLE: BEARISH
2026-06-24 23:19:52 | INFO     | scanner                   | Sector | XLV: BULLISH
2026-06-24 23:19:52 | INFO     | scanner                   | Sector | XLI: BULLISH
2026-06-24 23:19:52 | INFO     | scanner                   | Sector | XLY: BEARISH
2026-06-24 23:19:52 | INFO     | scanner                   | Sector | XLP: BULLISH
2026-06-24 23:19:52 | INFO     | scanner                   | Sector | XLU: BULLISH
2026-06-24 23:19:52 | INFO     | scanner                   | Sector | XLB: BULLISH
2026-06-24 23:19:52 | INFO     | scanner                   | Sector | XLRE: BULLISH
2026-06-24 23:19:52 | INFO     | scanner                   | Sector | XLC: BEARISH
2026-06-24 23:19:52 | WARNING  | scanner                   | Sector check: XLK not found in indicator results
2026-06-24 23:19:52 | WARNING  | scanner                   | Sector check: XLF not found in indicator results
2026-06-24 23:19:52 | WARNING  | scanner                   | Sector check: XLE not found in indicator results
2026-06-24 23:19:52 | WARNING  | scanner                   | Sector check: XLV not found in indicator results
2026-06-24 23:19:52 | WARNING  | scanner                   | Sector check: XLI not found in indicator results
2026-06-24 23:19:52 | WARNING  | scanner                   | Sector check: XLY not found in indicator results
2026-06-24 23:19:52 | WARNING  | scanner                   | Sector check: XLP not found in indicator results
2026-06-24 23:19:52 | WARNING  | scanner                   | Sector check: XLU not found in indicator results
2026-06-24 23:19:52 | WARNING  | scanner                   | Sector check: XLB not found in indicator results
2026-06-24 23:19:52 | WARNING  | scanner                   | Sector check: XLRE not found in indicator results
2026-06-24 23:19:52 | WARNING  | scanner                   | Sector check: XLC not found in indicator results
2026-06-24 23:19:52 | INFO     | scanner                   | Sector | XLK: BEARISH
2026-06-24 23:19:52 | INFO     | scanner                   | Sector | XLF: BULLISH
2026-06-24 23:19:52 | INFO     | scanner                   | Sector | XLE: BEARISH
2026-06-24 23:19:52 | INFO     | scanner                   | Sector | XLV: BULLISH
2026-06-24 23:19:52 | INFO     | scanner                   | Sector | XLI: BULLISH
2026-06-24 23:19:52 | INFO     | scanner                   | Sector | XLY: BEARISH
2026-06-24 23:19:52 | INFO     | scanner                   | Sector | XLP: BULLISH
2026-06-24 23:19:52 | INFO     | scanner                   | Sector | XLU: BULLISH
2026-06-24 23:19:52 | INFO     | scanner                   | Sector | XLB: BULLISH
2026-06-24 23:19:52 | INFO     | scanner                   | Sector | XLRE: BULLISH
2026-06-24 23:19:52 | INFO     | scanner                   | Sector | XLC: BEARISH
2026-06-24 23:19:52 | WARNING  | scanner                   | Sector check: XLK not found in indicator results
2026-06-24 23:19:52 | WARNING  | scanner                   | Sector check: XLF not found in indicator results
2026-06-24 23:19:52 | WARNING  | scanner                   | Sector check: XLE not found in indicator results
2026-06-24 23:19:52 | WARNING  | scanner                   | Sector check: XLV not found in indicator results
2026-06-24 23:19:52 | WARNING  | scanner                   | Sector check: XLI not found in indicator results
2026-06-24 23:19:52 | WARNING  | scanner                   | Sector check: XLY not found in indicator results
2026-06-24 23:19:52 | WARNING  | scanner                   | Sector check: XLP not found in indicator results
2026-06-24 23:19:52 | WARNING  | scanner                   | Sector check: XLU not found in indicator results
2026-06-24 23:19:52 | WARNING  | scanner                   | Sector check: XLB not found in indicator results
2026-06-24 23:19:52 | WARNING  | scanner                   | Sector check: XLRE not found in indicator results
2026-06-24 23:19:52 | WARNING  | scanner                   | Sector check: XLC not found in indicator results
2026-06-24 23:19:52 | INFO     | scanner                   | Sector | XLK: BEARISH
2026-06-24 23:19:52 | INFO     | scanner                   | Sector | XLF: BULLISH
2026-06-24 23:19:52 | INFO     | scanner                   | Sector | XLE: BEARISH
2026-06-24 23:19:52 | INFO     | scanner                   | Sector | XLV: BULLISH
2026-06-24 23:19:52 | INFO     | scanner                   | Sector | XLI: BULLISH
2026-06-24 23:19:52 | INFO     | scanner                   | Sector | XLY: BEARISH
2026-06-24 23:19:52 | INFO     | scanner                   | Sector | XLP: BULLISH
2026-06-24 23:19:52 | INFO     | scanner                   | Sector | XLU: BULLISH
2026-06-24 23:19:52 | INFO     | scanner                   | Sector | XLB: BULLISH
2026-06-24 23:19:52 | INFO     | scanner                   | Sector | XLRE: BULLISH
2026-06-24 23:19:52 | INFO     | scanner                   | Sector | XLC: BEARISH
2026-06-24 23:19:52 | WARNING  | scanner                   | Sector check: XLK not found in indicator results
2026-06-24 23:19:52 | WARNING  | scanner                   | Sector check: XLF not found in indicator results
2026-06-24 23:19:52 | WARNING  | scanner                   | Sector check: XLE not found in indicator results
2026-06-24 23:19:52 | WARNING  | scanner                   | Sector check: XLV not found in indicator results
2026-06-24 23:19:52 | WARNING  | scanner                   | Sector check: XLI not found in indicator results
2026-06-24 23:19:52 | WARNING  | scanner                   | Sector check: XLY not found in indicator results
2026-06-24 23:19:52 | WARNING  | scanner                   | Sector check: XLP not found in indicator results
2026-06-24 23:19:52 | WARNING  | scanner                   | Sector check: XLU not found in indicator results
2026-06-24 23:19:52 | WARNING  | scanner                   | Sector check: XLB not found in indicator results
2026-06-24 23:19:52 | WARNING  | scanner                   | Sector check: XLRE not found in indicator results
2026-06-24 23:19:52 | WARNING  | scanner                   | Sector check: XLC not found in indicator results
2026-06-24 23:19:52 | INFO     | scanner                   | Sector | XLK: BEARISH
2026-06-24 23:19:52 | INFO     | scanner                   | Sector | XLF: BULLISH
2026-06-24 23:19:52 | INFO     | scanner                   | Sector | XLE: BEARISH
2026-06-24 23:19:52 | INFO     | scanner                   | Sector | XLV: BULLISH
2026-06-24 23:19:52 | INFO     | scanner                   | Sector | XLI: BULLISH
2026-06-24 23:19:52 | INFO     | scanner                   | Sector | XLY: BEARISH
2026-06-24 23:19:52 | INFO     | scanner                   | Sector | XLP: BULLISH
2026-06-24 23:19:52 | INFO     | scanner                   | Sector | XLU: BULLISH
2026-06-24 23:19:52 | INFO     | scanner                   | Sector | XLB: BULLISH
2026-06-24 23:19:52 | INFO     | scanner                   | Sector | XLRE: BULLISH
2026-06-24 23:19:52 | INFO     | scanner                   | Sector | XLC: BEARISH
2026-06-24 23:19:52 | WARNING  | scanner                   | Sector check: XLK not found in indicator results
2026-06-24 23:19:52 | WARNING  | scanner                   | Sector check: XLF not found in indicator results
2026-06-24 23:19:52 | WARNING  | scanner                   | Sector check: XLE not found in indicator results
2026-06-24 23:19:52 | WARNING  | scanner                   | Sector check: XLV not found in indicator results
2026-06-24 23:19:52 | WARNING  | scanner                   | Sector check: XLI not found in indicator results
2026-06-24 23:19:52 | WARNING  | scanner                   | Sector check: XLY not found in indicator results
2026-06-24 23:19:52 | WARNING  | scanner                   | Sector check: XLP not found in indicator results
2026-06-24 23:19:52 | WARNING  | scanner                   | Sector check: XLU not found in indicator results
2026-06-24 23:19:52 | WARNING  | scanner                   | Sector check: XLB not found in indicator results
2026-06-24 23:19:52 | WARNING  | scanner                   | Sector check: XLRE not found in indicator results
2026-06-24 23:19:52 | WARNING  | scanner                   | Sector check: XLC not found in indicator results
2026-06-24 23:19:52 | INFO     | scanner                   | Sector | XLK: BEARISH
2026-06-24 23:19:52 | INFO     | scanner                   | Sector | XLF: BULLISH
2026-06-24 23:19:52 | INFO     | scanner                   | Sector | XLE: BEARISH
2026-06-24 23:19:52 | INFO     | scanner                   | Sector | XLV: BULLISH
2026-06-24 23:19:52 | INFO     | scanner                   | Sector | XLI: BULLISH
2026-06-24 23:19:52 | INFO     | scanner                   | Sector | XLY: BEARISH
2026-06-24 23:19:52 | INFO     | scanner                   | Sector | XLP: BULLISH
2026-06-24 23:19:52 | INFO     | scanner                   | Sector | XLU: BULLISH
2026-06-24 23:19:52 | INFO     | scanner                   | Sector | XLB: BULLISH
2026-06-24 23:19:52 | INFO     | scanner                   | Sector | XLRE: BULLISH
2026-06-24 23:19:52 | INFO     | scanner                   | Sector | XLC: BEARISH
2026-06-24 23:19:52 | WARNING  | scanner                   | Sector check: XLK not found in indicator results
2026-06-24 23:19:52 | WARNING  | scanner                   | Sector check: XLF not found in indicator results
2026-06-24 23:19:52 | WARNING  | scanner                   | Sector check: XLE not found in indicator results
2026-06-24 23:19:52 | WARNING  | scanner                   | Sector check: XLV not found in indicator results
2026-06-24 23:19:52 | WARNING  | scanner                   | Sector check: XLI not found in indicator results
2026-06-24 23:19:52 | WARNING  | scanner                   | Sector check: XLY not found in indicator results
2026-06-24 23:19:52 | WARNING  | scanner                   | Sector check: XLP not found in indicator results
2026-06-24 23:19:52 | WARNING  | scanner                   | Sector check: XLU not found in indicator results
2026-06-24 23:19:52 | WARNING  | scanner                   | Sector check: XLB not found in indicator results
2026-06-24 23:19:52 | WARNING  | scanner                   | Sector check: XLRE not found in indicator results
2026-06-24 23:19:52 | WARNING  | scanner                   | Sector check: XLC not found in indicator results
2026-06-24 23:19:52 | INFO     | scanner                   | Sector | XLK: BEARISH
2026-06-24 23:19:52 | INFO     | scanner                   | Sector | XLF: BULLISH
2026-06-24 23:19:52 | INFO     | scanner                   | Sector | XLE: BEARISH
2026-06-24 23:19:52 | INFO     | scanner                   | Sector | XLV: BULLISH
2026-06-24 23:19:52 | INFO     | scanner                   | Sector | XLI: BULLISH
2026-06-24 23:19:52 | INFO     | scanner                   | Sector | XLY: BEARISH
2026-06-24 23:19:52 | INFO     | scanner                   | Sector | XLP: BULLISH
2026-06-24 23:19:52 | INFO     | scanner                   | Sector | XLU: BULLISH
2026-06-24 23:19:52 | INFO     | scanner                   | Sector | XLB: BULLISH
2026-06-24 23:19:52 | INFO     | scanner                   | Sector | XLRE: BULLISH
2026-06-24 23:19:52 | INFO     | scanner                   | Sector | XLC: BEARISH
2026-06-24 23:19:52 | WARNING  | scanner                   | Sector check: XLK not found in indicator results
2026-06-24 23:19:52 | WARNING  | scanner                   | Sector check: XLF not found in indicator results
2026-06-24 23:19:52 | WARNING  | scanner                   | Sector check: XLE not found in indicator results
2026-06-24 23:19:52 | WARNING  | scanner                   | Sector check: XLV not found in indicator results
2026-06-24 23:19:52 | WARNING  | scanner                   | Sector check: XLI not found in indicator results
2026-06-24 23:19:52 | WARNING  | scanner                   | Sector check: XLY not found in indicator results
2026-06-24 23:19:52 | WARNING  | scanner                   | Sector check: XLP not found in indicator results
2026-06-24 23:19:52 | WARNING  | scanner                   | Sector check: XLU not found in indicator results
2026-06-24 23:19:52 | WARNING  | scanner                   | Sector check: XLB not found in indicator results
2026-06-24 23:19:52 | WARNING  | scanner                   | Sector check: XLRE not found in indicator results
2026-06-24 23:19:52 | WARNING  | scanner                   | Sector check: XLC not found in indicator results
2026-06-24 23:19:52 | INFO     | scanner                   | Sector | XLK: BEARISH
2026-06-24 23:19:52 | INFO     | scanner                   | Sector | XLF: BULLISH
2026-06-24 23:19:52 | INFO     | scanner                   | Sector | XLE: BEARISH
2026-06-24 23:19:52 | INFO     | scanner                   | Sector | XLV: BULLISH
2026-06-24 23:19:52 | INFO     | scanner                   | Sector | XLI: BULLISH
2026-06-24 23:19:52 | INFO     | scanner                   | Sector | XLY: BEARISH
2026-06-24 23:19:52 | INFO     | scanner                   | Sector | XLP: BULLISH
2026-06-24 23:19:52 | INFO     | scanner                   | Sector | XLU: BULLISH
2026-06-24 23:19:52 | INFO     | scanner                   | Sector | XLB: BULLISH
2026-06-24 23:19:52 | INFO     | scanner                   | Sector | XLRE: BULLISH
2026-06-24 23:19:52 | INFO     | scanner                   | Sector | XLC: BEARISH
2026-06-24 23:19:52 | WARNING  | scanner                   | Sector check: XLK not found in indicator results
2026-06-24 23:19:52 | WARNING  | scanner                   | Sector check: XLF not found in indicator results
2026-06-24 23:19:52 | WARNING  | scanner                   | Sector check: XLE not found in indicator results
2026-06-24 23:19:52 | WARNING  | scanner                   | Sector check: XLV not found in indicator results
2026-06-24 23:19:52 | WARNING  | scanner                   | Sector check: XLI not found in indicator results
2026-06-24 23:19:52 | WARNING  | scanner                   | Sector check: XLY not found in indicator results
2026-06-24 23:19:52 | WARNING  | scanner                   | Sector check: XLP not found in indicator results
2026-06-24 23:19:52 | WARNING  | scanner                   | Sector check: XLU not found in indicator results
2026-06-24 23:19:52 | WARNING  | scanner                   | Sector check: XLB not found in indicator results
2026-06-24 23:19:52 | WARNING  | scanner                   | Sector check: XLRE not found in indicator results
2026-06-24 23:19:52 | WARNING  | scanner                   | Sector check: XLC not found in indicator results
2026-06-24 23:19:52 | INFO     | scanner                   | Sector | XLK: BEARISH
2026-06-24 23:19:52 | INFO     | scanner                   | Sector | XLF: BULLISH
2026-06-24 23:19:52 | INFO     | scanner                   | Sector | XLE: BEARISH
2026-06-24 23:19:52 | INFO     | scanner                   | Sector | XLV: BULLISH
2026-06-24 23:19:53 | INFO     | scanner                   | Sector | XLI: BULLISH
2026-06-24 23:19:53 | INFO     | scanner                   | Sector | XLY: BEARISH
2026-06-24 23:19:53 | INFO     | scanner                   | Sector | XLP: BULLISH
2026-06-24 23:19:53 | INFO     | scanner                   | Sector | XLU: BULLISH
2026-06-24 23:19:53 | INFO     | scanner                   | Sector | XLB: BULLISH
2026-06-24 23:19:53 | INFO     | scanner                   | Sector | XLRE: BULLISH
2026-06-24 23:19:53 | INFO     | scanner                   | Sector | XLC: BEARISH
2026-06-24 23:19:53 | WARNING  | scanner                   | Sector check: XLK not found in indicator results
2026-06-24 23:19:53 | WARNING  | scanner                   | Sector check: XLF not found in indicator results
2026-06-24 23:19:53 | WARNING  | scanner                   | Sector check: XLE not found in indicator results
2026-06-24 23:19:53 | WARNING  | scanner                   | Sector check: XLV not found in indicator results
2026-06-24 23:19:53 | WARNING  | scanner                   | Sector check: XLI not found in indicator results
2026-06-24 23:19:53 | WARNING  | scanner                   | Sector check: XLY not found in indicator results
2026-06-24 23:19:53 | WARNING  | scanner                   | Sector check: XLP not found in indicator results
2026-06-24 23:19:53 | WARNING  | scanner                   | Sector check: XLU not found in indicator results
2026-06-24 23:19:53 | WARNING  | scanner                   | Sector check: XLB not found in indicator results
2026-06-24 23:19:53 | WARNING  | scanner                   | Sector check: XLRE not found in indicator results
2026-06-24 23:19:53 | WARNING  | scanner                   | Sector check: XLC not found in indicator results
2026-06-24 23:19:53 | INFO     | scanner                   | Sector | XLK: BEARISH
2026-06-24 23:19:53 | INFO     | scanner                   | Sector | XLF: BULLISH
2026-06-24 23:19:53 | INFO     | scanner                   | Sector | XLE: BEARISH
2026-06-24 23:19:53 | INFO     | scanner                   | Sector | XLV: BULLISH
2026-06-24 23:19:53 | INFO     | scanner                   | Sector | XLI: BULLISH
2026-06-24 23:19:53 | INFO     | scanner                   | Sector | XLY: BEARISH
2026-06-24 23:19:53 | INFO     | scanner                   | Sector | XLP: BULLISH
2026-06-24 23:19:53 | INFO     | scanner                   | Sector | XLU: BULLISH
2026-06-24 23:19:53 | INFO     | scanner                   | Sector | XLB: BULLISH
2026-06-24 23:19:53 | INFO     | scanner                   | Sector | XLRE: BULLISH
2026-06-24 23:19:53 | INFO     | scanner                   | Sector | XLC: BEARISH
2026-06-24 23:19:53 | WARNING  | scanner                   | Sector check: XLK not found in indicator results
2026-06-24 23:19:53 | WARNING  | scanner                   | Sector check: XLF not found in indicator results
2026-06-24 23:19:53 | WARNING  | scanner                   | Sector check: XLE not found in indicator results
2026-06-24 23:19:53 | WARNING  | scanner                   | Sector check: XLV not found in indicator results
2026-06-24 23:19:53 | WARNING  | scanner                   | Sector check: XLI not found in indicator results
2026-06-24 23:19:53 | WARNING  | scanner                   | Sector check: XLY not found in indicator results
2026-06-24 23:19:53 | WARNING  | scanner                   | Sector check: XLP not found in indicator results
2026-06-24 23:19:53 | WARNING  | scanner                   | Sector check: XLU not found in indicator results
2026-06-24 23:19:53 | WARNING  | scanner                   | Sector check: XLB not found in indicator results
2026-06-24 23:19:53 | WARNING  | scanner                   | Sector check: XLRE not found in indicator results
2026-06-24 23:19:53 | WARNING  | scanner                   | Sector check: XLC not found in indicator results
2026-06-24 23:19:53 | INFO     | scanner                   | Sector | XLK: BEARISH
2026-06-24 23:19:53 | INFO     | scanner                   | Sector | XLF: BULLISH
2026-06-24 23:19:53 | INFO     | scanner                   | Sector | XLE: BEARISH
2026-06-24 23:19:53 | INFO     | scanner                   | Sector | XLV: BULLISH
2026-06-24 23:19:53 | INFO     | scanner                   | Sector | XLI: BULLISH
2026-06-24 23:19:53 | INFO     | scanner                   | Sector | XLY: BEARISH
2026-06-24 23:19:53 | INFO     | scanner                   | Sector | XLP: BULLISH
2026-06-24 23:19:53 | INFO     | scanner                   | Sector | XLU: BULLISH
2026-06-24 23:19:53 | INFO     | scanner                   | Sector | XLB: BULLISH
2026-06-24 23:19:53 | INFO     | scanner                   | Sector | XLRE: BULLISH
2026-06-24 23:19:53 | INFO     | scanner                   | Sector | XLC: BEARISH
2026-06-24 23:19:53 | WARNING  | scanner                   | Sector check: XLK not found in indicator results
2026-06-24 23:19:53 | WARNING  | scanner                   | Sector check: XLF not found in indicator results
2026-06-24 23:19:53 | WARNING  | scanner                   | Sector check: XLE not found in indicator results
2026-06-24 23:19:53 | WARNING  | scanner                   | Sector check: XLV not found in indicator results
2026-06-24 23:19:53 | WARNING  | scanner                   | Sector check: XLI not found in indicator results
2026-06-24 23:19:53 | WARNING  | scanner                   | Sector check: XLY not found in indicator results
2026-06-24 23:19:53 | WARNING  | scanner                   | Sector check: XLP not found in indicator results
2026-06-24 23:19:53 | WARNING  | scanner                   | Sector check: XLU not found in indicator results
2026-06-24 23:19:53 | WARNING  | scanner                   | Sector check: XLB not found in indicator results
2026-06-24 23:19:53 | WARNING  | scanner                   | Sector check: XLRE not found in indicator results
2026-06-24 23:19:53 | WARNING  | scanner                   | Sector check: XLC not found in indicator results
2026-06-24 23:19:53 | INFO     | scanner                   | Sector | XLK: BEARISH
2026-06-24 23:19:53 | INFO     | scanner                   | Sector | XLF: BULLISH
2026-06-24 23:19:53 | INFO     | scanner                   | Sector | XLE: BEARISH
2026-06-24 23:19:53 | INFO     | scanner                   | Sector | XLV: BULLISH
2026-06-24 23:19:53 | INFO     | scanner                   | Sector | XLI: BULLISH
2026-06-24 23:19:53 | INFO     | scanner                   | Sector | XLY: BEARISH
2026-06-24 23:19:53 | INFO     | scanner                   | Sector | XLP: BULLISH
2026-06-24 23:19:53 | INFO     | scanner                   | Sector | XLU: BULLISH
2026-06-24 23:19:53 | INFO     | scanner                   | Sector | XLB: BULLISH
2026-06-24 23:19:53 | INFO     | scanner                   | Sector | XLRE: BULLISH
2026-06-24 23:19:53 | INFO     | scanner                   | Sector | XLC: BEARISH
2026-06-24 23:19:53 | WARNING  | scanner                   | Sector check: XLK not found in indicator results
2026-06-24 23:19:53 | WARNING  | scanner                   | Sector check: XLF not found in indicator results
2026-06-24 23:19:53 | WARNING  | scanner                   | Sector check: XLE not found in indicator results
2026-06-24 23:19:53 | WARNING  | scanner                   | Sector check: XLV not found in indicator results
2026-06-24 23:19:53 | WARNING  | scanner                   | Sector check: XLI not found in indicator results
2026-06-24 23:19:53 | WARNING  | scanner                   | Sector check: XLY not found in indicator results
2026-06-24 23:19:53 | WARNING  | scanner                   | Sector check: XLP not found in indicator results
2026-06-24 23:19:53 | WARNING  | scanner                   | Sector check: XLU not found in indicator results
2026-06-24 23:19:53 | WARNING  | scanner                   | Sector check: XLB not found in indicator results
2026-06-24 23:19:53 | WARNING  | scanner                   | Sector check: XLRE not found in indicator results
2026-06-24 23:19:53 | WARNING  | scanner                   | Sector check: XLC not found in indicator results
2026-06-24 23:19:53 | INFO     | scanner                   | Sector | XLK: BEARISH
2026-06-24 23:19:53 | INFO     | scanner                   | Sector | XLF: BULLISH
2026-06-24 23:19:53 | INFO     | scanner                   | Sector | XLE: BEARISH
2026-06-24 23:19:53 | INFO     | scanner                   | Sector | XLV: BULLISH
2026-06-24 23:19:53 | INFO     | scanner                   | Sector | XLI: BULLISH
2026-06-24 23:19:53 | INFO     | scanner                   | Sector | XLY: BEARISH
2026-06-24 23:19:53 | INFO     | scanner                   | Sector | XLP: BULLISH
2026-06-24 23:19:53 | INFO     | scanner                   | Sector | XLU: BULLISH
2026-06-24 23:19:53 | INFO     | scanner                   | Sector | XLB: BULLISH
2026-06-24 23:19:53 | INFO     | scanner                   | Sector | XLRE: BULLISH
2026-06-24 23:19:53 | INFO     | scanner                   | Sector | XLC: BEARISH
2026-06-24 23:19:53 | WARNING  | scanner                   | Sector check: XLK not found in indicator results
2026-06-24 23:19:53 | WARNING  | scanner                   | Sector check: XLF not found in indicator results
2026-06-24 23:19:53 | WARNING  | scanner                   | Sector check: XLE not found in indicator results
2026-06-24 23:19:53 | WARNING  | scanner                   | Sector check: XLV not found in indicator results
2026-06-24 23:19:53 | WARNING  | scanner                   | Sector check: XLI not found in indicator results
2026-06-24 23:19:53 | WARNING  | scanner                   | Sector check: XLY not found in indicator results
2026-06-24 23:19:53 | WARNING  | scanner                   | Sector check: XLP not found in indicator results
2026-06-24 23:19:53 | WARNING  | scanner                   | Sector check: XLU not found in indicator results
2026-06-24 23:19:53 | WARNING  | scanner                   | Sector check: XLB not found in indicator results
2026-06-24 23:19:53 | WARNING  | scanner                   | Sector check: XLRE not found in indicator results
2026-06-24 23:19:53 | WARNING  | scanner                   | Sector check: XLC not found in indicator results
2026-06-24 23:19:53 | INFO     | scanner                   | Sector | XLK: BEARISH
2026-06-24 23:19:53 | INFO     | scanner                   | Sector | XLF: BULLISH
2026-06-24 23:19:53 | INFO     | scanner                   | Sector | XLE: BEARISH
2026-06-24 23:19:53 | INFO     | scanner                   | Sector | XLV: BULLISH
2026-06-24 23:19:53 | INFO     | scanner                   | Sector | XLI: BULLISH
2026-06-24 23:19:53 | INFO     | scanner                   | Sector | XLY: BEARISH
2026-06-24 23:19:53 | INFO     | scanner                   | Sector | XLP: BULLISH
2026-06-24 23:19:53 | INFO     | scanner                   | Sector | XLU: BULLISH
2026-06-24 23:19:53 | INFO     | scanner                   | Sector | XLB: BULLISH
2026-06-24 23:19:53 | INFO     | scanner                   | Sector | XLRE: BULLISH
2026-06-24 23:19:53 | INFO     | scanner                   | Sector | XLC: BEARISH
2026-06-24 23:19:53 | WARNING  | scanner                   | Sector check: XLK not found in indicator results
2026-06-24 23:19:53 | WARNING  | scanner                   | Sector check: XLF not found in indicator results
2026-06-24 23:19:53 | WARNING  | scanner                   | Sector check: XLE not found in indicator results
2026-06-24 23:19:53 | WARNING  | scanner                   | Sector check: XLV not found in indicator results
2026-06-24 23:19:53 | WARNING  | scanner                   | Sector check: XLI not found in indicator results
2026-06-24 23:19:53 | WARNING  | scanner                   | Sector check: XLY not found in indicator results
2026-06-24 23:19:53 | WARNING  | scanner                   | Sector check: XLP not found in indicator results
2026-06-24 23:19:53 | WARNING  | scanner                   | Sector check: XLU not found in indicator results
2026-06-24 23:19:53 | WARNING  | scanner                   | Sector check: XLB not found in indicator results
2026-06-24 23:19:53 | WARNING  | scanner                   | Sector check: XLRE not found in indicator results
2026-06-24 23:19:53 | WARNING  | scanner                   | Sector check: XLC not found in indicator results
2026-06-24 23:19:53 | INFO     | scanner                   | Sector | XLK: BEARISH
2026-06-24 23:19:53 | INFO     | scanner                   | Sector | XLF: BULLISH
2026-06-24 23:19:53 | INFO     | scanner                   | Sector | XLE: BEARISH
2026-06-24 23:19:53 | INFO     | scanner                   | Sector | XLV: BULLISH
2026-06-24 23:19:53 | INFO     | scanner                   | Sector | XLI: BULLISH
2026-06-24 23:19:53 | INFO     | scanner                   | Sector | XLY: BEARISH
2026-06-24 23:19:53 | INFO     | scanner                   | Sector | XLP: BULLISH
2026-06-24 23:19:53 | INFO     | scanner                   | Sector | XLU: BULLISH
2026-06-24 23:19:53 | INFO     | scanner                   | Sector | XLB: BULLISH
2026-06-24 23:19:53 | INFO     | scanner                   | Sector | XLRE: BULLISH
2026-06-24 23:19:53 | INFO     | scanner                   | Sector | XLC: BEARISH
2026-06-24 23:19:53 | WARNING  | scanner                   | Sector check: XLK not found in indicator results
2026-06-24 23:19:53 | WARNING  | scanner                   | Sector check: XLF not found in indicator results
2026-06-24 23:19:53 | WARNING  | scanner                   | Sector check: XLE not found in indicator results
2026-06-24 23:19:53 | WARNING  | scanner                   | Sector check: XLV not found in indicator results
2026-06-24 23:19:53 | WARNING  | scanner                   | Sector check: XLI not found in indicator results
2026-06-24 23:19:53 | WARNING  | scanner                   | Sector check: XLY not found in indicator results
2026-06-24 23:19:53 | WARNING  | scanner                   | Sector check: XLP not found in indicator results
2026-06-24 23:19:53 | WARNING  | scanner                   | Sector check: XLU not found in indicator results
2026-06-24 23:19:53 | WARNING  | scanner                   | Sector check: XLB not found in indicator results
2026-06-24 23:19:53 | WARNING  | scanner                   | Sector check: XLRE not found in indicator results
2026-06-24 23:19:53 | WARNING  | scanner                   | Sector check: XLC not found in indicator results
2026-06-24 23:19:53 | INFO     | scanner                   | Sector | XLK: BEARISH
2026-06-24 23:19:53 | INFO     | scanner                   | Sector | XLF: BULLISH
2026-06-24 23:19:53 | INFO     | scanner                   | Sector | XLE: BEARISH
2026-06-24 23:19:53 | INFO     | scanner                   | Sector | XLV: BULLISH
2026-06-24 23:19:53 | INFO     | scanner                   | Sector | XLI: BULLISH
2026-06-24 23:19:53 | INFO     | scanner                   | Sector | XLY: BEARISH
2026-06-24 23:19:53 | INFO     | scanner                   | Sector | XLP: BULLISH
2026-06-24 23:19:53 | INFO     | scanner                   | Sector | XLU: BULLISH
2026-06-24 23:19:53 | INFO     | scanner                   | Sector | XLB: BULLISH
2026-06-24 23:19:53 | INFO     | scanner                   | Sector | XLRE: BULLISH
2026-06-24 23:19:53 | INFO     | scanner                   | Sector | XLC: BEARISH
2026-06-24 23:19:53 | WARNING  | scanner                   | Sector check: XLK not found in indicator results
2026-06-24 23:19:53 | WARNING  | scanner                   | Sector check: XLF not found in indicator results
2026-06-24 23:19:53 | WARNING  | scanner                   | Sector check: XLE not found in indicator results
2026-06-24 23:19:53 | WARNING  | scanner                   | Sector check: XLV not found in indicator results
2026-06-24 23:19:53 | WARNING  | scanner                   | Sector check: XLI not found in indicator results
2026-06-24 23:19:53 | WARNING  | scanner                   | Sector check: XLY not found in indicator results
2026-06-24 23:19:53 | WARNING  | scanner                   | Sector check: XLP not found in indicator results
2026-06-24 23:19:53 | WARNING  | scanner                   | Sector check: XLU not found in indicator results
2026-06-24 23:19:53 | WARNING  | scanner                   | Sector check: XLB not found in indicator results
2026-06-24 23:19:53 | WARNING  | scanner                   | Sector check: XLRE not found in indicator results
2026-06-24 23:19:53 | WARNING  | scanner                   | Sector check: XLC not found in indicator results
2026-06-24 23:19:53 | INFO     | scanner                   | Sector | XLK: BEARISH
2026-06-24 23:19:53 | INFO     | scanner                   | Sector | XLF: BULLISH
2026-06-24 23:19:53 | INFO     | scanner                   | Sector | XLE: BEARISH
2026-06-24 23:19:53 | INFO     | scanner                   | Sector | XLV: BULLISH
2026-06-24 23:19:53 | INFO     | scanner                   | Sector | XLI: BULLISH
2026-06-24 23:19:53 | INFO     | scanner                   | Sector | XLY: BEARISH
2026-06-24 23:19:53 | INFO     | scanner                   | Sector | XLP: BULLISH
2026-06-24 23:19:53 | INFO     | scanner                   | Sector | XLU: BULLISH
2026-06-24 23:19:53 | INFO     | scanner                   | Sector | XLB: BULLISH
2026-06-24 23:19:53 | INFO     | scanner                   | Sector | XLRE: BULLISH
2026-06-24 23:19:53 | INFO     | scanner                   | Sector | XLC: BEARISH
2026-06-24 23:19:53 | WARNING  | scanner                   | Sector check: XLK not found in indicator results
2026-06-24 23:19:53 | WARNING  | scanner                   | Sector check: XLF not found in indicator results
2026-06-24 23:19:53 | WARNING  | scanner                   | Sector check: XLE not found in indicator results
2026-06-24 23:19:53 | WARNING  | scanner                   | Sector check: XLV not found in indicator results
2026-06-24 23:19:53 | WARNING  | scanner                   | Sector check: XLI not found in indicator results
2026-06-24 23:19:53 | WARNING  | scanner                   | Sector check: XLY not found in indicator results
2026-06-24 23:19:53 | WARNING  | scanner                   | Sector check: XLP not found in indicator results
2026-06-24 23:19:53 | WARNING  | scanner                   | Sector check: XLU not found in indicator results
2026-06-24 23:19:53 | WARNING  | scanner                   | Sector check: XLB not found in indicator results
2026-06-24 23:19:53 | WARNING  | scanner                   | Sector check: XLRE not found in indicator results
2026-06-24 23:19:53 | WARNING  | scanner                   | Sector check: XLC not found in indicator results
2026-06-24 23:19:53 | INFO     | scanner                   | Sector | XLK: BEARISH
2026-06-24 23:19:53 | INFO     | scanner                   | Sector | XLF: BULLISH
2026-06-24 23:19:53 | INFO     | scanner                   | Sector | XLE: BEARISH
2026-06-24 23:19:53 | INFO     | scanner                   | Sector | XLV: BULLISH
2026-06-24 23:19:53 | INFO     | scanner                   | Sector | XLI: BULLISH
2026-06-24 23:19:53 | INFO     | scanner                   | Sector | XLY: BEARISH
2026-06-24 23:19:53 | INFO     | scanner                   | Sector | XLP: BULLISH
2026-06-24 23:19:53 | INFO     | scanner                   | Sector | XLU: BULLISH
2026-06-24 23:19:53 | INFO     | scanner                   | Sector | XLB: BULLISH
2026-06-24 23:19:53 | INFO     | scanner                   | Sector | XLRE: BULLISH
2026-06-24 23:19:53 | INFO     | scanner                   | Sector | XLC: BEARISH
2026-06-24 23:19:53 | WARNING  | scanner                   | Sector check: XLK not found in indicator results
2026-06-24 23:19:53 | WARNING  | scanner                   | Sector check: XLF not found in indicator results
2026-06-24 23:19:53 | WARNING  | scanner                   | Sector check: XLE not found in indicator results
2026-06-24 23:19:53 | WARNING  | scanner                   | Sector check: XLV not found in indicator results
2026-06-24 23:19:53 | WARNING  | scanner                   | Sector check: XLI not found in indicator results
2026-06-24 23:19:53 | WARNING  | scanner                   | Sector check: XLY not found in indicator results
2026-06-24 23:19:53 | WARNING  | scanner                   | Sector check: XLP not found in indicator results
2026-06-24 23:19:53 | WARNING  | scanner                   | Sector check: XLU not found in indicator results
2026-06-24 23:19:53 | WARNING  | scanner                   | Sector check: XLB not found in indicator results
2026-06-24 23:19:53 | WARNING  | scanner                   | Sector check: XLRE not found in indicator results
2026-06-24 23:19:53 | WARNING  | scanner                   | Sector check: XLC not found in indicator results
2026-06-24 23:19:53 | INFO     | scanner                   | Sector | XLK: BEARISH
2026-06-24 23:19:53 | INFO     | scanner                   | Sector | XLF: BULLISH
2026-06-24 23:19:53 | INFO     | scanner                   | Sector | XLE: BEARISH
2026-06-24 23:19:53 | INFO     | scanner                   | Sector | XLV: BULLISH
2026-06-24 23:19:53 | INFO     | scanner                   | Sector | XLI: BULLISH
2026-06-24 23:19:53 | INFO     | scanner                   | Sector | XLY: BEARISH
2026-06-24 23:19:53 | INFO     | scanner                   | Sector | XLP: BULLISH
2026-06-24 23:19:53 | INFO     | scanner                   | Sector | XLU: BULLISH
2026-06-24 23:19:53 | INFO     | scanner                   | Sector | XLB: BULLISH
2026-06-24 23:19:53 | INFO     | scanner                   | Sector | XLRE: BULLISH
2026-06-24 23:19:53 | INFO     | scanner                   | Sector | XLC: BEARISH
2026-06-24 23:19:53 | WARNING  | scanner                   | Sector check: XLK not found in indicator results
2026-06-24 23:19:53 | WARNING  | scanner                   | Sector check: XLF not found in indicator results
2026-06-24 23:19:53 | WARNING  | scanner                   | Sector check: XLE not found in indicator results
2026-06-24 23:19:53 | WARNING  | scanner                   | Sector check: XLV not found in indicator results
2026-06-24 23:19:53 | WARNING  | scanner                   | Sector check: XLI not found in indicator results
2026-06-24 23:19:53 | WARNING  | scanner                   | Sector check: XLY not found in indicator results
2026-06-24 23:19:53 | WARNING  | scanner                   | Sector check: XLP not found in indicator results
2026-06-24 23:19:53 | WARNING  | scanner                   | Sector check: XLU not found in indicator results
2026-06-24 23:19:53 | WARNING  | scanner                   | Sector check: XLB not found in indicator results
2026-06-24 23:19:53 | WARNING  | scanner                   | Sector check: XLRE not found in indicator results
2026-06-24 23:19:53 | WARNING  | scanner                   | Sector check: XLC not found in indicator results
2026-06-24 23:19:53 | INFO     | scanner                   | Sector | XLK: BEARISH
2026-06-24 23:19:53 | INFO     | scanner                   | Sector | XLF: BULLISH
2026-06-24 23:19:53 | INFO     | scanner                   | Sector | XLE: BEARISH
2026-06-24 23:19:53 | INFO     | scanner                   | Sector | XLV: BULLISH
2026-06-24 23:19:53 | INFO     | scanner                   | Sector | XLI: BULLISH
2026-06-24 23:19:53 | INFO     | scanner                   | Sector | XLY: BEARISH
2026-06-24 23:19:53 | INFO     | scanner                   | Sector | XLP: BULLISH
2026-06-24 23:19:53 | INFO     | scanner                   | Sector | XLU: BULLISH
2026-06-24 23:19:53 | INFO     | scanner                   | Sector | XLB: BULLISH
2026-06-24 23:19:53 | INFO     | scanner                   | Sector | XLRE: BULLISH
2026-06-24 23:19:53 | INFO     | scanner                   | Sector | XLC: BEARISH
2026-06-24 23:19:53 | WARNING  | scanner                   | Sector check: XLK not found in indicator results
2026-06-24 23:19:53 | WARNING  | scanner                   | Sector check: XLF not found in indicator results
2026-06-24 23:19:53 | WARNING  | scanner                   | Sector check: XLE not found in indicator results
2026-06-24 23:19:53 | WARNING  | scanner                   | Sector check: XLV not found in indicator results
2026-06-24 23:19:53 | WARNING  | scanner                   | Sector check: XLI not found in indicator results
2026-06-24 23:19:53 | WARNING  | scanner                   | Sector check: XLY not found in indicator results
2026-06-24 23:19:53 | WARNING  | scanner                   | Sector check: XLP not found in indicator results
2026-06-24 23:19:53 | WARNING  | scanner                   | Sector check: XLU not found in indicator results
2026-06-24 23:19:53 | WARNING  | scanner                   | Sector check: XLB not found in indicator results
2026-06-24 23:19:53 | WARNING  | scanner                   | Sector check: XLRE not found in indicator results
2026-06-24 23:19:53 | WARNING  | scanner                   | Sector check: XLC not found in indicator results
2026-06-24 23:19:53 | INFO     | scanner                   | Sector | XLK: BEARISH
2026-06-24 23:19:53 | INFO     | scanner                   | Sector | XLF: BULLISH
2026-06-24 23:19:53 | INFO     | scanner                   | Sector | XLE: BEARISH
2026-06-24 23:19:53 | INFO     | scanner                   | Sector | XLV: BULLISH
2026-06-24 23:19:53 | INFO     | scanner                   | Sector | XLI: BULLISH
2026-06-24 23:19:53 | INFO     | scanner                   | Sector | XLY: BEARISH
2026-06-24 23:19:53 | INFO     | scanner                   | Sector | XLP: BULLISH
2026-06-24 23:19:53 | INFO     | scanner                   | Sector | XLU: BULLISH
2026-06-24 23:19:53 | INFO     | scanner                   | Sector | XLB: BULLISH
2026-06-24 23:19:53 | INFO     | scanner                   | Sector | XLRE: BULLISH
2026-06-24 23:19:53 | INFO     | scanner                   | Sector | XLC: BEARISH
2026-06-24 23:19:53 | WARNING  | scanner                   | Sector check: XLK not found in indicator results
2026-06-24 23:19:53 | WARNING  | scanner                   | Sector check: XLF not found in indicator results
2026-06-24 23:19:53 | WARNING  | scanner                   | Sector check: XLE not found in indicator results
2026-06-24 23:19:53 | WARNING  | scanner                   | Sector check: XLV not found in indicator results
2026-06-24 23:19:53 | WARNING  | scanner                   | Sector check: XLI not found in indicator results
2026-06-24 23:19:53 | WARNING  | scanner                   | Sector check: XLY not found in indicator results
2026-06-24 23:19:53 | WARNING  | scanner                   | Sector check: XLP not found in indicator results
2026-06-24 23:19:53 | WARNING  | scanner                   | Sector check: XLU not found in indicator results
2026-06-24 23:19:53 | WARNING  | scanner                   | Sector check: XLB not found in indicator results
2026-06-24 23:19:53 | WARNING  | scanner                   | Sector check: XLRE not found in indicator results
2026-06-24 23:19:53 | WARNING  | scanner                   | Sector check: XLC not found in indicator results
2026-06-24 23:19:53 | INFO     | scanner                   | Sector | XLK: BEARISH
2026-06-24 23:19:53 | INFO     | scanner                   | Sector | XLF: BULLISH
2026-06-24 23:19:53 | INFO     | scanner                   | Sector | XLE: BEARISH
2026-06-24 23:19:53 | INFO     | scanner                   | Sector | XLV: BULLISH
2026-06-24 23:19:53 | INFO     | scanner                   | Sector | XLI: BULLISH
2026-06-24 23:19:53 | INFO     | scanner                   | Sector | XLY: BEARISH
2026-06-24 23:19:53 | INFO     | scanner                   | Sector | XLP: BULLISH
2026-06-24 23:19:53 | INFO     | scanner                   | Sector | XLU: BULLISH
2026-06-24 23:19:53 | INFO     | scanner                   | Sector | XLB: BULLISH
2026-06-24 23:19:53 | INFO     | scanner                   | Sector | XLRE: BULLISH
2026-06-24 23:19:53 | INFO     | scanner                   | Sector | XLC: BEARISH
2026-06-24 23:19:53 | WARNING  | scanner                   | Sector check: XLK not found in indicator results
2026-06-24 23:19:53 | WARNING  | scanner                   | Sector check: XLF not found in indicator results
2026-06-24 23:19:53 | WARNING  | scanner                   | Sector check: XLE not found in indicator results
2026-06-24 23:19:53 | WARNING  | scanner                   | Sector check: XLV not found in indicator results
2026-06-24 23:19:53 | WARNING  | scanner                   | Sector check: XLI not found in indicator results
2026-06-24 23:19:53 | WARNING  | scanner                   | Sector check: XLY not found in indicator results
2026-06-24 23:19:53 | WARNING  | scanner                   | Sector check: XLP not found in indicator results
2026-06-24 23:19:53 | WARNING  | scanner                   | Sector check: XLU not found in indicator results
2026-06-24 23:19:53 | WARNING  | scanner                   | Sector check: XLB not found in indicator results
2026-06-24 23:19:53 | WARNING  | scanner                   | Sector check: XLRE not found in indicator results
2026-06-24 23:19:53 | WARNING  | scanner                   | Sector check: XLC not found in indicator results
2026-06-26 18:50:29 | INFO     | scanner                   | Logger initialised → logs\scanner.log
2026-06-26 19:35:04 | INFO     | scanner                   | Logger initialised → logs\scanner.log
2026-06-26 19:35:04 | INFO     | scanner                   | ============================================================
2026-06-26 19:35:04 | INFO     | scanner                   | SCANNER WATERFALL STARTING
2026-06-26 19:35:04 | INFO     | scanner                   | ============================================================
2026-06-26 19:35:04 | INFO     | scanner                   | Sector lookup loaded | Classified: 58 | Unclassified: 474
2026-06-26 19:35:04 | INFO     | scanner                   | Market | SPY: BEARISH | Slope up: False |
2026-06-26 19:35:04 | INFO     | scanner                   | Market | QQQ: BEARISH | Slope up: False |
2026-06-26 19:35:04 | WARNING  | scanner                   | Market check: DIA not found in indicator results
2026-06-26 19:35:04 | INFO     | scanner                   | Overall market bias: MIXED
2026-06-26 19:35:04 | INFO     | scanner                   | Market bias: MIXED | Scan longs: True | Scan shorts: True
2026-06-26 19:35:04 | INFO     | scanner                   | Sector | XLK: BULLISH
2026-06-26 19:35:04 | INFO     | scanner                   | Sector | XLF: BULLISH
2026-06-26 19:35:04 | INFO     | scanner                   | Sector | XLE: BEARISH
2026-06-26 19:35:04 | INFO     | scanner                   | Sector | XLV: BEARISH
2026-06-26 19:35:04 | INFO     | scanner                   | Sector | XLI: BULLISH
2026-06-26 19:35:04 | INFO     | scanner                   | Sector | XLY: BEARISH
2026-06-26 19:35:04 | INFO     | scanner                   | Sector | XLP: BULLISH
2026-06-26 19:35:04 | INFO     | scanner                   | Sector | XLU: BULLISH
2026-06-26 19:35:04 | INFO     | scanner                   | Sector | XLB: BULLISH
2026-06-26 19:35:04 | INFO     | scanner                   | Sector | XLRE: BEARISH
2026-06-26 19:35:04 | INFO     | scanner                   | Sector | XLC: BEARISH
2026-06-26 19:35:04 | INFO     | scanner                   | Scanning 468 stocks...
2026-06-26 19:35:04 | INFO     | scanner                   | Scanner complete | Long: 0 | Short: 0
2026-06-26 19:35:04 | WARNING  | scanner                   | Scanner: No candidates found today
2026-06-26 19:41:59 | INFO     | scanner                   | Logger initialised → logs\scanner.log
2026-06-26 19:48:35 | INFO     | scanner                   | Logger initialised → logs\scanner.log
